emp_id,name,department,country,age,salary,join_date,status,email
E10000,Employee_0,Marketing,India,24,112702.89,2024-01-17,On Leave,emp10000@company.com
E10001,Employee_1,Engineering,UK,36,96555.28,2018-11-21,Active,emp10001@company.com
E10002,Employee_2,Engineering,Canada,24,41754.49,2019-07-05,Inactive,emp10002@company.com
E10003,Employee_3,Finance,Germany,32,117824.64,2020-02-18,Inactive,emp10003@company.com
E10004,Employee_4,Finance,USA,52,97000.88,2022-10-15,On Leave,emp10004@company.com
E10005,Employee_5,Sales,India,36,78536.12,2020-12-15,,emp10005@company.com
E10006,Employee_6,Engineering,USA,31,57037.76,2021-01-22,,emp10006@company.com
E10007,Employee_7,Finance,Canada,41,85775.87,2024-08-03,,emp10007@company.com
E10008,Employee_8,Marketing,UK,25,136716.34,2019-12-13,,emp10008@company.com
E10009,Employee_9,Marketing,USA,43,51978.89,2018-05-05,Active,emp10009@company.com
E10010,Employee_10,HR,UK,52,100132.17,2017-07-28,On Leave,emp10010@company.com
E10011,Employee_11,Support,UK,45,56883.53,2017-04-22,Inactive,emp10011@company.com
E10012,Employee_12,HR,Canada,39,,2023-06-20,,emp10012@company.com
E10013,Employee_13,Sales,Australia,60,142268.79,2023-07-13,,emp10013@company.com
E10014,Employee_14,Engineering,UK,24,177776.8,2017-02-11,,emp10014@company.com
E10015,Employee_15,Engineering,USA,55,87723.44,2016-04-20,Active,emp10015@company.com
E10016,Employee_16,Support,Germany,59,52812.12,2022-08-16,,emp10016@company.com
E10017,Employee_17,Sales,USA,37,135348.23,2018-09-12,Active,emp10017@company.com
E10018,Employee_18,Finance,USA,40,160182.13,2023-06-06,On Leave,emp10018@company.com
E10019,Employee_19,Sales,Canada,53,67341.04,2018-07-24,Inactive,emp10019@company.com
E10020,Employee_20,Sales,Canada,22,149566.55,2019-04-23,,emp10020@company.com
E10021,Employee_21,Marketing,UK,43,87872.2,2016-04-16,Inactive,emp10021@company.com
E10022,Employee_22,Sales,UK,60,104523.65,2016-11-04,On Leave,emp10022@company.com
E10023,Employee_23,Support,India,32,127197.12,2021-08-13,Active,emp10023@company.com
E10024,Employee_24,Engineering,Australia,29,,2017-10-27,,emp10024@company.com
E10025,Employee_25,HR,Australia,30,53992.66,2016-09-24,Active,emp10025@company.com
E10026,Employee_26,HR,India,34,,2019-09-08,Inactive,emp10026@company.com
E10027,Employee_27,Marketing,Germany,29,142288.7,2024-09-14,,emp10027@company.com
E10028,Employee_28,Finance,India,54,161556.81,2024-01-25,Inactive,emp10028@company.com
E10029,Employee_29,Sales,India,28,82267.41,2016-09-02,,emp10029@company.com
E10030,Employee_30,Marketing,USA,53,39040.53,2022-06-20,Active,emp10030@company.com
E10031,Employee_31,Finance,Canada,38,112326.39,2023-04-23,,emp10031@company.com
E10032,Employee_32,Marketing,Canada,33,54884.49,2021-08-11,Active,emp10032@company.com
E10033,Employee_33,Sales,UK,40,165068.83,2020-03-09,Inactive,emp10033@company.com
E10034,Employee_34,HR,India,27,105652.81,2017-12-14,Inactive,emp10034@company.com
E10035,Employee_35,HR,Germany,43,139711.87,2020-09-15,Active,emp10035@company.com
E10036,Employee_36,Engineering,UK,60,174312.33,2018-02-03,Active,emp10036@company.com
E10037,Employee_37,Engineering,India,29,158190.23,2021-03-18,On Leave,emp10037@company.com
E10038,Employee_38,Finance,UK,26,150940.2,2021-02-09,Inactive,emp10038@company.com
E10039,Employee_39,Support,USA,26,67249.16,2016-08-01,On Leave,emp10039@company.com
E10040,Employee_40,Finance,UK,38,41264.83,2016-03-09,Inactive,emp10040@company.com
E10041,Employee_41,Sales,Germany,54,77044.32,2019-06-26,Inactive,
E10042,Employee_42,Marketing,USA,,70623.53,2016-11-27,,emp10042@company.com
E10043,Employee_43,Support,UK,46,79628.54,2018-06-07,Inactive,emp10043@company.com
E10044,Employee_44,Support,Australia,46,177372.88,2015-02-21,Inactive,emp10044@company.com
E10045,Employee_45,Marketing,UK,26,90227.86,2024-04-23,On Leave,emp10045@company.com
E10046,Employee_46,HR,India,49,,2020-09-11,On Leave,emp10046@company.com
E10047,Employee_47,Marketing,India,21,47164.13,2023-11-07,On Leave,emp10047@company.com
E10048,Employee_48,Engineering,USA,26,120086.11,2015-05-10,,emp10048@company.com
E10049,Employee_49,Engineering,Canada,30,138819.05,2020-12-16,,emp10049@company.com
E10050,Employee_50,Support,Canada,23,138676.59,2023-03-17,,emp10050@company.com
E10051,Employee_51,Finance,USA,58,138121.99,2016-01-02,Inactive,emp10051@company.com
E10052,Employee_52,Marketing,USA,49,126026.23,2022-05-01,Inactive,emp10052@company.com
E10053,Employee_53,Engineering,Australia,55,111268.57,2019-02-28,,emp10053@company.com
E10054,Employee_54,Support,India,50,90471.27,2019-01-20,,emp10054@company.com
E10055,Employee_55,Sales,USA,42,142766.5,2024-10-05,On Leave,
E10056,Employee_56,Engineering,UK,27,132977.61,2023-05-15,On Leave,emp10056@company.com
E10057,Employee_57,Engineering,Canada,26,37538.15,2016-09-15,,emp10057@company.com
E10058,Employee_58,HR,India,34,48093.95,2020-03-20,On Leave,emp10058@company.com
E10059,Employee_59,Finance,Germany,44,165167.33,2021-01-06,,
E10060,Employee_60,HR,Australia,40,95346.27,2020-02-27,,emp10060@company.com
E10061,Employee_61,Marketing,Germany,28,63382.46,2019-05-12,Active,emp10061@company.com
E10062,Employee_62,HR,Canada,48,158867.01,2016-01-27,On Leave,emp10062@company.com
E10063,Employee_63,Support,India,38,80762.2,2021-01-26,On Leave,emp10063@company.com
E10064,Employee_64,HR,Canada,26,,2022-10-25,,emp10064@company.com
E10065,Employee_65,Marketing,UK,56,103466.69,2019-05-09,On Leave,emp10065@company.com
E10066,Employee_66,Support,Germany,36,115811.65,2016-03-21,,emp10066@company.com
E10067,Employee_67,Sales,Canada,52,100682.98,2022-07-05,On Leave,emp10067@company.com
E10068,Employee_68,Sales,USA,56,69673.35,2024-04-01,On Leave,emp10068@company.com
E10069,Employee_69,HR,UK,54,74184.78,2022-05-19,Active,emp10069@company.com
E10070,Employee_70,Sales,Australia,34,165034.57,2021-11-15,,emp10070@company.com
E10071,Employee_71,Marketing,USA,48,164876.0,2024-08-01,,emp10071@company.com
E10072,Employee_72,Finance,UK,36,67451.06,2023-11-04,Inactive,emp10072@company.com
E10073,Employee_73,Support,Australia,50,147644.93,2017-04-19,Active,emp10073@company.com
E10074,Employee_74,Support,Australia,29,111596.71,2016-02-03,,emp10074@company.com
E10075,Employee_75,Finance,India,35,35167.04,2022-05-11,On Leave,emp10075@company.com
E10076,Employee_76,Sales,UK,56,174289.06,2015-01-07,On Leave,emp10076@company.com
E10077,Employee_77,Support,Australia,37,96526.75,2018-08-02,On Leave,emp10077@company.com
E10078,Employee_78,Support,UK,46,150574.31,2018-08-07,Active,emp10078@company.com
E10079,Employee_79,Sales,India,37,77765.26,2024-03-08,,emp10079@company.com
E10080,Employee_80,Support,USA,30,42881.97,2024-03-14,Active,emp10080@company.com
E10081,Employee_81,Engineering,India,41,179641.82,2020-04-06,Inactive,emp10081@company.com
E10082,Employee_82,Finance,Australia,40,89899.82,2020-08-06,On Leave,emp10082@company.com
E10083,Employee_83,Engineering,Germany,47,52937.7,2021-06-25,Inactive,emp10083@company.com
E10084,Employee_84,HR,USA,51,113521.71,2018-06-12,,emp10084@company.com
E10085,Employee_85,HR,USA,36,146166.86,2021-01-15,Active,emp10085@company.com
E10086,Employee_86,Engineering,Germany,25,84165.08,2020-10-02,On Leave,emp10086@company.com
E10087,Employee_87,Support,Australia,38,139627.95,2015-04-04,Active,emp10087@company.com
E10088,Employee_88,HR,UK,48,54242.55,2017-01-26,,emp10088@company.com
E10089,Employee_89,Marketing,Australia,59,159880.14,2020-10-03,,emp10089@company.com
E10090,Employee_90,HR,India,25,104845.04,2017-07-04,On Leave,emp10090@company.com
E10091,Employee_91,Marketing,Canada,27,178322.66,2017-04-05,,emp10091@company.com
E10092,Employee_92,Finance,Australia,55,131341.66,2019-05-09,Active,emp10092@company.com
E10093,Employee_93,Marketing,Germany,33,61931.78,2017-05-19,Inactive,emp10093@company.com
E10094,Employee_94,Engineering,UK,36,68550.24,2022-01-04,Active,
E10095,Employee_95,Sales,UK,23,68769.44,2018-10-27,Active,emp10095@company.com
E10096,Employee_96,Engineering,Germany,32,72692.49,2016-11-20,Active,emp10096@company.com
E10097,Employee_97,Marketing,India,42,64576.58,2015-10-24,On Leave,emp10097@company.com
E10098,Employee_98,Sales,USA,47,61846.04,2016-04-02,On Leave,emp10098@company.com
E10099,Employee_99,Finance,UK,27,131283.83,2023-02-21,Inactive,emp10099@company.com
E10100,Employee_100,Support,Germany,39,95587.58,2019-12-19,Active,emp10100@company.com
E10101,Employee_101,HR,UK,,91656.01,2018-01-14,,emp10101@company.com
E10102,Employee_102,HR,USA,46,87885.43,2017-01-02,Inactive,emp10102@company.com
E10103,Employee_103,Support,UK,60,141901.1,2017-06-10,Inactive,emp10103@company.com
E10104,Employee_104,Sales,USA,52,149860.99,2019-03-27,Inactive,emp10104@company.com
E10105,Employee_105,HR,Germany,45,138284.99,2018-10-13,Inactive,emp10105@company.com
E10106,Employee_106,Sales,UK,34,,2021-06-04,Inactive,emp10106@company.com
E10107,Employee_107,Support,India,56,132476.75,2016-07-20,On Leave,emp10107@company.com
E10108,Employee_108,Support,Germany,40,96732.28,2022-09-15,On Leave,emp10108@company.com
E10109,Employee_109,Engineering,Canada,50,145716.95,2017-08-13,,emp10109@company.com
E10110,Employee_110,Sales,Germany,26,108129.6,2015-11-05,Active,emp10110@company.com
E10111,Employee_111,Support,Germany,53,144048.54,2017-01-28,,emp10111@company.com
E10112,Employee_112,Finance,Australia,28,177350.57,2019-03-22,,emp10112@company.com
E10113,Employee_113,Sales,USA,60,58021.28,2022-03-09,On Leave,emp10113@company.com
E10114,Employee_114,HR,India,60,81266.24,2018-03-13,Active,emp10114@company.com
E10115,Employee_115,Marketing,Australia,45,148806.05,2023-01-21,Active,emp10115@company.com
E10116,Employee_116,HR,Canada,27,112676.68,2020-05-13,,emp10116@company.com
E10117,Employee_117,Finance,India,26,60629.63,2019-09-09,Active,emp10117@company.com
E10118,Employee_118,Finance,Australia,21,67137.44,2024-11-14,On Leave,emp10118@company.com
E10119,Employee_119,Marketing,USA,35,41609.64,2015-10-12,Active,emp10119@company.com
E10120,Employee_120,Finance,Germany,47,120418.28,2020-10-27,Inactive,emp10120@company.com
E10121,Employee_121,Sales,USA,36,100373.7,2017-11-26,Active,emp10121@company.com
E10122,Employee_122,Marketing,USA,56,121235.02,2024-09-24,,emp10122@company.com
E10123,Employee_123,Sales,USA,55,,2018-03-02,Inactive,emp10123@company.com
E10124,Employee_124,Engineering,USA,33,63930.15,2024-03-17,,emp10124@company.com
E10125,Employee_125,Marketing,Australia,51,35920.66,2022-02-24,,emp10125@company.com
E10126,Employee_126,Sales,India,37,40628.55,2019-12-02,On Leave,emp10126@company.com
E10127,Employee_127,Finance,Australia,54,77864.46,2016-09-01,Inactive,emp10127@company.com
E10128,Employee_128,Sales,Australia,31,82396.35,2020-10-08,,emp10128@company.com
E10129,Employee_129,Support,Australia,55,156758.13,2015-07-24,Active,emp10129@company.com
E10130,Employee_130,Marketing,India,58,167064.51,2015-01-04,Inactive,emp10130@company.com
E10131,Employee_131,Sales,Germany,22,,2015-12-03,Inactive,emp10131@company.com
E10132,Employee_132,Engineering,Canada,33,153836.68,2021-02-08,Active,emp10132@company.com
E10133,Employee_133,Engineering,USA,26,126572.79,2022-02-05,On Leave,emp10133@company.com
E10134,Employee_134,Support,India,42,38033.18,2019-01-23,On Leave,emp10134@company.com
E10135,Employee_135,Marketing,Canada,39,39492.3,2015-07-17,,emp10135@company.com
E10136,Employee_136,Marketing,UK,55,138586.56,2024-05-06,Active,emp10136@company.com
E10137,Employee_137,Finance,India,24,,2016-08-23,,emp10137@company.com
E10138,Employee_138,Sales,UK,53,171861.13,2018-12-08,On Leave,emp10138@company.com
E10139,Employee_139,Engineering,Australia,52,136087.96,2020-06-04,Active,emp10139@company.com
E10140,Employee_140,HR,Australia,22,78955.45,2023-09-06,,emp10140@company.com
E10141,Employee_141,Support,India,29,144398.97,2020-10-11,Active,emp10141@company.com
E10142,Employee_142,HR,Australia,41,98625.71,2024-04-05,On Leave,emp10142@company.com
E10143,Employee_143,Support,Australia,33,144436.57,2017-04-24,Inactive,emp10143@company.com
E10144,Employee_144,Finance,Germany,41,72509.78,2017-11-04,Active,emp10144@company.com
E10145,Employee_145,Sales,India,40,63447.69,2019-04-13,Active,emp10145@company.com
E10146,Employee_146,Engineering,UK,48,107570.55,2022-01-05,On Leave,emp10146@company.com
E10147,Employee_147,Support,UK,,97354.11,2018-11-24,,emp10147@company.com
E10148,Employee_148,Support,Australia,35,128023.13,2021-06-09,,emp10148@company.com
E10149,Employee_149,Engineering,UK,46,126294.13,2021-08-15,On Leave,
E10150,Employee_150,HR,Canada,32,82567.77,2021-08-04,Active,
E10151,Employee_151,Finance,India,33,49657.61,2023-04-23,,emp10151@company.com
E10152,Employee_152,Engineering,Australia,44,94500.55,2018-11-06,,emp10152@company.com
E10153,Employee_153,Engineering,Australia,43,71606.37,2021-01-01,,emp10153@company.com
E10154,Employee_154,HR,Australia,43,50842.48,2021-09-08,On Leave,emp10154@company.com
E10155,Employee_155,HR,UK,29,44989.77,2022-11-18,Inactive,emp10155@company.com
E10156,Employee_156,Sales,Germany,47,77679.64,2022-06-26,Inactive,emp10156@company.com
E10157,Employee_157,Marketing,Australia,37,133428.7,2015-12-26,,emp10157@company.com
E10158,Employee_158,Sales,Australia,51,125387.77,2020-03-10,Active,emp10158@company.com
E10159,Employee_159,Engineering,USA,41,55358.25,2024-01-22,On Leave,
E10160,Employee_160,Engineering,Australia,59,55696.22,2017-08-12,Inactive,emp10160@company.com
E10161,Employee_161,Sales,UK,31,134763.78,2023-11-27,Active,emp10161@company.com
E10162,Employee_162,HR,Australia,26,98594.99,2023-02-09,Active,emp10162@company.com
E10163,Employee_163,Sales,UK,24,166292.18,2018-08-06,,emp10163@company.com
E10164,Employee_164,Support,USA,41,116572.5,2022-06-14,On Leave,emp10164@company.com
E10165,Employee_165,Support,USA,44,39136.78,2020-02-17,Active,emp10165@company.com
E10166,Employee_166,Sales,USA,47,84097.95,2020-08-25,On Leave,emp10166@company.com
E10167,Employee_167,Sales,Germany,48,42644.44,2019-06-27,On Leave,emp10167@company.com
E10168,Employee_168,Marketing,Canada,53,64512.07,2016-06-07,,emp10168@company.com
E10169,Employee_169,Marketing,India,26,40807.41,2023-10-02,,emp10169@company.com
E10170,Employee_170,Engineering,USA,51,130412.2,2024-03-21,,emp10170@company.com
E10171,Employee_171,Support,Canada,26,131715.32,2017-02-22,,emp10171@company.com
E10172,Employee_172,Engineering,UK,21,154278.55,2023-12-09,On Leave,emp10172@company.com
E10173,Employee_173,Sales,UK,22,128055.9,2022-10-17,Active,
E10174,Employee_174,Engineering,UK,46,37048.92,2024-10-22,,emp10174@company.com
E10175,Employee_175,HR,UK,26,65780.15,2015-07-01,Inactive,
E10176,Employee_176,Support,USA,26,52595.38,2015-05-24,,emp10176@company.com
E10177,Employee_177,HR,Australia,24,143350.06,2016-05-21,Inactive,emp10177@company.com
E10178,Employee_178,HR,UK,37,42635.83,2015-01-01,Active,emp10178@company.com
E10179,Employee_179,Support,Canada,40,122017.3,2024-01-11,,emp10179@company.com
E10180,Employee_180,Finance,Australia,31,150617.31,2017-11-26,On Leave,emp10180@company.com
E10181,Employee_181,HR,UK,57,75586.53,2024-12-01,On Leave,emp10181@company.com
E10182,Employee_182,Finance,Germany,36,134299.18,2022-05-23,Inactive,
E10183,Employee_183,Marketing,Germany,58,145681.99,2019-03-26,Active,emp10183@company.com
E10184,Employee_184,Finance,India,56,167493.65,2023-02-18,On Leave,emp10184@company.com
E10185,Employee_185,HR,India,35,43346.3,2022-12-07,,emp10185@company.com
E10186,Employee_186,Finance,USA,50,112742.03,2016-04-13,On Leave,emp10186@company.com
E10187,Employee_187,Marketing,Canada,53,62426.96,2016-03-26,Inactive,emp10187@company.com
E10188,Employee_188,Marketing,Canada,46,159257.85,2015-08-12,Inactive,emp10188@company.com
E10189,Employee_189,Marketing,Australia,26,121595.8,2019-09-20,On Leave,
E10190,Employee_190,Engineering,India,57,117241.67,2019-07-04,On Leave,emp10190@company.com
E10191,Employee_191,Finance,Canada,37,84132.26,2021-02-01,Inactive,emp10191@company.com
E10192,Employee_192,Finance,Germany,50,157612.81,2024-11-13,Active,emp10192@company.com
E10193,Employee_193,Support,USA,57,48018.57,2017-08-28,,emp10193@company.com
E10194,Employee_194,Sales,Australia,23,171469.27,2023-01-27,Active,emp10194@company.com
E10195,Employee_195,Marketing,Canada,51,55995.65,2018-11-24,Active,emp10195@company.com
E10196,Employee_196,Finance,UK,27,88894.76,2016-06-16,,emp10196@company.com
E10197,Employee_197,HR,India,21,167325.09,2017-04-03,Active,emp10197@company.com
E10198,Employee_198,Marketing,Australia,49,169261.28,2015-11-03,,emp10198@company.com
E10199,Employee_199,Marketing,Germany,51,88074.65,2018-12-02,On Leave,emp10199@company.com
E10200,Employee_200,HR,Canada,49,73627.53,2018-03-01,,emp10200@company.com
E10201,Employee_201,Marketing,Germany,37,81119.69,2016-03-17,,emp10201@company.com
E10202,Employee_202,Support,India,39,144453.37,2021-05-08,On Leave,emp10202@company.com
E10203,Employee_203,Engineering,UK,31,140338.57,2017-11-01,On Leave,emp10203@company.com
E10204,Employee_204,Finance,Germany,49,,2017-06-14,On Leave,emp10204@company.com
E10205,Employee_205,HR,India,32,61118.83,2017-04-20,Inactive,emp10205@company.com
E10206,Employee_206,Engineering,Canada,38,54870.92,2024-05-07,Inactive,
E10207,Employee_207,Support,Australia,24,85408.0,2022-02-01,On Leave,emp10207@company.com
E10208,Employee_208,HR,India,38,116653.5,2015-03-23,On Leave,emp10208@company.com
E10209,Employee_209,Finance,USA,49,45344.56,2018-06-25,On Leave,emp10209@company.com
E10210,Employee_210,HR,Canada,24,50614.84,2022-09-01,,emp10210@company.com
E10211,Employee_211,Finance,India,,61447.11,2019-05-18,Active,emp10211@company.com
E10212,Employee_212,Engineering,USA,33,156413.12,2023-04-23,,emp10212@company.com
E10213,Employee_213,Marketing,USA,23,102402.58,2016-02-04,On Leave,emp10213@company.com
E10214,Employee_214,Sales,Canada,35,118062.01,2017-01-21,,emp10214@company.com
E10215,Employee_215,HR,Canada,54,,2020-06-13,Active,emp10215@company.com
E10216,Employee_216,Marketing,Australia,57,167351.77,2023-01-11,,emp10216@company.com
E10217,Employee_217,Support,Germany,48,36675.4,2023-03-03,Active,emp10217@company.com
E10218,Employee_218,Sales,Canada,35,175605.95,2015-01-02,,emp10218@company.com
E10219,Employee_219,Finance,Germany,60,113626.89,2024-02-09,Active,emp10219@company.com
E10220,Employee_220,Engineering,UK,23,79284.7,2016-01-20,Inactive,emp10220@company.com
E10221,Employee_221,Finance,Germany,58,56519.06,2023-03-10,Active,emp10221@company.com
E10222,Employee_222,Finance,Germany,26,76639.28,2024-12-19,,emp10222@company.com
E10223,Employee_223,HR,India,44,114464.31,2022-05-01,,emp10223@company.com
E10224,Employee_224,Sales,India,45,92485.88,2017-04-11,On Leave,emp10224@company.com
E10225,Employee_225,HR,Germany,34,146958.65,2023-02-20,Inactive,emp10225@company.com
E10226,Employee_226,HR,Australia,45,86346.43,2023-04-22,Active,emp10226@company.com
E10227,Employee_227,Sales,UK,43,64361.42,2023-02-24,On Leave,emp10227@company.com
E10228,Employee_228,HR,Germany,29,49986.7,2023-10-04,,emp10228@company.com
E10229,Employee_229,Finance,India,38,123063.39,2022-12-15,,emp10229@company.com
E10230,Employee_230,Marketing,Germany,54,90752.63,2015-12-28,On Leave,emp10230@company.com
E10231,Employee_231,HR,UK,55,56023.64,2024-04-03,,emp10231@company.com
E10232,Employee_232,Marketing,Germany,59,174020.67,2021-01-01,Inactive,emp10232@company.com
E10233,Employee_233,Finance,UK,55,113082.44,2023-09-24,,emp10233@company.com
E10234,Employee_234,HR,UK,59,100694.43,2016-09-08,Active,emp10234@company.com
E10235,Employee_235,Marketing,Canada,56,57361.96,2021-08-13,Inactive,emp10235@company.com
E10236,Employee_236,Finance,Canada,54,48375.2,2020-06-03,On Leave,emp10236@company.com
E10237,Employee_237,Finance,India,39,153980.42,2017-09-10,,emp10237@company.com
E10238,Employee_238,Sales,Canada,47,126364.24,2020-10-21,Active,emp10238@company.com
E10239,Employee_239,Engineering,Australia,21,135151.19,2019-07-27,Active,emp10239@company.com
E10240,Employee_240,Engineering,Australia,,115221.21,2023-09-05,On Leave,emp10240@company.com
E10241,Employee_241,HR,Canada,31,108875.77,2016-02-06,Active,emp10241@company.com
E10242,Employee_242,HR,UK,24,134261.87,2017-12-08,On Leave,emp10242@company.com
E10243,Employee_243,Sales,USA,27,172416.55,2020-04-15,Active,emp10243@company.com
E10244,Employee_244,Engineering,USA,46,174143.86,2015-10-08,,emp10244@company.com
E10245,Employee_245,Engineering,India,32,165335.83,2019-07-20,,emp10245@company.com
E10246,Employee_246,HR,USA,45,119798.93,2019-07-23,,emp10246@company.com
E10247,Employee_247,Sales,USA,43,36106.59,2021-09-12,On Leave,emp10247@company.com
E10248,Employee_248,Finance,UK,25,96230.17,2023-04-13,On Leave,emp10248@company.com
E10249,Employee_249,Marketing,Germany,23,38666.21,2018-12-05,Inactive,emp10249@company.com
E10250,Employee_250,Marketing,Canada,29,102722.66,2017-06-12,Inactive,emp10250@company.com
E10251,Employee_251,HR,UK,58,172886.16,2018-08-22,Inactive,emp10251@company.com
E10252,Employee_252,Support,Germany,49,88359.38,2021-10-17,Inactive,emp10252@company.com
E10253,Employee_253,Engineering,Australia,55,141711.06,2015-11-23,,emp10253@company.com
E10254,Employee_254,Marketing,USA,26,147539.99,2020-04-22,Inactive,emp10254@company.com
E10255,Employee_255,Engineering,Canada,53,62959.53,2016-04-10,On Leave,emp10255@company.com
E10256,Employee_256,Support,UK,46,102347.34,2019-03-01,Inactive,emp10256@company.com
E10257,Employee_257,Support,Australia,47,,2018-07-12,,emp10257@company.com
E10258,Employee_258,Engineering,India,38,141437.74,2021-01-20,Active,emp10258@company.com
E10259,Employee_259,Sales,Germany,23,126271.06,2024-04-19,Inactive,emp10259@company.com
E10260,Employee_260,Finance,Germany,57,35140.9,2015-10-20,On Leave,emp10260@company.com
E10261,Employee_261,Sales,Australia,41,167599.8,2021-12-24,Active,emp10261@company.com
E10262,Employee_262,Support,Canada,38,85610.3,2022-06-23,,emp10262@company.com
E10263,Employee_263,Support,Australia,53,136247.0,2023-03-16,,emp10263@company.com
E10264,Employee_264,Engineering,Australia,56,114228.51,2023-05-08,Inactive,emp10264@company.com
E10265,Employee_265,Sales,Germany,26,80030.15,2022-11-16,Inactive,emp10265@company.com
E10266,Employee_266,Sales,USA,49,127931.89,2017-12-05,On Leave,emp10266@company.com
E10267,Employee_267,Sales,Germany,28,145274.97,2017-10-15,Inactive,emp10267@company.com
E10268,Employee_268,HR,India,39,,2018-01-02,,emp10268@company.com
E10269,Employee_269,Marketing,India,40,51383.31,2022-08-19,On Leave,emp10269@company.com
E10270,Employee_270,Sales,Canada,21,177074.59,2016-12-23,,emp10270@company.com
E10271,Employee_271,Support,Canada,52,105809.78,2015-06-03,On Leave,emp10271@company.com
E10272,Employee_272,Support,Canada,37,46331.0,2015-07-27,Active,emp10272@company.com
E10273,Employee_273,Marketing,India,54,169372.14,2016-12-27,Inactive,emp10273@company.com
E10274,Employee_274,Finance,Germany,43,88436.23,2019-04-02,On Leave,emp10274@company.com
E10275,Employee_275,Finance,Australia,46,172015.37,2021-08-24,,emp10275@company.com
E10276,Employee_276,Marketing,Canada,26,67987.39,2022-11-13,Inactive,emp10276@company.com
E10277,Employee_277,Engineering,UK,34,35406.34,2017-05-03,,emp10277@company.com
E10278,Employee_278,Finance,Australia,42,36275.7,2017-07-10,Inactive,
E10279,Employee_279,Finance,Australia,33,113694.64,2021-09-21,,emp10279@company.com
E10280,Employee_280,HR,Canada,24,83073.56,2024-10-14,On Leave,emp10280@company.com
E10281,Employee_281,HR,Australia,40,111908.59,2018-04-22,Active,emp10281@company.com
E10282,Employee_282,Support,USA,58,119211.39,2020-09-08,,emp10282@company.com
E10283,Employee_283,HR,Germany,32,64408.95,2018-05-21,Active,emp10283@company.com
E10284,Employee_284,Finance,Australia,52,101432.47,2023-10-19,Active,emp10284@company.com
E10285,Employee_285,HR,Australia,49,107953.94,2023-02-15,Active,emp10285@company.com
E10286,Employee_286,HR,Canada,33,147372.1,2020-10-02,Inactive,emp10286@company.com
E10287,Employee_287,Engineering,Germany,59,101657.33,2017-07-03,Active,emp10287@company.com
E10288,Employee_288,Sales,Canada,43,143087.95,2015-05-04,On Leave,emp10288@company.com
E10289,Employee_289,Finance,Australia,43,41308.05,2016-06-18,On Leave,emp10289@company.com
E10290,Employee_290,Finance,USA,36,63006.46,2015-10-15,,emp10290@company.com
E10291,Employee_291,Engineering,UK,37,115365.7,2021-03-19,On Leave,emp10291@company.com
E10292,Employee_292,Finance,Australia,38,37001.1,2017-08-17,On Leave,emp10292@company.com
E10293,Employee_293,Engineering,USA,60,133529.28,2022-03-23,,emp10293@company.com
E10294,Employee_294,HR,India,60,87335.21,2019-03-19,Inactive,emp10294@company.com
E10295,Employee_295,Sales,India,50,102918.78,2020-01-11,On Leave,emp10295@company.com
E10296,Employee_296,Marketing,India,,123256.38,2017-05-13,Inactive,emp10296@company.com
E10297,Employee_297,Finance,Germany,57,173759.28,2023-02-28,Active,emp10297@company.com
E10298,Employee_298,HR,Australia,27,75829.62,2017-11-03,Inactive,emp10298@company.com
E10299,Employee_299,Marketing,Australia,36,114857.33,2020-01-23,,emp10299@company.com
E10300,Employee_300,Marketing,UK,36,179511.81,2017-04-01,Inactive,emp10300@company.com
E10301,Employee_301,Support,UK,46,78849.48,2024-02-05,Inactive,emp10301@company.com
E10302,Employee_302,Marketing,Germany,56,175043.56,2018-10-03,Active,emp10302@company.com
E10303,Employee_303,Marketing,Canada,50,147293.63,2016-08-11,,emp10303@company.com
E10304,Employee_304,Marketing,Germany,31,69350.72,2018-01-13,Active,emp10304@company.com
E10305,Employee_305,Finance,Germany,27,141413.96,2024-01-03,Inactive,emp10305@company.com
E10306,Employee_306,Finance,Germany,21,112856.22,2020-01-07,Active,emp10306@company.com
E10307,Employee_307,Support,USA,46,151055.29,2015-07-26,Inactive,emp10307@company.com
E10308,Employee_308,Support,Canada,52,92935.82,2015-01-11,,emp10308@company.com
E10309,Employee_309,Marketing,USA,42,37697.19,2017-09-25,Inactive,emp10309@company.com
E10310,Employee_310,Marketing,Germany,55,160553.6,2024-10-11,Inactive,emp10310@company.com
E10311,Employee_311,Finance,Germany,51,147518.8,2023-12-15,On Leave,emp10311@company.com
E10312,Employee_312,Marketing,Canada,38,36310.84,2016-11-26,,emp10312@company.com
E10313,Employee_313,Marketing,India,35,176967.36,2024-03-04,Active,emp10313@company.com
E10314,Employee_314,Finance,India,32,122880.77,2017-12-28,Inactive,emp10314@company.com
E10315,Employee_315,Sales,Canada,,159676.05,2020-07-15,Inactive,emp10315@company.com
E10316,Employee_316,Engineering,USA,21,128591.67,2020-01-08,,emp10316@company.com
E10317,Employee_317,HR,UK,35,,2019-12-14,Active,emp10317@company.com
E10318,Employee_318,Marketing,India,48,78276.75,2018-10-26,,emp10318@company.com
E10319,Employee_319,Marketing,India,39,35570.14,2017-06-22,Inactive,emp10319@company.com
E10320,Employee_320,HR,India,34,141648.56,2022-03-14,Active,emp10320@company.com
E10321,Employee_321,Marketing,Australia,,167341.02,2019-03-17,Inactive,emp10321@company.com
E10322,Employee_322,Engineering,India,46,84233.27,2020-01-19,,emp10322@company.com
E10323,Employee_323,Support,Australia,,68586.17,2016-12-01,,emp10323@company.com
E10324,Employee_324,Marketing,USA,28,175735.25,2015-03-08,,emp10324@company.com
E10325,Employee_325,Sales,Australia,53,111840.11,2016-06-07,,emp10325@company.com
E10326,Employee_326,Sales,Australia,32,,2016-01-07,On Leave,emp10326@company.com
E10327,Employee_327,HR,Canada,38,,2022-09-10,Active,emp10327@company.com
E10328,Employee_328,Support,UK,38,81148.46,2021-03-13,,emp10328@company.com
E10329,Employee_329,HR,India,21,107652.46,2024-12-13,On Leave,emp10329@company.com
E10330,Employee_330,Sales,Australia,60,166735.53,2021-12-18,Active,emp10330@company.com
E10331,Employee_331,Support,UK,41,118767.48,2022-09-11,,emp10331@company.com
E10332,Employee_332,HR,India,45,44297.1,2024-11-22,On Leave,emp10332@company.com
E10333,Employee_333,Engineering,Australia,35,145981.37,2022-12-12,On Leave,emp10333@company.com
E10334,Employee_334,HR,Canada,30,144802.21,2023-04-17,On Leave,emp10334@company.com
E10335,Employee_335,Marketing,India,30,101743.32,2020-07-12,Active,emp10335@company.com
E10336,Employee_336,HR,USA,37,87892.27,2022-11-03,On Leave,emp10336@company.com
E10337,Employee_337,Marketing,UK,49,140948.46,2023-03-01,Inactive,emp10337@company.com
E10338,Employee_338,Marketing,UK,36,110891.01,2019-01-18,,emp10338@company.com
E10339,Employee_339,Finance,Germany,32,113975.72,2019-04-09,On Leave,emp10339@company.com
E10340,Employee_340,Engineering,Canada,26,96356.12,2024-06-02,On Leave,emp10340@company.com
E10341,Employee_341,HR,Germany,39,97490.23,2020-04-13,On Leave,emp10341@company.com
E10342,Employee_342,Sales,Canada,58,131512.2,2016-02-25,On Leave,emp10342@company.com
E10343,Employee_343,HR,Canada,22,116705.98,2021-07-16,,emp10343@company.com
E10344,Employee_344,Engineering,UK,29,154577.19,2018-07-18,Inactive,emp10344@company.com
E10345,Employee_345,Support,Germany,45,52127.28,2016-10-27,Inactive,
E10346,Employee_346,HR,USA,34,42975.68,2020-08-28,Inactive,emp10346@company.com
E10347,Employee_347,Support,Australia,58,94007.71,2017-06-11,Active,emp10347@company.com
E10348,Employee_348,Engineering,India,38,47559.1,2019-11-28,,emp10348@company.com
E10349,Employee_349,HR,Canada,24,71035.76,2021-09-09,,emp10349@company.com
E10350,Employee_350,Sales,USA,44,130166.67,2020-06-07,Inactive,emp10350@company.com
E10351,Employee_351,Support,Canada,41,,2021-10-27,Active,emp10351@company.com
E10352,Employee_352,Marketing,India,39,65357.88,2021-12-15,,emp10352@company.com
E10353,Employee_353,Sales,USA,28,,2024-08-06,Active,
E10354,Employee_354,Support,Canada,31,132708.51,2018-09-27,On Leave,emp10354@company.com
E10355,Employee_355,Support,India,50,148716.63,2021-04-22,Active,emp10355@company.com
E10356,Employee_356,Support,UK,30,168959.07,2015-03-27,Inactive,emp10356@company.com
E10357,Employee_357,Sales,Canada,56,79887.16,2020-09-27,On Leave,emp10357@company.com
E10358,Employee_358,Support,India,23,57617.65,2018-11-18,On Leave,emp10358@company.com
E10359,Employee_359,Sales,UK,32,133441.49,2015-06-04,Active,emp10359@company.com
E10360,Employee_360,Sales,Australia,54,106037.8,2022-02-07,Active,emp10360@company.com
E10361,Employee_361,Marketing,Canada,26,103216.07,2024-05-02,Inactive,emp10361@company.com
E10362,Employee_362,Engineering,USA,30,42258.08,2020-08-16,On Leave,emp10362@company.com
E10363,Employee_363,Support,Germany,40,139933.46,2016-12-18,,emp10363@company.com
E10364,Employee_364,Sales,Canada,23,,2021-11-23,Active,emp10364@company.com
E10365,Employee_365,Finance,Germany,31,131098.15,2020-01-27,Active,emp10365@company.com
E10366,Employee_366,HR,Germany,27,69614.35,2022-05-18,Inactive,emp10366@company.com
E10367,Employee_367,Marketing,UK,57,108483.55,2018-05-13,On Leave,emp10367@company.com
E10368,Employee_368,Sales,India,55,164138.31,2016-01-16,Active,emp10368@company.com
E10369,Employee_369,Support,Canada,35,59835.23,2015-07-13,On Leave,emp10369@company.com
E10370,Employee_370,Engineering,Germany,28,118884.98,2018-10-25,Inactive,emp10370@company.com
E10371,Employee_371,Support,USA,25,177528.01,2018-10-25,Active,emp10371@company.com
E10372,Employee_372,Marketing,Germany,50,61506.54,2021-07-02,On Leave,emp10372@company.com
E10373,Employee_373,Sales,India,31,84926.3,2018-04-08,Inactive,emp10373@company.com
E10374,Employee_374,Support,USA,51,,2016-10-21,On Leave,emp10374@company.com
E10375,Employee_375,Support,USA,47,139029.42,2024-03-26,On Leave,emp10375@company.com
E10376,Employee_376,Support,Australia,37,170884.25,2022-11-19,Active,emp10376@company.com
E10377,Employee_377,HR,Australia,53,174335.91,2016-05-25,Active,emp10377@company.com
E10378,Employee_378,Sales,India,50,162246.12,2021-11-26,Active,emp10378@company.com
E10379,Employee_379,Support,Australia,42,93904.94,2018-11-22,Active,emp10379@company.com
E10380,Employee_380,Marketing,Australia,48,35651.83,2024-01-04,,emp10380@company.com
E10381,Employee_381,HR,UK,40,83635.51,2016-06-13,Inactive,emp10381@company.com
E10382,Employee_382,Finance,USA,26,62156.87,2021-11-18,,emp10382@company.com
E10383,Employee_383,Engineering,India,23,164995.17,2019-06-05,,emp10383@company.com
E10384,Employee_384,Sales,Germany,60,174272.84,2022-06-17,On Leave,emp10384@company.com
E10385,Employee_385,Finance,India,31,36313.49,2016-04-15,Inactive,emp10385@company.com
E10386,Employee_386,Support,Germany,27,141512.88,2017-05-22,,emp10386@company.com
E10387,Employee_387,Finance,Canada,38,87464.11,2023-11-02,,emp10387@company.com
E10388,Employee_388,HR,UK,22,156048.02,2023-07-15,Active,emp10388@company.com
E10389,Employee_389,Finance,India,50,,2022-03-01,On Leave,emp10389@company.com
E10390,Employee_390,Marketing,India,57,179667.3,2024-11-09,Inactive,emp10390@company.com
E10391,Employee_391,Sales,Germany,22,176831.89,2021-08-23,Active,emp10391@company.com
E10392,Employee_392,Marketing,Germany,57,42007.0,2017-04-17,On Leave,emp10392@company.com
E10393,Employee_393,Engineering,India,54,80235.92,2024-05-13,Active,emp10393@company.com
E10394,Employee_394,Marketing,Australia,40,103836.43,2022-07-04,On Leave,emp10394@company.com
E10395,Employee_395,Marketing,UK,51,64576.32,2023-07-21,,emp10395@company.com
E10396,Employee_396,Marketing,USA,55,116018.01,2016-05-13,,emp10396@company.com
E10397,Employee_397,HR,Canada,28,146847.62,2023-12-19,Active,emp10397@company.com
E10398,Employee_398,Finance,Germany,36,161962.02,2024-11-27,Active,emp10398@company.com
E10399,Employee_399,Support,USA,31,175257.72,2021-07-27,Active,emp10399@company.com
E10400,Employee_400,Support,Germany,52,85709.6,2017-09-24,Inactive,emp10400@company.com
E10401,Employee_401,Support,Germany,42,169059.52,2023-01-28,Active,emp10401@company.com
E10402,Employee_402,Sales,Canada,34,74702.84,2017-04-22,Inactive,emp10402@company.com
E10403,Employee_403,Sales,Canada,39,142736.29,2019-03-21,,emp10403@company.com
E10404,Employee_404,Support,UK,38,146871.05,2024-04-08,On Leave,emp10404@company.com
E10405,Employee_405,Marketing,Australia,26,136418.23,2016-06-07,Active,
E10406,Employee_406,Support,India,53,99626.7,2015-09-27,Active,emp10406@company.com
E10407,Employee_407,HR,India,42,111950.44,2018-09-26,Inactive,emp10407@company.com
E10408,Employee_408,Marketing,Canada,22,60090.56,2021-06-03,On Leave,emp10408@company.com
E10409,Employee_409,Marketing,Australia,28,109252.55,2018-11-28,,emp10409@company.com
E10410,Employee_410,Engineering,Germany,42,71504.4,2024-03-14,,emp10410@company.com
E10411,Employee_411,Support,Australia,33,62537.5,2017-05-25,,emp10411@company.com
E10412,Employee_412,Support,Canada,,142744.58,2018-09-25,On Leave,emp10412@company.com
E10413,Employee_413,Marketing,Australia,22,139767.3,2016-06-07,Active,emp10413@company.com
E10414,Employee_414,Support,Australia,55,86530.28,2024-11-11,Inactive,emp10414@company.com
E10415,Employee_415,Marketing,USA,32,96047.73,2022-02-11,Active,emp10415@company.com
E10416,Employee_416,Sales,Germany,51,46997.42,2020-08-27,On Leave,emp10416@company.com
E10417,Employee_417,Engineering,Canada,53,86303.34,2018-12-09,Active,emp10417@company.com
E10418,Employee_418,Finance,UK,45,164974.06,2017-03-01,,emp10418@company.com
E10419,Employee_419,Support,Canada,22,,2022-01-07,Active,emp10419@company.com
E10420,Employee_420,Finance,USA,42,163370.48,2018-01-08,,emp10420@company.com
E10421,Employee_421,Marketing,UK,27,53304.97,2022-08-19,Inactive,emp10421@company.com
E10422,Employee_422,Support,Australia,49,117673.23,2022-03-13,Active,emp10422@company.com
E10423,Employee_423,Support,India,51,103398.52,2016-08-20,Inactive,emp10423@company.com
E10424,Employee_424,Support,India,35,,2015-04-04,Inactive,emp10424@company.com
E10425,Employee_425,Sales,USA,24,171469.34,2015-09-21,Inactive,emp10425@company.com
E10426,Employee_426,HR,Germany,50,,2016-03-05,Active,emp10426@company.com
E10427,Employee_427,Sales,Canada,27,173735.9,2015-02-28,,
E10428,Employee_428,Support,USA,60,149813.79,2015-11-18,Active,emp10428@company.com
E10429,Employee_429,HR,UK,56,38490.41,2018-02-23,,emp10429@company.com
E10430,Employee_430,Sales,Australia,28,47521.15,2016-02-24,On Leave,emp10430@company.com
E10431,Employee_431,Engineering,USA,40,77879.33,2024-10-11,,emp10431@company.com
E10432,Employee_432,Engineering,USA,28,146267.92,2023-07-15,Inactive,emp10432@company.com
E10433,Employee_433,Finance,Canada,26,156392.29,2017-07-26,Active,emp10433@company.com
E10434,Employee_434,Sales,Canada,49,54450.26,2020-01-11,On Leave,emp10434@company.com
E10435,Employee_435,Sales,UK,51,156339.44,2019-04-01,On Leave,emp10435@company.com
E10436,Employee_436,Engineering,Germany,43,82662.66,2020-02-18,Inactive,emp10436@company.com
E10437,Employee_437,Engineering,Germany,42,112905.65,2017-04-17,,emp10437@company.com
E10438,Employee_438,Support,Canada,47,110230.16,2018-04-10,Active,emp10438@company.com
E10439,Employee_439,Engineering,Australia,28,60560.39,2024-11-06,,emp10439@company.com
E10440,Employee_440,Support,Germany,36,174285.79,2018-11-09,Active,emp10440@company.com
E10441,Employee_441,Support,Australia,30,121689.48,2019-02-03,,emp10441@company.com
E10442,Employee_442,Finance,USA,25,51365.08,2023-12-09,,emp10442@company.com
E10443,Employee_443,HR,India,37,94296.75,2022-12-04,Inactive,emp10443@company.com
E10444,Employee_444,HR,Germany,34,,2016-04-26,Inactive,emp10444@company.com
E10445,Employee_445,Marketing,Germany,33,47975.42,2019-03-02,On Leave,emp10445@company.com
E10446,Employee_446,Engineering,USA,26,67372.53,2019-01-09,Active,emp10446@company.com
E10447,Employee_447,Sales,Germany,32,149256.98,2020-06-06,On Leave,emp10447@company.com
E10448,Employee_448,Engineering,India,31,90212.07,2018-11-07,Active,emp10448@company.com
E10449,Employee_449,HR,Germany,51,36093.2,2021-06-08,Active,emp10449@company.com
E10450,Employee_450,HR,UK,28,138170.77,2021-02-16,Active,emp10450@company.com
E10451,Employee_451,Sales,India,24,44846.28,2022-08-08,On Leave,emp10451@company.com
E10452,Employee_452,Finance,USA,35,66300.65,2016-01-14,,emp10452@company.com
E10453,Employee_453,Sales,Canada,41,47046.59,2022-08-26,On Leave,emp10453@company.com
E10454,Employee_454,Engineering,UK,27,131125.48,2016-02-23,On Leave,emp10454@company.com
E10455,Employee_455,HR,Germany,21,152674.73,2022-11-24,Active,
E10456,Employee_456,Support,India,59,87850.79,2020-12-02,,emp10456@company.com
E10457,Employee_457,Marketing,Australia,32,37269.77,2016-08-07,,emp10457@company.com
E10458,Employee_458,Marketing,UK,33,80533.72,2016-07-01,Inactive,emp10458@company.com
E10459,Employee_459,Engineering,Germany,35,89188.3,2018-10-07,,emp10459@company.com
E10460,Employee_460,HR,India,50,176365.8,2015-07-06,On Leave,emp10460@company.com
E10461,Employee_461,Support,Australia,,69572.79,2017-10-26,Active,emp10461@company.com
E10462,Employee_462,HR,UK,45,69863.78,2019-07-05,Active,emp10462@company.com
E10463,Employee_463,Finance,India,24,96312.4,2024-08-26,Active,emp10463@company.com
E10464,Employee_464,Finance,Australia,30,73995.5,2016-01-14,,emp10464@company.com
E10465,Employee_465,Engineering,USA,25,175199.56,2021-02-17,Inactive,emp10465@company.com
E10466,Employee_466,Marketing,Australia,53,99709.9,2023-10-22,,emp10466@company.com
E10467,Employee_467,Finance,Canada,25,71735.49,2017-12-09,,emp10467@company.com
E10468,Employee_468,HR,Germany,37,45646.65,2024-11-16,Active,emp10468@company.com
E10469,Employee_469,Marketing,USA,42,137822.81,2022-06-26,Inactive,emp10469@company.com
E10470,Employee_470,HR,USA,34,93152.05,2018-06-24,Inactive,emp10470@company.com
E10471,Employee_471,HR,Australia,44,67272.57,2019-02-02,Inactive,emp10471@company.com
E10472,Employee_472,HR,Canada,25,100847.63,2024-09-12,On Leave,emp10472@company.com
E10473,Employee_473,HR,Germany,51,133085.19,2021-06-04,Inactive,emp10473@company.com
E10474,Employee_474,Marketing,Canada,36,175116.7,2020-05-21,Inactive,emp10474@company.com
E10475,Employee_475,Engineering,Canada,58,,2024-09-14,Active,emp10475@company.com
E10476,Employee_476,Marketing,USA,21,47438.16,2015-03-08,Inactive,emp10476@company.com
E10477,Employee_477,Support,India,,47831.16,2017-08-11,Inactive,emp10477@company.com
E10478,Employee_478,Marketing,Germany,51,83287.16,2019-03-09,Active,emp10478@company.com
E10479,Employee_479,Finance,USA,37,160875.87,2020-09-16,On Leave,emp10479@company.com
E10480,Employee_480,Finance,Canada,30,96308.67,2015-04-10,On Leave,emp10480@company.com
E10481,Employee_481,HR,USA,30,137625.57,2018-10-03,,emp10481@company.com
E10482,Employee_482,HR,Canada,21,119461.71,2022-04-25,Active,emp10482@company.com
E10483,Employee_483,HR,Canada,24,,2018-09-10,Active,emp10483@company.com
E10484,Employee_484,Support,Australia,33,64672.46,2019-03-06,On Leave,emp10484@company.com
E10485,Employee_485,HR,Germany,40,110821.84,2015-10-11,On Leave,emp10485@company.com
E10486,Employee_486,Engineering,Germany,30,126268.52,2022-01-07,Inactive,emp10486@company.com
E10487,Employee_487,Finance,Australia,44,104086.15,2016-02-22,On Leave,emp10487@company.com
E10488,Employee_488,HR,UK,37,109465.57,2020-08-23,,emp10488@company.com
E10489,Employee_489,Support,Germany,41,50217.59,2016-11-09,,emp10489@company.com
E10490,Employee_490,Finance,India,60,,2020-07-17,Active,emp10490@company.com
E10491,Employee_491,HR,Australia,24,,2023-02-23,Inactive,emp10491@company.com
E10492,Employee_492,Sales,Canada,47,60184.06,2020-06-04,,emp10492@company.com
E10493,Employee_493,HR,Canada,37,171267.85,2022-04-06,,emp10493@company.com
E10494,Employee_494,Marketing,UK,33,53797.13,2022-02-28,Inactive,emp10494@company.com
E10495,Employee_495,Marketing,India,,135821.49,2020-03-24,On Leave,emp10495@company.com
E10496,Employee_496,Marketing,Australia,47,35017.16,2024-06-01,Inactive,emp10496@company.com
E10497,Employee_497,Marketing,Canada,23,82423.83,2019-06-10,On Leave,emp10497@company.com
E10498,Employee_498,Marketing,UK,28,36825.71,2024-04-27,,emp10498@company.com
E10499,Employee_499,Engineering,Australia,30,71716.48,2021-07-27,On Leave,emp10499@company.com
E10500,Employee_500,Sales,Canada,24,157360.2,2017-12-28,On Leave,emp10500@company.com
E10501,Employee_501,Support,USA,56,172194.03,2022-12-28,,emp10501@company.com
E10502,Employee_502,Support,Germany,25,82434.71,2015-04-12,Active,emp10502@company.com
E10503,Employee_503,Engineering,UK,33,127810.79,2022-07-10,On Leave,emp10503@company.com
E10504,Employee_504,Finance,UK,43,80171.0,2024-02-20,On Leave,emp10504@company.com
E10505,Employee_505,Finance,USA,47,,2018-04-12,Inactive,emp10505@company.com
E10506,Employee_506,Support,Australia,57,,2015-12-05,,emp10506@company.com
E10507,Employee_507,Engineering,India,53,86708.96,2024-01-08,Inactive,emp10507@company.com
E10508,Employee_508,Support,UK,25,64249.97,2020-09-24,On Leave,emp10508@company.com
E10509,Employee_509,HR,Canada,21,55771.93,2023-03-06,,
E10510,Employee_510,Support,Canada,28,87448.28,2018-09-01,Active,emp10510@company.com
E10511,Employee_511,Support,Australia,53,57393.7,2017-03-21,Inactive,emp10511@company.com
E10512,Employee_512,Engineering,UK,37,68898.19,2023-11-15,Inactive,emp10512@company.com
E10513,Employee_513,Engineering,Germany,31,69372.75,2018-09-27,On Leave,emp10513@company.com
E10514,Employee_514,Finance,India,33,139622.37,2022-12-20,Active,emp10514@company.com
E10515,Employee_515,Marketing,UK,24,35251.32,2016-09-22,Active,emp10515@company.com
E10516,Employee_516,Marketing,UK,34,83726.82,2018-04-06,Inactive,emp10516@company.com
E10517,Employee_517,Marketing,Canada,40,66684.07,2017-04-19,Active,emp10517@company.com
E10518,Employee_518,Finance,Germany,51,146461.43,2022-05-16,,emp10518@company.com
E10519,Employee_519,HR,Canada,53,45626.87,2016-07-04,,emp10519@company.com
E10520,Employee_520,HR,Germany,46,102467.22,2015-12-16,Active,emp10520@company.com
E10521,Employee_521,Support,Australia,46,124864.25,2023-11-22,Inactive,emp10521@company.com
E10522,Employee_522,Engineering,Australia,44,92823.9,2024-10-22,On Leave,emp10522@company.com
E10523,Employee_523,Sales,Canada,32,54717.69,2024-06-26,Active,emp10523@company.com
E10524,Employee_524,HR,Germany,22,112135.6,2022-02-11,On Leave,emp10524@company.com
E10525,Employee_525,Finance,Canada,37,,2016-06-26,,emp10525@company.com
E10526,Employee_526,Finance,USA,42,106779.88,2015-02-07,,emp10526@company.com
E10527,Employee_527,Support,India,35,98310.59,2016-03-18,Active,emp10527@company.com
E10528,Employee_528,Engineering,India,33,,2021-07-03,,emp10528@company.com
E10529,Employee_529,Support,India,40,,2017-02-02,Active,
E10530,Employee_530,Support,Australia,28,50531.37,2024-06-22,Inactive,emp10530@company.com
E10531,Employee_531,Sales,Germany,48,94307.42,2018-08-01,,emp10531@company.com
E10532,Employee_532,Support,India,30,125774.7,2022-09-20,Active,emp10532@company.com
E10533,Employee_533,Engineering,UK,57,,2015-10-21,,emp10533@company.com
E10534,Employee_534,HR,Canada,24,116318.47,2022-03-23,Inactive,emp10534@company.com
E10535,Employee_535,Support,Australia,,87484.04,2024-07-24,Inactive,emp10535@company.com
E10536,Employee_536,Marketing,UK,60,164780.38,2019-04-26,Inactive,emp10536@company.com
E10537,Employee_537,Finance,USA,41,144845.47,2024-06-06,On Leave,emp10537@company.com
E10538,Employee_538,Finance,UK,26,155153.33,2017-07-25,Active,emp10538@company.com
E10539,Employee_539,HR,Germany,48,35633.58,2016-07-09,Inactive,emp10539@company.com
E10540,Employee_540,Finance,UK,37,100091.4,2016-01-16,On Leave,emp10540@company.com
E10541,Employee_541,Marketing,India,37,88724.37,2024-12-26,,emp10541@company.com
E10542,Employee_542,Marketing,UK,41,172750.18,2016-01-24,,emp10542@company.com
E10543,Employee_543,Support,Germany,55,170948.69,2021-04-09,On Leave,emp10543@company.com
E10544,Employee_544,Engineering,UK,26,149706.89,2018-08-20,Active,emp10544@company.com
E10545,Employee_545,Support,USA,42,123270.12,2016-11-06,Inactive,emp10545@company.com
E10546,Employee_546,Marketing,Germany,35,148949.8,2019-01-08,On Leave,emp10546@company.com
E10547,Employee_547,Finance,Germany,25,112278.93,2018-02-14,,emp10547@company.com
E10548,Employee_548,Marketing,Australia,45,102182.01,2019-03-17,Inactive,emp10548@company.com
E10549,Employee_549,Finance,Germany,31,165337.79,2022-05-19,,emp10549@company.com
E10550,Employee_550,Finance,UK,58,84706.71,2020-07-04,Active,emp10550@company.com
E10551,Employee_551,Sales,UK,42,114384.84,2015-06-07,On Leave,emp10551@company.com
E10552,Employee_552,Marketing,UK,57,171035.73,2022-11-07,On Leave,emp10552@company.com
E10553,Employee_553,Support,Australia,33,78540.78,2024-02-14,Inactive,
E10554,Employee_554,Finance,USA,53,144214.93,2016-11-10,Inactive,emp10554@company.com
E10555,Employee_555,Sales,Australia,21,176363.36,2019-06-19,Active,emp10555@company.com
E10556,Employee_556,Finance,UK,58,61206.62,2017-04-04,Inactive,emp10556@company.com
E10557,Employee_557,Engineering,Germany,53,132849.19,2021-12-01,,emp10557@company.com
E10558,Employee_558,Support,UK,38,97033.11,2015-01-14,Active,emp10558@company.com
E10559,Employee_559,Support,UK,44,87054.94,2019-09-05,On Leave,emp10559@company.com
E10560,Employee_560,Sales,India,28,107906.37,2023-08-14,Active,emp10560@company.com
E10561,Employee_561,Engineering,Australia,48,169230.2,2018-06-08,Active,emp10561@company.com
E10562,Employee_562,HR,Canada,42,41027.77,2022-09-08,Active,emp10562@company.com
E10563,Employee_563,Finance,India,37,83087.17,2020-11-03,Active,emp10563@company.com
E10564,Employee_564,Marketing,USA,49,57431.21,2021-06-04,On Leave,emp10564@company.com
E10565,Employee_565,HR,India,52,157886.86,2015-05-17,Inactive,
E10566,Employee_566,Engineering,USA,33,59373.67,2021-05-22,Inactive,emp10566@company.com
E10567,Employee_567,Sales,UK,,49641.0,2016-09-22,,emp10567@company.com
E10568,Employee_568,Marketing,Germany,42,93109.74,2016-03-03,,emp10568@company.com
E10569,Employee_569,Finance,India,27,133664.94,2018-02-22,On Leave,emp10569@company.com
E10570,Employee_570,Finance,UK,58,103659.42,2016-08-14,Inactive,emp10570@company.com
E10571,Employee_571,Support,USA,58,139327.71,2016-06-08,Active,emp10571@company.com
E10572,Employee_572,Finance,Australia,31,88174.44,2017-08-15,On Leave,emp10572@company.com
E10573,Employee_573,Sales,USA,48,127326.12,2019-12-04,Inactive,emp10573@company.com
E10574,Employee_574,HR,USA,21,161745.19,2019-10-11,Active,emp10574@company.com
E10575,Employee_575,Support,Canada,58,173342.87,2019-09-07,Inactive,emp10575@company.com
E10576,Employee_576,Marketing,India,53,178520.17,2023-03-17,On Leave,
E10577,Employee_577,HR,Australia,23,74989.52,2020-09-16,,emp10577@company.com
E10578,Employee_578,Finance,Canada,39,155352.79,2019-08-11,Active,emp10578@company.com
E10579,Employee_579,Sales,Australia,43,100976.93,2020-12-21,Active,emp10579@company.com
E10580,Employee_580,Sales,UK,37,135557.5,2023-01-11,On Leave,emp10580@company.com
E10581,Employee_581,Engineering,UK,54,160908.2,2018-06-11,On Leave,emp10581@company.com
E10582,Employee_582,Support,Australia,52,63570.45,2015-12-05,,emp10582@company.com
E10583,Employee_583,HR,UK,30,176258.81,2017-06-09,Inactive,emp10583@company.com
E10584,Employee_584,Support,India,32,96947.32,2017-06-17,Inactive,emp10584@company.com
E10585,Employee_585,Marketing,UK,59,178086.18,2021-03-13,,emp10585@company.com
E10586,Employee_586,Support,Germany,41,133539.08,2018-01-19,Inactive,emp10586@company.com
E10587,Employee_587,Finance,India,33,158095.32,2018-08-19,Inactive,emp10587@company.com
E10588,Employee_588,Marketing,USA,41,158308.69,2023-08-04,Active,emp10588@company.com
E10589,Employee_589,HR,Germany,44,,2016-06-13,Inactive,emp10589@company.com
E10590,Employee_590,HR,India,36,40504.62,2019-08-25,On Leave,emp10590@company.com
E10591,Employee_591,HR,USA,45,121858.31,2024-08-18,Inactive,emp10591@company.com
E10592,Employee_592,Sales,USA,49,162306.19,2022-04-23,On Leave,
E10593,Employee_593,Engineering,USA,21,108629.36,2020-09-12,On Leave,emp10593@company.com
E10594,Employee_594,Sales,USA,52,77085.66,2018-07-12,Inactive,emp10594@company.com
E10595,Employee_595,Finance,Canada,38,47245.91,2016-06-22,On Leave,emp10595@company.com
E10596,Employee_596,Support,Germany,28,95524.49,2018-07-01,On Leave,emp10596@company.com
E10597,Employee_597,Support,India,49,72463.42,2022-03-27,Inactive,emp10597@company.com
E10598,Employee_598,Support,USA,,81507.27,2015-08-18,,emp10598@company.com
E10599,Employee_599,Sales,Canada,32,72513.7,2024-03-22,Inactive,emp10599@company.com
E10600,Employee_600,Marketing,Germany,29,141243.35,2017-05-10,Active,emp10600@company.com
E10601,Employee_601,Sales,Canada,57,132421.16,2024-03-25,On Leave,emp10601@company.com
E10602,Employee_602,HR,UK,31,129659.38,2016-10-20,Active,
E10603,Employee_603,Support,Canada,38,45180.79,2015-10-08,Active,emp10603@company.com
E10604,Employee_604,Support,UK,32,165291.52,2024-01-05,On Leave,emp10604@company.com
E10605,Employee_605,Engineering,USA,,136678.93,2019-12-03,On Leave,emp10605@company.com
E10606,Employee_606,HR,Canada,38,35797.64,2019-04-10,Active,emp10606@company.com
E10607,Employee_607,Support,Canada,59,55808.23,2021-08-27,,emp10607@company.com
E10608,Employee_608,Sales,Germany,53,135779.58,2015-04-04,,emp10608@company.com
E10609,Employee_609,Marketing,UK,53,125507.44,2021-04-06,On Leave,emp10609@company.com
E10610,Employee_610,Support,Australia,31,57342.85,2022-09-07,Inactive,emp10610@company.com
E10611,Employee_611,Sales,Australia,43,165618.83,2019-06-21,On Leave,emp10611@company.com
E10612,Employee_612,Marketing,UK,34,152085.06,2019-03-18,On Leave,emp10612@company.com
E10613,Employee_613,Finance,Australia,31,160101.56,2022-07-27,,emp10613@company.com
E10614,Employee_614,HR,India,30,108886.31,2020-04-21,Inactive,emp10614@company.com
E10615,Employee_615,HR,Germany,32,156913.67,2022-10-18,Inactive,emp10615@company.com
E10616,Employee_616,Support,Canada,27,,2022-01-25,Inactive,emp10616@company.com
E10617,Employee_617,Engineering,Canada,40,121201.23,2020-06-04,Inactive,emp10617@company.com
E10618,Employee_618,Engineering,Australia,40,114849.08,2015-10-28,Active,emp10618@company.com
E10619,Employee_619,Sales,India,37,47512.09,2017-05-01,,emp10619@company.com
E10620,Employee_620,HR,India,47,67402.04,2016-06-24,Active,emp10620@company.com
E10621,Employee_621,Support,UK,35,40316.78,2021-11-18,,emp10621@company.com
E10622,Employee_622,Marketing,UK,53,133133.43,2019-03-27,,emp10622@company.com
E10623,Employee_623,HR,India,56,173155.68,2023-09-28,Inactive,emp10623@company.com
E10624,Employee_624,Support,Germany,48,36926.2,2017-04-16,,emp10624@company.com
E10625,Employee_625,Marketing,UK,34,91997.16,2019-01-13,Active,emp10625@company.com
E10626,Employee_626,Marketing,Canada,42,42037.51,2019-01-26,Active,emp10626@company.com
E10627,Employee_627,Finance,Australia,28,128146.51,2015-12-12,On Leave,emp10627@company.com
E10628,Employee_628,Finance,UK,47,52079.8,2019-08-15,,emp10628@company.com
E10629,Employee_629,HR,India,33,128706.72,2021-09-25,,emp10629@company.com
E10630,Employee_630,Engineering,Canada,49,169025.38,2022-07-25,Inactive,emp10630@company.com
E10631,Employee_631,Marketing,India,31,171081.66,2016-09-01,Inactive,emp10631@company.com
E10632,Employee_632,Engineering,Canada,40,98776.94,2016-02-13,Active,emp10632@company.com
E10633,Employee_633,Support,USA,44,103638.18,2015-03-17,Active,emp10633@company.com
E10634,Employee_634,Engineering,USA,59,54857.67,2022-05-19,,emp10634@company.com
E10635,Employee_635,Engineering,Canada,27,130168.62,2024-01-28,On Leave,emp10635@company.com
E10636,Employee_636,HR,USA,34,139547.51,2022-05-06,On Leave,emp10636@company.com
E10637,Employee_637,Engineering,Germany,41,74848.12,2016-09-16,Active,emp10637@company.com
E10638,Employee_638,Marketing,USA,53,79669.6,2021-09-09,Inactive,emp10638@company.com
E10639,Employee_639,Finance,India,50,153077.99,2017-09-21,Inactive,emp10639@company.com
E10640,Employee_640,Finance,USA,32,135027.83,2021-08-06,Inactive,emp10640@company.com
E10641,Employee_641,Engineering,Germany,27,128090.99,2015-04-13,,emp10641@company.com
E10642,Employee_642,HR,India,56,129281.12,2024-07-17,,emp10642@company.com
E10643,Employee_643,HR,India,42,102509.35,2018-11-24,Active,emp10643@company.com
E10644,Employee_644,Finance,India,38,101585.14,2019-10-12,On Leave,emp10644@company.com
E10645,Employee_645,Sales,Canada,31,164361.09,2022-06-28,Inactive,emp10645@company.com
E10646,Employee_646,Sales,India,35,152783.37,2019-02-09,On Leave,emp10646@company.com
E10647,Employee_647,Engineering,UK,50,,2015-02-08,,emp10647@company.com
E10648,Employee_648,Sales,USA,50,119390.18,2018-08-10,Active,emp10648@company.com
E10649,Employee_649,Engineering,Germany,23,53068.04,2024-12-16,Active,emp10649@company.com
E10650,Employee_650,HR,India,50,92879.03,2016-12-19,Inactive,emp10650@company.com
E10651,Employee_651,Support,Australia,48,152806.85,2015-09-12,On Leave,emp10651@company.com
E10652,Employee_652,Engineering,Germany,37,170911.51,2022-08-15,,emp10652@company.com
E10653,Employee_653,Marketing,USA,32,70993.04,2018-03-07,Inactive,emp10653@company.com
E10654,Employee_654,Marketing,India,49,41746.72,2015-03-15,Inactive,emp10654@company.com
E10655,Employee_655,HR,USA,,108106.9,2021-04-28,Active,emp10655@company.com
E10656,Employee_656,Engineering,Canada,42,106264.97,2015-11-17,,
E10657,Employee_657,Engineering,Canada,48,83670.09,2015-02-27,Active,emp10657@company.com
E10658,Employee_658,HR,UK,44,119951.13,2015-07-21,On Leave,emp10658@company.com
E10659,Employee_659,Finance,USA,54,106337.33,2016-08-24,,emp10659@company.com
E10660,Employee_660,Finance,Canada,,178058.37,2015-10-14,On Leave,emp10660@company.com
E10661,Employee_661,Marketing,Australia,51,70888.64,2021-02-10,,emp10661@company.com
E10662,Employee_662,Finance,Canada,40,169609.44,2024-11-01,,emp10662@company.com
E10663,Employee_663,Finance,Australia,30,104311.63,2019-11-01,Active,emp10663@company.com
E10664,Employee_664,Support,Australia,36,,2019-04-24,Inactive,emp10664@company.com
E10665,Employee_665,Sales,Australia,54,146606.65,2016-04-15,Inactive,emp10665@company.com
E10666,Employee_666,HR,Germany,49,115986.68,2020-01-17,On Leave,emp10666@company.com
E10667,Employee_667,HR,USA,31,35137.21,2020-06-03,Active,emp10667@company.com
E10668,Employee_668,Sales,Germany,23,52660.72,2023-03-16,,emp10668@company.com
E10669,Employee_669,Engineering,India,30,68221.4,2015-05-04,Active,emp10669@company.com
E10670,Employee_670,Sales,UK,41,53761.75,2020-12-22,Inactive,emp10670@company.com
E10671,Employee_671,Sales,Australia,38,122703.2,2017-10-28,Inactive,emp10671@company.com
E10672,Employee_672,Sales,India,22,52669.27,2015-05-11,On Leave,emp10672@company.com
E10673,Employee_673,Marketing,Australia,55,50444.49,2021-03-06,On Leave,emp10673@company.com
E10674,Employee_674,Engineering,USA,46,70793.32,2021-11-15,Active,emp10674@company.com
E10675,Employee_675,HR,Germany,58,138564.21,2023-06-23,,emp10675@company.com
E10676,Employee_676,HR,USA,39,52002.23,2020-08-10,,emp10676@company.com
E10677,Employee_677,Support,UK,60,171212.19,2016-10-15,,emp10677@company.com
E10678,Employee_678,Marketing,UK,27,136632.46,2023-07-07,Inactive,emp10678@company.com
E10679,Employee_679,HR,UK,42,52909.41,2021-11-05,Active,emp10679@company.com
E10680,Employee_680,Finance,India,49,76721.99,2024-10-05,,emp10680@company.com
E10681,Employee_681,Marketing,Australia,22,178679.32,2019-09-27,Active,emp10681@company.com
E10682,Employee_682,Sales,UK,50,140624.13,2016-11-08,Active,emp10682@company.com
E10683,Employee_683,Sales,UK,50,88007.69,2018-02-10,Active,emp10683@company.com
E10684,Employee_684,Finance,Australia,47,117704.93,2018-11-19,Inactive,emp10684@company.com
E10685,Employee_685,HR,Germany,41,141042.84,2022-10-17,Active,emp10685@company.com
E10686,Employee_686,Engineering,India,40,163937.61,2022-05-15,Inactive,emp10686@company.com
E10687,Employee_687,HR,Canada,25,65032.86,2021-03-17,Active,emp10687@company.com
E10688,Employee_688,Marketing,Germany,56,97065.47,2015-02-16,Active,emp10688@company.com
E10689,Employee_689,Support,UK,38,177760.04,2017-08-06,On Leave,emp10689@company.com
E10690,Employee_690,HR,Australia,29,129836.14,2023-02-07,,emp10690@company.com
E10691,Employee_691,Marketing,Australia,36,49523.26,2021-04-20,On Leave,emp10691@company.com
E10692,Employee_692,Engineering,USA,48,139228.69,2022-04-19,On Leave,emp10692@company.com
E10693,Employee_693,Marketing,India,43,104261.33,2021-02-28,On Leave,
E10694,Employee_694,Engineering,Canada,45,128881.88,2018-07-26,,emp10694@company.com
E10695,Employee_695,Finance,India,23,163875.37,2022-01-23,On Leave,emp10695@company.com
E10696,Employee_696,Support,Australia,49,125501.64,2019-09-16,Inactive,emp10696@company.com
E10697,Employee_697,Support,India,46,48910.05,2018-10-05,On Leave,emp10697@company.com
E10698,Employee_698,Support,Germany,58,48982.76,2023-07-09,On Leave,emp10698@company.com
E10699,Employee_699,HR,Germany,56,130460.36,2018-06-08,Active,emp10699@company.com
E10700,Employee_700,Sales,UK,42,,2019-01-17,On Leave,emp10700@company.com
E10701,Employee_701,Marketing,India,28,84630.73,2021-05-03,Inactive,emp10701@company.com
E10702,Employee_702,HR,UK,54,154054.45,2020-07-20,Active,emp10702@company.com
E10703,Employee_703,Finance,India,42,70414.99,2024-12-04,On Leave,emp10703@company.com
E10704,Employee_704,Sales,India,54,112662.87,2020-08-12,,emp10704@company.com
E10705,Employee_705,Sales,Australia,48,104045.87,2020-01-03,Active,emp10705@company.com
E10706,Employee_706,Engineering,UK,54,173281.59,2023-10-05,Active,emp10706@company.com
E10707,Employee_707,Sales,Germany,42,170162.78,2021-04-25,On Leave,emp10707@company.com
E10708,Employee_708,HR,UK,55,175822.41,2018-10-25,,emp10708@company.com
E10709,Employee_709,Sales,USA,56,81022.83,2021-02-25,Active,emp10709@company.com
E10710,Employee_710,Marketing,Australia,50,152791.24,2023-01-07,On Leave,emp10710@company.com
E10711,Employee_711,Engineering,India,58,176272.76,2016-09-23,Active,emp10711@company.com
E10712,Employee_712,Engineering,Canada,54,98588.02,2019-01-14,On Leave,emp10712@company.com
E10713,Employee_713,Marketing,Canada,29,65046.94,2018-03-01,Inactive,emp10713@company.com
E10714,Employee_714,Support,Australia,29,87469.69,2021-07-23,Active,emp10714@company.com
E10715,Employee_715,Engineering,UK,23,54724.66,2017-03-25,,emp10715@company.com
E10716,Employee_716,Sales,Canada,47,47325.65,2022-11-12,Active,emp10716@company.com
E10717,Employee_717,Finance,Canada,54,37405.55,2018-06-08,On Leave,emp10717@company.com
E10718,Employee_718,HR,India,51,162425.99,2021-05-25,Inactive,emp10718@company.com
E10719,Employee_719,Sales,India,59,103184.3,2020-09-27,Active,emp10719@company.com
E10720,Employee_720,Marketing,USA,49,139938.34,2023-09-19,On Leave,emp10720@company.com
E10721,Employee_721,Support,Australia,38,106616.53,2024-01-05,,emp10721@company.com
E10722,Employee_722,Support,UK,36,87448.14,2017-07-09,,emp10722@company.com
E10723,Employee_723,Finance,USA,41,92306.0,2017-10-04,,emp10723@company.com
E10724,Employee_724,Sales,Canada,,76458.07,2020-01-08,,emp10724@company.com
E10725,Employee_725,Sales,UK,51,51923.48,2020-02-12,Inactive,emp10725@company.com
E10726,Employee_726,Support,Australia,30,96570.82,2016-12-26,Inactive,emp10726@company.com
E10727,Employee_727,Finance,UK,60,135909.04,2021-07-08,Active,emp10727@company.com
E10728,Employee_728,Support,Australia,58,84679.45,2016-08-20,On Leave,emp10728@company.com
E10729,Employee_729,Sales,Australia,42,140364.27,2020-10-01,Active,emp10729@company.com
E10730,Employee_730,HR,Canada,53,39917.69,2020-09-07,Active,emp10730@company.com
E10731,Employee_731,Marketing,Canada,53,167263.5,2022-12-05,On Leave,emp10731@company.com
E10732,Employee_732,Support,UK,59,62893.1,2018-12-11,Inactive,emp10732@company.com
E10733,Employee_733,Marketing,UK,46,87940.76,2021-11-09,Active,emp10733@company.com
E10734,Employee_734,Finance,Germany,45,154757.97,2020-12-27,Inactive,emp10734@company.com
E10735,Employee_735,Finance,Canada,32,177792.71,2015-11-23,On Leave,emp10735@company.com
E10736,Employee_736,Sales,USA,26,154314.44,2020-10-08,,emp10736@company.com
E10737,Employee_737,Marketing,Germany,24,163314.12,2024-01-01,Active,emp10737@company.com
E10738,Employee_738,Marketing,Canada,58,62941.55,2023-06-15,,emp10738@company.com
E10739,Employee_739,Marketing,Germany,28,148066.38,2016-12-07,On Leave,emp10739@company.com
E10740,Employee_740,Finance,Australia,41,74508.62,2018-01-03,Active,emp10740@company.com
E10741,Employee_741,Marketing,Canada,48,74021.99,2023-09-10,Inactive,emp10741@company.com
E10742,Employee_742,Engineering,Canada,36,109545.44,2023-12-14,Inactive,emp10742@company.com
E10743,Employee_743,HR,India,26,,2017-01-20,On Leave,emp10743@company.com
E10744,Employee_744,Sales,India,27,57896.78,2017-09-22,,emp10744@company.com
E10745,Employee_745,Sales,India,49,53400.65,2017-09-11,,emp10745@company.com
E10746,Employee_746,HR,Germany,26,122880.62,2016-09-18,,emp10746@company.com
E10747,Employee_747,Finance,USA,60,161893.28,2021-01-18,On Leave,emp10747@company.com
E10748,Employee_748,Sales,Australia,47,162750.66,2015-03-24,On Leave,emp10748@company.com
E10749,Employee_749,Support,USA,42,168974.82,2022-11-26,,emp10749@company.com
E10750,Employee_750,Marketing,Germany,27,162994.54,2023-07-22,On Leave,emp10750@company.com
E10751,Employee_751,Finance,Canada,49,163319.37,2016-12-07,On Leave,emp10751@company.com
E10752,Employee_752,HR,USA,54,167960.21,2021-09-18,Inactive,emp10752@company.com
E10753,Employee_753,Sales,USA,49,151972.26,2018-01-08,Active,
E10754,Employee_754,Sales,India,30,111484.73,2022-05-01,,emp10754@company.com
E10755,Employee_755,Sales,Australia,56,105579.65,2020-07-05,Active,emp10755@company.com
E10756,Employee_756,HR,India,54,129412.65,2023-09-05,,
E10757,Employee_757,HR,Australia,46,179150.2,2015-02-16,,emp10757@company.com
E10758,Employee_758,Finance,UK,37,128897.48,2023-09-15,,emp10758@company.com
E10759,Employee_759,Finance,Canada,52,173640.98,2021-02-14,Inactive,emp10759@company.com
E10760,Employee_760,Marketing,Australia,48,131594.72,2018-04-08,Inactive,emp10760@company.com
E10761,Employee_761,Engineering,UK,24,,2019-11-26,,emp10761@company.com
E10762,Employee_762,Finance,Australia,57,138570.37,2022-08-28,,emp10762@company.com
E10763,Employee_763,Engineering,USA,60,127266.0,2022-03-08,Active,emp10763@company.com
E10764,Employee_764,Support,Canada,28,119387.56,2021-10-25,On Leave,emp10764@company.com
E10765,Employee_765,Marketing,Germany,42,55616.03,2024-02-15,Active,emp10765@company.com
E10766,Employee_766,Support,Germany,53,89119.89,2023-05-11,,emp10766@company.com
E10767,Employee_767,Engineering,USA,37,127923.46,2024-09-23,Active,emp10767@company.com
E10768,Employee_768,Finance,Germany,22,38555.3,2019-01-12,On Leave,emp10768@company.com
E10769,Employee_769,Engineering,India,54,48783.54,2016-09-23,On Leave,emp10769@company.com
E10770,Employee_770,Engineering,India,50,69235.62,2023-05-17,Inactive,emp10770@company.com
E10771,Employee_771,Support,UK,37,116042.5,2016-01-18,Inactive,emp10771@company.com
E10772,Employee_772,Finance,USA,49,94201.45,2021-04-01,On Leave,emp10772@company.com
E10773,Employee_773,Support,Canada,37,120902.13,2015-01-20,Inactive,emp10773@company.com
E10774,Employee_774,Marketing,USA,37,120255.18,2018-02-21,,emp10774@company.com
E10775,Employee_775,Engineering,India,49,51397.48,2020-08-06,,emp10775@company.com
E10776,Employee_776,HR,Australia,45,61733.11,2016-08-18,Active,emp10776@company.com
E10777,Employee_777,Engineering,USA,44,47173.95,2022-08-13,,emp10777@company.com
E10778,Employee_778,Finance,UK,50,48809.58,2020-06-08,Inactive,emp10778@company.com
E10779,Employee_779,Support,India,46,106713.78,2018-04-12,Inactive,emp10779@company.com
E10780,Employee_780,Marketing,USA,28,143002.77,2015-07-03,,emp10780@company.com
E10781,Employee_781,Finance,UK,54,53320.99,2021-06-07,On Leave,emp10781@company.com
E10782,Employee_782,Finance,India,37,165883.86,2020-12-28,Inactive,emp10782@company.com
E10783,Employee_783,Engineering,Australia,60,172895.89,2021-09-27,Active,emp10783@company.com
E10784,Employee_784,HR,Germany,22,141681.94,2017-10-02,,emp10784@company.com
E10785,Employee_785,Support,Australia,41,146093.9,2015-05-11,,emp10785@company.com
E10786,Employee_786,Engineering,USA,25,153138.06,2023-07-28,Active,emp10786@company.com
E10787,Employee_787,Support,UK,26,52520.31,2021-02-27,Active,emp10787@company.com
E10788,Employee_788,Support,Canada,46,52452.96,2024-01-23,On Leave,emp10788@company.com
E10789,Employee_789,HR,Australia,57,178106.8,2016-03-25,Active,emp10789@company.com
E10790,Employee_790,Sales,Germany,46,43744.2,2017-09-27,,emp10790@company.com
E10791,Employee_791,Support,Germany,33,94948.19,2018-05-02,,emp10791@company.com
E10792,Employee_792,Support,UK,47,90808.99,2016-02-10,Active,emp10792@company.com
E10793,Employee_793,HR,USA,26,124287.46,2015-12-05,Inactive,emp10793@company.com
E10794,Employee_794,Finance,Canada,57,69667.59,2017-11-28,On Leave,emp10794@company.com
E10795,Employee_795,HR,India,53,159140.25,2023-04-16,Inactive,emp10795@company.com
E10796,Employee_796,Finance,Australia,58,115123.07,2023-12-05,Active,emp10796@company.com
E10797,Employee_797,Sales,Australia,29,58343.91,2015-09-09,Inactive,emp10797@company.com
E10798,Employee_798,Sales,UK,,159166.3,2021-05-12,Inactive,emp10798@company.com
E10799,Employee_799,Sales,USA,40,106470.36,2018-02-16,Active,emp10799@company.com
E10800,Employee_800,Sales,UK,28,100759.08,2015-06-06,Active,emp10800@company.com
E10801,Employee_801,Support,India,60,111917.98,2018-10-28,Active,emp10801@company.com
E10802,Employee_802,Marketing,USA,28,85206.96,2024-07-09,Inactive,emp10802@company.com
E10803,Employee_803,Marketing,UK,47,90349.87,2021-09-06,Active,emp10803@company.com
E10804,Employee_804,Marketing,India,30,158762.97,2022-09-06,Inactive,emp10804@company.com
E10805,Employee_805,Sales,India,51,163536.87,2018-02-19,Active,emp10805@company.com
E10806,Employee_806,Engineering,USA,57,122171.75,2016-06-08,Active,emp10806@company.com
E10807,Employee_807,HR,Canada,44,92361.88,2023-09-27,,emp10807@company.com
E10808,Employee_808,Sales,Australia,23,145199.57,2017-10-13,Inactive,emp10808@company.com
E10809,Employee_809,Sales,UK,35,45450.53,2021-12-09,,emp10809@company.com
E10810,Employee_810,HR,Australia,52,41244.66,2020-09-01,,emp10810@company.com
E10811,Employee_811,Sales,Canada,40,105180.87,2017-08-15,Active,emp10811@company.com
E10812,Employee_812,HR,Canada,42,54364.41,2023-02-12,Active,emp10812@company.com
E10813,Employee_813,Marketing,Germany,47,150411.92,2017-03-07,Active,emp10813@company.com
E10814,Employee_814,Sales,UK,29,98687.0,2024-10-27,Active,emp10814@company.com
E10815,Employee_815,Marketing,Australia,30,119406.57,2019-06-14,Active,emp10815@company.com
E10816,Employee_816,Marketing,UK,44,109891.36,2018-08-09,Inactive,emp10816@company.com
E10817,Employee_817,Support,Canada,34,160539.78,2023-12-23,,emp10817@company.com
E10818,Employee_818,Engineering,USA,27,153057.66,2016-08-12,,emp10818@company.com
E10819,Employee_819,Sales,UK,31,64208.11,2024-03-08,,emp10819@company.com
E10820,Employee_820,HR,USA,37,140350.16,2023-10-10,Inactive,emp10820@company.com
E10821,Employee_821,Marketing,Canada,37,58879.76,2017-10-17,Inactive,emp10821@company.com
E10822,Employee_822,HR,India,30,149125.26,2019-05-27,On Leave,emp10822@company.com
E10823,Employee_823,Engineering,Germany,25,71885.45,2019-12-28,Inactive,emp10823@company.com
E10824,Employee_824,Sales,India,34,100367.24,2020-08-11,Active,emp10824@company.com
E10825,Employee_825,Sales,India,46,,2016-02-25,,emp10825@company.com
E10826,Employee_826,Sales,India,27,41913.31,2016-07-17,Active,emp10826@company.com
E10827,Employee_827,Support,Australia,54,108738.95,2024-12-15,,emp10827@company.com
E10828,Employee_828,Engineering,Germany,28,83926.85,2019-10-21,Inactive,emp10828@company.com
E10829,Employee_829,Engineering,Germany,28,151405.77,2018-10-16,,emp10829@company.com
E10830,Employee_830,Sales,Australia,60,146397.26,2015-02-06,Active,emp10830@company.com
E10831,Employee_831,Marketing,India,28,83764.54,2023-10-27,Inactive,
E10832,Employee_832,Finance,India,53,51518.13,2017-11-02,Inactive,emp10832@company.com
E10833,Employee_833,Engineering,Germany,45,86748.35,2024-04-03,Active,emp10833@company.com
E10834,Employee_834,Engineering,Germany,50,178144.26,2017-01-19,,emp10834@company.com
E10835,Employee_835,Finance,UK,,,2020-09-20,On Leave,emp10835@company.com
E10836,Employee_836,HR,Australia,28,108957.29,2021-08-08,Inactive,emp10836@company.com
E10837,Employee_837,Marketing,India,44,45323.64,2015-11-10,Active,emp10837@company.com
E10838,Employee_838,HR,Germany,31,68292.08,2022-10-26,Active,emp10838@company.com
E10839,Employee_839,Sales,Canada,23,128733.84,2022-09-23,,emp10839@company.com
E10840,Employee_840,HR,USA,39,,2022-07-01,Active,emp10840@company.com
E10841,Employee_841,Sales,USA,53,86850.77,2017-02-13,Inactive,
E10842,Employee_842,Support,UK,60,40190.81,2023-01-20,,emp10842@company.com
E10843,Employee_843,Marketing,USA,26,58855.01,2019-08-26,Active,emp10843@company.com
E10844,Employee_844,Support,India,58,36082.82,2023-10-15,Active,emp10844@company.com
E10845,Employee_845,Engineering,Canada,32,167468.06,2015-11-28,,emp10845@company.com
E10846,Employee_846,Sales,USA,58,170746.15,2016-06-23,,emp10846@company.com
E10847,Employee_847,Finance,Australia,52,72059.42,2018-08-19,On Leave,emp10847@company.com
E10848,Employee_848,HR,Germany,35,77977.49,2021-02-25,On Leave,emp10848@company.com
E10849,Employee_849,Engineering,Germany,40,48769.59,2020-01-23,Inactive,emp10849@company.com
E10850,Employee_850,HR,UK,34,61536.2,2017-11-10,,emp10850@company.com
E10851,Employee_851,Engineering,Canada,50,90683.63,2020-07-02,Active,emp10851@company.com
E10852,Employee_852,Finance,USA,31,70116.7,2016-11-06,,emp10852@company.com
E10853,Employee_853,Support,Australia,55,157567.71,2019-01-14,Inactive,emp10853@company.com
E10854,Employee_854,Finance,USA,57,106027.93,2016-01-12,,emp10854@company.com
E10855,Employee_855,Sales,Canada,37,151410.81,2020-01-20,Active,emp10855@company.com
E10856,Employee_856,Marketing,Germany,33,87092.99,2023-09-04,Active,emp10856@company.com
E10857,Employee_857,Sales,Germany,24,122150.14,2016-11-23,Inactive,emp10857@company.com
E10858,Employee_858,HR,UK,44,160838.48,2018-01-26,On Leave,emp10858@company.com
E10859,Employee_859,Support,Australia,25,62321.18,2023-08-01,On Leave,emp10859@company.com
E10860,Employee_860,Support,India,56,110172.32,2020-03-12,Inactive,emp10860@company.com
E10861,Employee_861,Finance,UK,56,84063.48,2022-12-26,On Leave,emp10861@company.com
E10862,Employee_862,HR,Canada,24,140651.96,2020-07-12,Inactive,emp10862@company.com
E10863,Employee_863,Finance,India,49,153753.09,2023-12-16,On Leave,emp10863@company.com
E10864,Employee_864,Sales,India,26,97653.13,2021-03-28,Active,emp10864@company.com
E10865,Employee_865,Engineering,Australia,37,50738.41,2021-12-14,,emp10865@company.com
E10866,Employee_866,Finance,Germany,53,54221.96,2018-12-12,On Leave,
E10867,Employee_867,Support,Germany,40,66145.59,2019-11-16,Active,emp10867@company.com
E10868,Employee_868,Support,Germany,50,86334.93,2021-02-10,,emp10868@company.com
E10869,Employee_869,Sales,Germany,32,144300.27,2018-04-27,Inactive,emp10869@company.com
E10870,Employee_870,Sales,Australia,58,47156.39,2022-07-28,Active,emp10870@company.com
E10871,Employee_871,Support,Canada,26,103964.39,2016-11-03,On Leave,emp10871@company.com
E10872,Employee_872,Engineering,Germany,53,38021.31,2016-11-17,Inactive,emp10872@company.com
E10873,Employee_873,Marketing,UK,48,,2018-06-28,Inactive,emp10873@company.com
E10874,Employee_874,Marketing,Canada,29,56132.12,2019-04-04,,emp10874@company.com
E10875,Employee_875,HR,Canada,39,129504.3,2016-04-27,Active,emp10875@company.com
E10876,Employee_876,Finance,Germany,30,110836.32,2021-03-17,Inactive,emp10876@company.com
E10877,Employee_877,Engineering,India,29,,2023-08-12,Active,emp10877@company.com
E10878,Employee_878,HR,Germany,46,40413.64,2021-12-19,Active,emp10878@company.com
E10879,Employee_879,Engineering,Germany,45,42828.16,2023-01-05,Inactive,emp10879@company.com
E10880,Employee_880,Sales,Canada,45,,2018-11-20,Inactive,emp10880@company.com
E10881,Employee_881,Finance,Australia,32,,2015-04-27,,emp10881@company.com
E10882,Employee_882,Engineering,India,25,102256.12,2022-03-13,Active,emp10882@company.com
E10883,Employee_883,Finance,USA,57,134028.63,2020-09-27,,emp10883@company.com
E10884,Employee_884,Finance,Canada,52,175477.72,2020-09-27,Inactive,
E10885,Employee_885,HR,Canada,50,77281.15,2023-10-28,,emp10885@company.com
E10886,Employee_886,Engineering,India,27,53492.69,2024-04-03,Active,emp10886@company.com
E10887,Employee_887,Support,UK,22,172543.63,2023-07-15,Active,emp10887@company.com
E10888,Employee_888,Sales,Australia,49,145364.7,2020-06-04,,emp10888@company.com
E10889,Employee_889,Finance,Canada,59,143633.83,2022-03-28,Inactive,emp10889@company.com
E10890,Employee_890,Sales,Germany,36,78813.03,2021-01-14,,emp10890@company.com
E10891,Employee_891,HR,UK,44,143632.85,2018-06-10,Active,emp10891@company.com
E10892,Employee_892,Marketing,India,25,86631.0,2023-03-02,Active,emp10892@company.com
E10893,Employee_893,Finance,Germany,40,179766.47,2024-02-04,Inactive,emp10893@company.com
E10894,Employee_894,Engineering,Australia,56,114752.98,2024-09-06,Inactive,emp10894@company.com
E10895,Employee_895,Engineering,Australia,30,95451.34,2022-09-18,On Leave,emp10895@company.com
E10896,Employee_896,Engineering,Canada,60,73275.88,2023-12-22,Active,emp10896@company.com
E10897,Employee_897,HR,India,,116234.42,2018-02-02,Inactive,emp10897@company.com
E10898,Employee_898,Engineering,India,37,,2018-06-11,Active,emp10898@company.com
E10899,Employee_899,HR,India,28,174964.35,2017-08-03,Active,emp10899@company.com
E10900,Employee_900,Finance,Australia,31,52891.66,2020-10-01,Inactive,emp10900@company.com
E10901,Employee_901,Marketing,Canada,44,157838.06,2018-12-13,On Leave,emp10901@company.com
E10902,Employee_902,Finance,Germany,40,155324.46,2023-05-23,Inactive,emp10902@company.com
E10903,Employee_903,Engineering,UK,56,45577.84,2019-10-23,Inactive,emp10903@company.com
E10904,Employee_904,Sales,India,60,162623.73,2019-09-25,On Leave,
E10905,Employee_905,Support,Australia,54,103163.59,2023-09-20,On Leave,emp10905@company.com
E10906,Employee_906,Sales,UK,40,51111.78,2015-02-26,,emp10906@company.com
E10907,Employee_907,Sales,USA,33,165775.09,2024-03-24,On Leave,emp10907@company.com
E10908,Employee_908,HR,Canada,53,173092.92,2017-06-23,,emp10908@company.com
E10909,Employee_909,Engineering,Canada,32,36062.96,2019-07-07,,emp10909@company.com
E10910,Employee_910,Engineering,USA,50,39749.52,2017-05-17,,emp10910@company.com
E10911,Employee_911,Marketing,Canada,55,36556.74,2015-12-09,Active,emp10911@company.com
E10912,Employee_912,Engineering,India,33,138143.0,2015-02-19,Active,emp10912@company.com
E10913,Employee_913,Marketing,India,41,98587.29,2017-02-08,Inactive,emp10913@company.com
E10914,Employee_914,Engineering,USA,28,54410.77,2020-12-24,Inactive,emp10914@company.com
E10915,Employee_915,Marketing,Canada,24,91136.05,2019-05-22,On Leave,emp10915@company.com
E10916,Employee_916,Marketing,Australia,28,178594.86,2019-10-12,Active,emp10916@company.com
E10917,Employee_917,Marketing,Australia,27,73972.57,2020-08-05,,emp10917@company.com
E10918,Employee_918,Finance,Australia,39,165374.12,2023-01-08,Active,emp10918@company.com
E10919,Employee_919,Marketing,USA,55,178915.73,2022-02-28,On Leave,emp10919@company.com
E10920,Employee_920,Finance,USA,51,145551.03,2023-06-03,Active,emp10920@company.com
E10921,Employee_921,Support,USA,59,,2018-11-20,,emp10921@company.com
E10922,Employee_922,HR,USA,28,67092.01,2024-02-14,Active,emp10922@company.com
E10923,Employee_923,Sales,Australia,52,104103.31,2021-11-21,Inactive,emp10923@company.com
E10924,Employee_924,Finance,India,60,109670.99,2023-09-09,,emp10924@company.com
E10925,Employee_925,Finance,India,46,161215.81,2018-09-17,Inactive,emp10925@company.com
E10926,Employee_926,Support,Canada,53,101302.57,2023-01-26,Active,emp10926@company.com
E10927,Employee_927,HR,USA,47,86352.07,2019-08-08,,emp10927@company.com
E10928,Employee_928,Marketing,Canada,41,126232.45,2023-02-26,,emp10928@company.com
E10929,Employee_929,Support,India,59,85787.99,2021-07-17,,emp10929@company.com
E10930,Employee_930,Sales,Germany,24,84336.43,2022-08-05,Inactive,emp10930@company.com
E10931,Employee_931,Support,UK,41,82568.73,2018-12-25,Active,emp10931@company.com
E10932,Employee_932,Marketing,India,30,,2023-04-02,Active,emp10932@company.com
E10933,Employee_933,HR,Australia,30,128445.47,2017-03-08,Inactive,emp10933@company.com
E10934,Employee_934,Engineering,Canada,34,60242.56,2019-03-03,Active,emp10934@company.com
E10935,Employee_935,Sales,USA,40,149381.95,2020-12-02,On Leave,
E10936,Employee_936,Finance,Australia,33,134889.92,2017-03-24,Active,emp10936@company.com
E10937,Employee_937,Finance,UK,31,139210.96,2018-05-02,Active,emp10937@company.com
E10938,Employee_938,Marketing,Australia,31,165115.27,2023-03-21,On Leave,emp10938@company.com
E10939,Employee_939,Support,Australia,52,62276.77,2021-04-11,,emp10939@company.com
E10940,Employee_940,Engineering,India,34,101182.5,2016-09-07,Inactive,emp10940@company.com
E10941,Employee_941,HR,UK,59,48434.2,2015-10-06,Active,emp10941@company.com
E10942,Employee_942,Marketing,Australia,56,144172.41,2017-10-19,Inactive,emp10942@company.com
E10943,Employee_943,Sales,USA,59,105592.73,2021-02-10,On Leave,emp10943@company.com
E10944,Employee_944,Engineering,Australia,25,139825.86,2016-09-19,Active,emp10944@company.com
E10945,Employee_945,Engineering,Australia,55,65285.16,2017-04-28,Inactive,emp10945@company.com
E10946,Employee_946,Support,Germany,56,90327.82,2016-07-02,Active,
E10947,Employee_947,Sales,India,40,81946.19,2015-09-04,Inactive,emp10947@company.com
E10948,Employee_948,Sales,UK,58,89004.36,2024-03-03,Active,emp10948@company.com
E10949,Employee_949,Finance,Canada,46,113239.14,2019-12-01,On Leave,emp10949@company.com
E10950,Employee_950,Marketing,Australia,54,43086.61,2016-07-05,,emp10950@company.com
E10951,Employee_951,HR,Canada,38,141779.48,2015-12-24,,emp10951@company.com
E10952,Employee_952,Finance,India,,79835.07,2015-02-04,Active,emp10952@company.com
E10953,Employee_953,Finance,USA,49,39138.77,2020-06-05,Inactive,
E10954,Employee_954,Engineering,Canada,54,60970.74,2018-05-06,On Leave,emp10954@company.com
E10955,Employee_955,Support,UK,50,68981.7,2017-08-12,On Leave,emp10955@company.com
E10956,Employee_956,HR,Canada,49,35722.68,2018-01-13,On Leave,emp10956@company.com
E10957,Employee_957,Marketing,Germany,55,161468.76,2021-09-05,On Leave,emp10957@company.com
E10958,Employee_958,Finance,Germany,52,144429.49,2024-06-23,,
E10959,Employee_959,Sales,India,24,169413.1,2017-07-12,,emp10959@company.com
E10960,Employee_960,Finance,Germany,34,82090.62,2023-12-26,Active,emp10960@company.com
E10961,Employee_961,HR,UK,43,105975.82,2020-12-28,Inactive,emp10961@company.com
E10962,Employee_962,Sales,Germany,52,164715.15,2018-01-22,,emp10962@company.com
E10963,Employee_963,HR,Australia,46,45441.65,2023-10-06,On Leave,emp10963@company.com
E10964,Employee_964,Engineering,UK,51,60598.25,2020-06-20,On Leave,emp10964@company.com
E10965,Employee_965,Engineering,India,41,132717.27,2015-08-14,Inactive,emp10965@company.com
E10966,Employee_966,Engineering,UK,57,48630.2,2016-12-25,Inactive,emp10966@company.com
E10967,Employee_967,Engineering,India,34,176739.36,2022-10-17,On Leave,emp10967@company.com
E10968,Employee_968,Sales,Canada,21,,2016-03-20,,emp10968@company.com
E10969,Employee_969,HR,USA,37,119047.05,2020-06-04,,emp10969@company.com
E10970,Employee_970,Marketing,USA,24,172585.33,2015-10-12,Inactive,emp10970@company.com
E10971,Employee_971,Engineering,Canada,49,36347.68,2019-08-09,Active,emp10971@company.com
E10972,Employee_972,Marketing,Canada,56,100437.31,2018-06-11,,emp10972@company.com
E10973,Employee_973,HR,Germany,34,60241.76,2017-06-15,On Leave,emp10973@company.com
E10974,Employee_974,Support,Australia,29,53871.39,2021-11-17,On Leave,emp10974@company.com
E10975,Employee_975,Finance,Germany,56,135811.37,2022-01-05,,emp10975@company.com
E10976,Employee_976,Engineering,India,54,175431.66,2015-08-02,,emp10976@company.com
E10977,Employee_977,Finance,USA,56,113070.59,2021-02-05,Inactive,emp10977@company.com
E10978,Employee_978,Marketing,Germany,46,67158.79,2020-09-24,Active,emp10978@company.com
E10979,Employee_979,Support,Germany,41,133838.62,2020-03-17,Active,emp10979@company.com
E10980,Employee_980,HR,Germany,46,129584.47,2020-04-17,Inactive,emp10980@company.com
E10981,Employee_981,Sales,UK,38,117869.35,2019-04-19,Active,emp10981@company.com
E10982,Employee_982,Marketing,USA,42,56485.08,2022-03-09,Inactive,emp10982@company.com
E10983,Employee_983,Marketing,Australia,30,125298.62,2021-11-23,Active,emp10983@company.com
E10984,Employee_984,Marketing,UK,22,129264.92,2022-03-15,Active,emp10984@company.com
E10985,Employee_985,Support,UK,28,135370.73,2015-05-09,On Leave,emp10985@company.com
E10986,Employee_986,Finance,Germany,25,89039.76,2021-03-12,Inactive,emp10986@company.com
E10987,Employee_987,Sales,Canada,39,111573.04,2015-01-04,Active,emp10987@company.com
E10988,Employee_988,HR,India,35,140463.17,2021-12-21,Active,emp10988@company.com
E10989,Employee_989,HR,Canada,22,55318.92,2017-12-02,Inactive,emp10989@company.com
E10990,Employee_990,Engineering,Australia,22,78526.63,2020-01-10,On Leave,emp10990@company.com
E10991,Employee_991,Support,Canada,58,152725.73,2020-04-07,,emp10991@company.com
E10992,Employee_992,HR,Canada,40,56818.97,2018-02-13,,emp10992@company.com
E10993,Employee_993,Support,Germany,30,173239.41,2017-01-11,,emp10993@company.com
E10994,Employee_994,Marketing,USA,23,170137.58,2020-01-22,Active,emp10994@company.com
E10995,Employee_995,Marketing,UK,30,145372.1,2023-03-26,,emp10995@company.com
E10996,Employee_996,Marketing,UK,51,147573.77,2021-01-23,,emp10996@company.com
E10997,Employee_997,Engineering,UK,48,117728.16,2023-02-26,On Leave,emp10997@company.com
E10998,Employee_998,Marketing,Australia,23,96069.13,2018-09-05,Active,emp10998@company.com
E10999,Employee_999,Sales,Canada,53,149207.37,2021-08-21,,emp10999@company.com
E11000,Employee_1000,Support,India,23,121620.44,2019-10-22,On Leave,emp11000@company.com
E11001,Employee_1001,HR,Canada,27,35693.12,2023-02-21,Active,emp11001@company.com
E11002,Employee_1002,Support,UK,45,140374.02,2020-07-10,Inactive,emp11002@company.com
E11003,Employee_1003,Marketing,India,24,46565.85,2017-07-16,On Leave,emp11003@company.com
E11004,Employee_1004,Marketing,USA,53,127837.68,2015-06-23,Inactive,emp11004@company.com
E11005,Employee_1005,Sales,USA,41,122255.89,2018-12-21,On Leave,emp11005@company.com
E11006,Employee_1006,Engineering,Canada,56,95118.43,2015-09-14,,emp11006@company.com
E11007,Employee_1007,HR,Germany,47,36393.63,2021-10-26,Inactive,emp11007@company.com
E11008,Employee_1008,Sales,UK,40,50467.79,2019-05-11,Active,emp11008@company.com
E11009,Employee_1009,Support,India,25,127803.9,2023-03-10,On Leave,emp11009@company.com
E11010,Employee_1010,Finance,UK,29,81423.57,2016-05-05,On Leave,emp11010@company.com
E11011,Employee_1011,Sales,UK,24,161143.75,2022-10-11,Active,emp11011@company.com
E11012,Employee_1012,Support,UK,40,116666.11,2020-06-14,On Leave,emp11012@company.com
E11013,Employee_1013,Sales,USA,33,66990.26,2024-10-25,Active,emp11013@company.com
E11014,Employee_1014,Finance,UK,36,133276.07,2022-04-18,Inactive,emp11014@company.com
E11015,Employee_1015,Marketing,Germany,50,140531.38,2016-07-17,,emp11015@company.com
E11016,Employee_1016,Support,Germany,58,135136.09,2022-12-09,,emp11016@company.com
E11017,Employee_1017,Marketing,Canada,36,87395.89,2023-02-04,Active,emp11017@company.com
E11018,Employee_1018,Support,UK,50,177430.36,2018-09-28,On Leave,emp11018@company.com
E11019,Employee_1019,HR,Australia,37,42568.12,2018-04-15,Active,emp11019@company.com
E11020,Employee_1020,Engineering,USA,28,125294.2,2016-06-06,Active,emp11020@company.com
E11021,Employee_1021,HR,India,27,60289.05,2022-06-15,On Leave,emp11021@company.com
E11022,Employee_1022,Finance,Germany,24,,2017-08-26,,emp11022@company.com
E11023,Employee_1023,Support,Canada,41,169071.48,2017-11-27,Active,emp11023@company.com
E11024,Employee_1024,HR,India,56,165076.99,2015-09-16,,emp11024@company.com
E11025,Employee_1025,HR,USA,23,109497.63,2019-04-12,Inactive,emp11025@company.com
E11026,Employee_1026,Sales,Australia,54,87963.38,2017-07-17,On Leave,emp11026@company.com
E11027,Employee_1027,Engineering,Australia,25,54337.87,2019-06-27,Active,emp11027@company.com
E11028,Employee_1028,Engineering,Germany,27,89547.79,2022-11-01,Active,emp11028@company.com
E11029,Employee_1029,HR,India,27,79357.34,2020-07-14,Active,emp11029@company.com
E11030,Employee_1030,Support,UK,,115659.5,2024-06-02,On Leave,
E11031,Employee_1031,Support,Germany,30,154120.06,2023-12-22,Inactive,emp11031@company.com
E11032,Employee_1032,Marketing,India,26,170884.36,2021-08-20,On Leave,emp11032@company.com
E11033,Employee_1033,Engineering,Germany,51,172189.15,2023-09-28,Inactive,emp11033@company.com
E11034,Employee_1034,Sales,USA,28,175671.96,2021-01-27,Inactive,emp11034@company.com
E11035,Employee_1035,Support,USA,55,134092.78,2024-01-24,Active,emp11035@company.com
E11036,Employee_1036,Support,Germany,50,58964.9,2022-11-27,On Leave,emp11036@company.com
E11037,Employee_1037,HR,Australia,53,137070.76,2016-03-22,On Leave,emp11037@company.com
E11038,Employee_1038,Sales,Canada,27,40679.77,2016-03-21,,emp11038@company.com
E11039,Employee_1039,Sales,India,54,124279.74,2024-08-13,Inactive,emp11039@company.com
E11040,Employee_1040,Finance,Australia,42,159816.63,2023-09-14,,emp11040@company.com
E11041,Employee_1041,Engineering,Canada,50,93404.76,2015-07-03,,emp11041@company.com
E11042,Employee_1042,HR,Germany,41,72611.22,2023-09-17,On Leave,emp11042@company.com
E11043,Employee_1043,Marketing,Australia,23,136679.38,2017-07-25,,emp11043@company.com
E11044,Employee_1044,Engineering,Germany,56,79014.81,2020-02-12,Active,emp11044@company.com
E11045,Employee_1045,Marketing,Germany,32,150278.62,2017-03-12,On Leave,emp11045@company.com
E11046,Employee_1046,Support,USA,58,111693.78,2024-07-11,Active,emp11046@company.com
E11047,Employee_1047,Finance,Australia,30,166901.35,2024-01-08,Inactive,emp11047@company.com
E11048,Employee_1048,Sales,Germany,41,159434.66,2020-05-15,Active,emp11048@company.com
E11049,Employee_1049,Marketing,UK,32,110519.13,2017-03-10,Inactive,
E11050,Employee_1050,Finance,Canada,55,160940.24,2020-01-25,,emp11050@company.com
E11051,Employee_1051,Marketing,India,30,132520.81,2024-04-13,Active,emp11051@company.com
E11052,Employee_1052,HR,UK,42,112997.53,2016-05-20,On Leave,emp11052@company.com
E11053,Employee_1053,Finance,USA,45,174603.89,2022-02-23,,emp11053@company.com
E11054,Employee_1054,Finance,USA,42,63037.75,2021-02-08,Active,emp11054@company.com
E11055,Employee_1055,Sales,UK,24,118345.73,2019-08-13,Inactive,emp11055@company.com
E11056,Employee_1056,Finance,Australia,43,138261.17,2019-12-23,,emp11056@company.com
E11057,Employee_1057,Engineering,India,57,,2022-09-02,,emp11057@company.com
E11058,Employee_1058,Sales,Australia,25,68958.1,2021-11-07,Inactive,emp11058@company.com
E11059,Employee_1059,Marketing,USA,25,121828.1,2021-08-11,On Leave,emp11059@company.com
E11060,Employee_1060,Support,Canada,40,84765.61,2023-08-04,,emp11060@company.com
E11061,Employee_1061,Support,Germany,25,62095.56,2023-12-13,On Leave,emp11061@company.com
E11062,Employee_1062,HR,UK,42,72175.7,2022-08-15,,emp11062@company.com
E11063,Employee_1063,Sales,USA,50,179788.62,2019-07-19,Active,emp11063@company.com
E11064,Employee_1064,Engineering,USA,30,163704.66,2022-05-15,,emp11064@company.com
E11065,Employee_1065,Support,Australia,21,50420.09,2015-05-01,Inactive,emp11065@company.com
E11066,Employee_1066,HR,Germany,57,153442.65,2016-08-13,On Leave,emp11066@company.com
E11067,Employee_1067,Engineering,UK,34,153426.09,2021-12-21,,emp11067@company.com
E11068,Employee_1068,Support,India,28,131909.65,2019-01-17,On Leave,emp11068@company.com
E11069,Employee_1069,Support,Canada,44,169074.85,2020-03-15,,emp11069@company.com
E11070,Employee_1070,Finance,Australia,32,99578.7,2023-03-19,On Leave,emp11070@company.com
E11071,Employee_1071,Sales,Canada,35,117137.63,2017-02-27,Inactive,emp11071@company.com
E11072,Employee_1072,Support,Australia,48,111439.09,2020-09-25,On Leave,emp11072@company.com
E11073,Employee_1073,Engineering,Australia,42,166340.11,2024-09-10,,emp11073@company.com
E11074,Employee_1074,Sales,Germany,50,54338.4,2021-05-14,,emp11074@company.com
E11075,Employee_1075,Marketing,Germany,46,51668.17,2022-08-15,Active,emp11075@company.com
E11076,Employee_1076,Marketing,USA,21,144857.0,2020-12-16,,emp11076@company.com
E11077,Employee_1077,Finance,India,40,177791.57,2019-12-04,Active,emp11077@company.com
E11078,Employee_1078,Sales,India,38,142999.75,2015-11-19,Inactive,emp11078@company.com
E11079,Employee_1079,HR,Australia,54,154278.81,2020-06-16,Active,emp11079@company.com
E11080,Employee_1080,Finance,India,26,129787.2,2017-07-14,Active,emp11080@company.com
E11081,Employee_1081,Sales,Canada,55,56610.31,2017-10-02,Inactive,emp11081@company.com
E11082,Employee_1082,Support,Australia,23,161533.69,2023-07-06,Inactive,emp11082@company.com
E11083,Employee_1083,Support,India,49,50561.98,2020-06-23,Inactive,emp11083@company.com
E11084,Employee_1084,Sales,Germany,58,62618.14,2018-12-24,Active,emp11084@company.com
E11085,Employee_1085,Support,USA,24,126517.16,2019-09-14,Inactive,emp11085@company.com
E11086,Employee_1086,HR,Australia,53,116930.07,2023-02-15,,emp11086@company.com
E11087,Employee_1087,HR,USA,40,98305.94,2022-03-16,Inactive,emp11087@company.com
E11088,Employee_1088,Marketing,Germany,34,95910.04,2019-12-09,Inactive,emp11088@company.com
E11089,Employee_1089,Marketing,UK,41,171420.91,2017-08-01,On Leave,emp11089@company.com
E11090,Employee_1090,Finance,Australia,54,134000.59,2023-07-08,On Leave,emp11090@company.com
E11091,Employee_1091,HR,UK,41,179108.02,2016-10-14,,emp11091@company.com
E11092,Employee_1092,Sales,Canada,49,54003.16,2016-05-17,,emp11092@company.com
E11093,Employee_1093,Support,Australia,43,155508.65,2024-10-23,,emp11093@company.com
E11094,Employee_1094,Sales,India,49,37085.76,2023-08-07,,emp11094@company.com
E11095,Employee_1095,Engineering,Canada,55,,2023-07-11,,emp11095@company.com
E11096,Employee_1096,HR,UK,48,66452.67,2020-09-12,Active,emp11096@company.com
E11097,Employee_1097,HR,Canada,50,178139.64,2024-11-08,Active,emp11097@company.com
E11098,Employee_1098,Sales,Germany,39,111752.69,2015-04-17,Active,emp11098@company.com
E11099,Employee_1099,Marketing,Germany,32,60821.02,2017-04-27,Active,emp11099@company.com
E11100,Employee_1100,HR,USA,44,61707.83,2024-04-21,,emp11100@company.com
E11101,Employee_1101,Support,India,56,168708.82,2018-04-24,,emp11101@company.com
E11102,Employee_1102,HR,USA,56,66630.72,2021-02-08,On Leave,emp11102@company.com
E11103,Employee_1103,Marketing,UK,36,99102.15,2018-01-24,On Leave,emp11103@company.com
E11104,Employee_1104,HR,Canada,46,104379.19,2017-01-04,Inactive,emp11104@company.com
E11105,Employee_1105,Marketing,Germany,48,113455.42,2016-07-26,Inactive,emp11105@company.com
E11106,Employee_1106,Marketing,UK,35,67747.5,2023-09-12,,emp11106@company.com
E11107,Employee_1107,Engineering,India,49,55218.28,2017-11-26,Inactive,emp11107@company.com
E11108,Employee_1108,Finance,UK,24,55214.06,2020-01-19,,emp11108@company.com
E11109,Employee_1109,Marketing,UK,47,57125.74,2020-04-08,Inactive,emp11109@company.com
E11110,Employee_1110,Finance,UK,22,138779.85,2021-12-14,,emp11110@company.com
E11111,Employee_1111,Sales,Germany,34,165622.38,2021-03-27,Inactive,emp11111@company.com
E11112,Employee_1112,Marketing,India,53,114762.83,2021-05-26,Inactive,emp11112@company.com
E11113,Employee_1113,Sales,USA,42,53884.53,2016-02-23,On Leave,emp11113@company.com
E11114,Employee_1114,HR,Germany,47,85996.96,2022-10-02,Inactive,emp11114@company.com
E11115,Employee_1115,Finance,USA,23,90066.76,2023-08-19,Inactive,emp11115@company.com
E11116,Employee_1116,Marketing,Germany,47,161579.84,2019-09-10,,emp11116@company.com
E11117,Employee_1117,Sales,Canada,47,110126.91,2020-12-01,On Leave,emp11117@company.com
E11118,Employee_1118,Finance,Canada,35,97584.92,2017-10-11,Inactive,emp11118@company.com
E11119,Employee_1119,Finance,Canada,35,94845.07,2017-04-20,,emp11119@company.com
E11120,Employee_1120,HR,Canada,33,84986.06,2021-10-13,On Leave,emp11120@company.com
E11121,Employee_1121,Marketing,Germany,58,76208.6,2019-08-10,,
E11122,Employee_1122,HR,Australia,21,52058.32,2023-01-21,On Leave,emp11122@company.com
E11123,Employee_1123,Engineering,USA,38,47674.33,2021-08-27,Inactive,emp11123@company.com
E11124,Employee_1124,HR,USA,21,122261.83,2023-06-12,,emp11124@company.com
E11125,Employee_1125,Finance,USA,60,65988.84,2022-10-11,,emp11125@company.com
E11126,Employee_1126,HR,Germany,31,121002.43,2019-03-27,On Leave,emp11126@company.com
E11127,Employee_1127,Finance,UK,21,121825.39,2019-01-09,,emp11127@company.com
E11128,Employee_1128,HR,Canada,39,133392.91,2016-06-06,On Leave,emp11128@company.com
E11129,Employee_1129,Support,India,46,66249.97,2023-01-26,On Leave,
E11130,Employee_1130,Finance,USA,47,,2020-10-01,,emp11130@company.com
E11131,Employee_1131,Sales,UK,31,170137.63,2020-02-18,,emp11131@company.com
E11132,Employee_1132,Engineering,India,41,113933.08,2020-01-13,On Leave,emp11132@company.com
E11133,Employee_1133,Support,USA,34,156667.94,2023-10-13,On Leave,emp11133@company.com
E11134,Employee_1134,Finance,UK,41,133634.01,2021-02-23,Inactive,emp11134@company.com
E11135,Employee_1135,Marketing,India,25,59677.42,2019-05-03,On Leave,emp11135@company.com
E11136,Employee_1136,HR,UK,56,36680.52,2023-11-17,,emp11136@company.com
E11137,Employee_1137,Engineering,India,29,76250.09,2023-07-03,Active,emp11137@company.com
E11138,Employee_1138,Engineering,India,49,38252.18,2024-02-18,On Leave,emp11138@company.com
E11139,Employee_1139,Sales,Australia,35,131341.26,2016-05-22,,emp11139@company.com
E11140,Employee_1140,Engineering,UK,41,148448.87,2020-02-08,,emp11140@company.com
E11141,Employee_1141,Engineering,Canada,60,58062.29,2019-06-26,Inactive,emp11141@company.com
E11142,Employee_1142,HR,Canada,24,152833.19,2023-10-27,Active,emp11142@company.com
E11143,Employee_1143,Marketing,Germany,,133395.74,2018-06-03,,emp11143@company.com
E11144,Employee_1144,HR,Australia,54,104504.68,2022-08-28,On Leave,emp11144@company.com
E11145,Employee_1145,Finance,India,40,129407.29,2023-05-10,Inactive,emp11145@company.com
E11146,Employee_1146,HR,UK,29,104681.28,2016-11-26,Active,emp11146@company.com
E11147,Employee_1147,Sales,India,31,132885.5,2015-10-03,,emp11147@company.com
E11148,Employee_1148,Engineering,India,53,86172.56,2019-06-05,,emp11148@company.com
E11149,Employee_1149,Support,Canada,26,67485.0,2015-07-08,,emp11149@company.com
E11150,Employee_1150,HR,India,,112082.27,2016-07-10,Inactive,emp11150@company.com
E11151,Employee_1151,HR,Germany,,73272.09,2018-10-21,Active,emp11151@company.com
E11152,Employee_1152,Support,Canada,24,69015.82,2024-04-12,,emp11152@company.com
E11153,Employee_1153,Marketing,Australia,37,161508.16,2015-11-04,Inactive,emp11153@company.com
E11154,Employee_1154,Engineering,Germany,53,91264.8,2023-09-16,,emp11154@company.com
E11155,Employee_1155,Finance,UK,38,76181.42,2017-04-09,On Leave,emp11155@company.com
E11156,Employee_1156,Engineering,USA,39,153958.57,2022-08-17,Inactive,emp11156@company.com
E11157,Employee_1157,Marketing,India,29,130583.46,2017-04-14,Inactive,emp11157@company.com
E11158,Employee_1158,Engineering,India,33,159378.56,2016-04-16,Active,emp11158@company.com
E11159,Employee_1159,Engineering,Canada,55,117800.77,2018-02-02,On Leave,emp11159@company.com
E11160,Employee_1160,Marketing,UK,29,135280.42,2015-04-26,Inactive,emp11160@company.com
E11161,Employee_1161,Finance,Australia,58,143743.14,2020-04-13,On Leave,emp11161@company.com
E11162,Employee_1162,Support,Australia,40,152381.79,2019-10-10,Active,emp11162@company.com
E11163,Employee_1163,Support,Canada,58,160006.73,2019-12-26,Inactive,emp11163@company.com
E11164,Employee_1164,Engineering,Germany,53,148670.97,2015-12-09,Inactive,emp11164@company.com
E11165,Employee_1165,Marketing,USA,42,92176.17,2023-08-01,Active,emp11165@company.com
E11166,Employee_1166,Support,Germany,45,71161.96,2020-04-04,,emp11166@company.com
E11167,Employee_1167,Marketing,USA,30,156334.62,2018-11-16,,emp11167@company.com
E11168,Employee_1168,HR,Canada,45,102346.11,2017-05-08,On Leave,emp11168@company.com
E11169,Employee_1169,HR,Australia,46,93473.38,2020-08-13,,emp11169@company.com
E11170,Employee_1170,Support,India,35,50352.24,2016-03-18,,emp11170@company.com
E11171,Employee_1171,Marketing,Germany,60,90479.81,2022-04-20,Active,emp11171@company.com
E11172,Employee_1172,Support,India,47,88026.42,2020-12-15,On Leave,emp11172@company.com
E11173,Employee_1173,HR,UK,28,,2019-10-06,,emp11173@company.com
E11174,Employee_1174,Support,Australia,52,124279.08,2018-01-24,Inactive,emp11174@company.com
E11175,Employee_1175,Support,Canada,46,70572.22,2020-01-09,Active,emp11175@company.com
E11176,Employee_1176,HR,UK,,166924.61,2020-02-11,On Leave,emp11176@company.com
E11177,Employee_1177,Engineering,Australia,46,42800.71,2016-05-17,Active,emp11177@company.com
E11178,Employee_1178,Support,Canada,28,102268.71,2018-06-10,On Leave,emp11178@company.com
E11179,Employee_1179,Sales,Germany,45,41589.06,2023-10-27,Inactive,emp11179@company.com
E11180,Employee_1180,Finance,India,22,,2023-11-26,Inactive,emp11180@company.com
E11181,Employee_1181,Engineering,Germany,58,,2016-02-16,Inactive,emp11181@company.com
E11182,Employee_1182,Support,USA,49,67410.3,2024-09-13,Inactive,
E11183,Employee_1183,Marketing,India,38,77502.55,2021-05-22,,emp11183@company.com
E11184,Employee_1184,Support,USA,47,41218.54,2019-01-06,Inactive,emp11184@company.com
E11185,Employee_1185,Engineering,Germany,38,76450.45,2020-04-19,On Leave,emp11185@company.com
E11186,Employee_1186,Finance,USA,34,72844.71,2015-05-21,,emp11186@company.com
E11187,Employee_1187,Engineering,Canada,50,97651.19,2023-07-02,On Leave,emp11187@company.com
E11188,Employee_1188,HR,Germany,49,139232.04,2019-04-15,,emp11188@company.com
E11189,Employee_1189,Engineering,USA,26,169801.0,2015-10-24,Active,emp11189@company.com
E11190,Employee_1190,HR,Canada,59,165710.43,2024-11-23,On Leave,emp11190@company.com
E11191,Employee_1191,HR,India,23,47473.99,2019-06-06,Active,emp11191@company.com
E11192,Employee_1192,Engineering,Canada,59,74674.88,2016-07-04,,emp11192@company.com
E11193,Employee_1193,Finance,Canada,35,58562.61,2020-01-24,,emp11193@company.com
E11194,Employee_1194,HR,Australia,37,45713.56,2020-01-05,Inactive,emp11194@company.com
E11195,Employee_1195,Support,Germany,48,70813.2,2018-03-14,,emp11195@company.com
E11196,Employee_1196,Support,Canada,48,89360.19,2019-09-17,Inactive,emp11196@company.com
E11197,Employee_1197,Sales,USA,39,177786.1,2016-11-02,Active,emp11197@company.com
E11198,Employee_1198,Sales,Canada,52,61698.16,2020-06-23,Active,emp11198@company.com
E11199,Employee_1199,Engineering,Germany,29,166281.6,2019-08-18,Inactive,emp11199@company.com
E11200,Employee_1200,Finance,UK,51,141826.58,2020-12-15,Active,emp11200@company.com
E11201,Employee_1201,Support,Germany,55,129024.71,2015-02-25,,emp11201@company.com
E11202,Employee_1202,HR,India,35,156914.51,2017-12-14,,emp11202@company.com
E11203,Employee_1203,Engineering,Germany,44,74881.68,2016-06-28,,emp11203@company.com
E11204,Employee_1204,HR,India,54,102466.21,2016-06-12,On Leave,emp11204@company.com
E11205,Employee_1205,Sales,USA,,120532.68,2024-11-16,Inactive,emp11205@company.com
E11206,Employee_1206,Sales,USA,47,75414.8,2018-03-07,Active,emp11206@company.com
E11207,Employee_1207,HR,India,42,85293.22,2016-12-22,Active,emp11207@company.com
E11208,Employee_1208,HR,Germany,51,128633.53,2016-01-02,On Leave,emp11208@company.com
E11209,Employee_1209,Marketing,Canada,46,127513.62,2016-12-16,Inactive,emp11209@company.com
E11210,Employee_1210,Sales,India,58,177455.21,2017-01-22,On Leave,emp11210@company.com
E11211,Employee_1211,Finance,UK,46,177205.12,2024-03-02,Inactive,emp11211@company.com
E11212,Employee_1212,Engineering,Australia,,128737.97,2016-01-01,Active,emp11212@company.com
E11213,Employee_1213,Finance,UK,49,89022.13,2017-02-07,On Leave,emp11213@company.com
E11214,Employee_1214,HR,Australia,28,62995.77,2021-03-14,,emp11214@company.com
E11215,Employee_1215,Engineering,Canada,45,164316.26,2021-01-28,On Leave,emp11215@company.com
E11216,Employee_1216,Sales,Canada,57,158178.76,2024-10-06,Active,emp11216@company.com
E11217,Employee_1217,Sales,UK,39,107876.92,2018-03-28,On Leave,emp11217@company.com
E11218,Employee_1218,Finance,India,41,136251.56,2023-06-09,Inactive,emp11218@company.com
E11219,Employee_1219,Engineering,Germany,36,164509.94,2021-04-23,,emp11219@company.com
E11220,Employee_1220,Marketing,India,38,97331.88,2019-06-18,Inactive,emp11220@company.com
E11221,Employee_1221,Engineering,India,38,142830.11,2023-12-15,Active,emp11221@company.com
E11222,Employee_1222,Sales,USA,21,45426.27,2015-04-10,,emp11222@company.com
E11223,Employee_1223,Sales,India,38,71535.44,2017-11-16,On Leave,emp11223@company.com
E11224,Employee_1224,Sales,Canada,54,71798.21,2019-12-02,Inactive,emp11224@company.com
E11225,Employee_1225,Marketing,Canada,42,39322.89,2021-04-16,,emp11225@company.com
E11226,Employee_1226,Support,USA,56,164123.79,2015-12-07,Active,emp11226@company.com
E11227,Employee_1227,HR,USA,25,158545.47,2015-09-06,,emp11227@company.com
E11228,Employee_1228,Marketing,UK,42,45407.97,2019-01-24,Inactive,emp11228@company.com
E11229,Employee_1229,HR,Canada,29,166838.0,2018-08-24,Active,
E11230,Employee_1230,Marketing,Canada,37,83290.88,2022-05-22,,
E11231,Employee_1231,Finance,Australia,24,55397.29,2016-11-25,Active,emp11231@company.com
E11232,Employee_1232,Support,Germany,59,171481.4,2018-10-03,On Leave,emp11232@company.com
E11233,Employee_1233,Finance,UK,57,79528.53,2018-10-01,On Leave,emp11233@company.com
E11234,Employee_1234,Engineering,Germany,34,107062.66,2016-01-01,On Leave,
E11235,Employee_1235,Sales,Germany,26,111947.98,2015-03-10,On Leave,emp11235@company.com
E11236,Employee_1236,Support,India,23,124506.38,2019-01-16,On Leave,emp11236@company.com
E11237,Employee_1237,HR,Germany,47,177287.32,2015-05-26,On Leave,emp11237@company.com
E11238,Employee_1238,Marketing,Germany,53,156863.67,2023-06-15,Inactive,emp11238@company.com
E11239,Employee_1239,Sales,India,46,150688.5,2023-03-08,,emp11239@company.com
E11240,Employee_1240,Engineering,UK,30,160935.56,2022-07-19,Active,emp11240@company.com
E11241,Employee_1241,HR,India,24,72339.41,2018-11-24,On Leave,emp11241@company.com
E11242,Employee_1242,Engineering,India,21,60271.4,2020-10-23,Active,emp11242@company.com
E11243,Employee_1243,Sales,UK,22,58636.86,2018-01-09,On Leave,emp11243@company.com
E11244,Employee_1244,Finance,USA,27,174368.47,2022-03-02,Inactive,emp11244@company.com
E11245,Employee_1245,Marketing,India,34,74572.67,2023-05-10,On Leave,emp11245@company.com
E11246,Employee_1246,Marketing,Australia,50,109725.58,2022-06-06,,emp11246@company.com
E11247,Employee_1247,Support,USA,56,63498.71,2021-05-06,,emp11247@company.com
E11248,Employee_1248,Finance,UK,21,121877.27,2015-04-15,On Leave,emp11248@company.com
E11249,Employee_1249,HR,Australia,26,57476.75,2023-07-23,,emp11249@company.com
E11250,Employee_1250,Support,Australia,54,92822.05,2015-06-28,Inactive,emp11250@company.com
E11251,Employee_1251,Marketing,USA,47,156660.82,2017-04-06,Inactive,emp11251@company.com
E11252,Employee_1252,HR,UK,50,154228.25,2023-02-02,On Leave,emp11252@company.com
E11253,Employee_1253,Support,UK,51,38063.92,2024-06-27,Active,emp11253@company.com
E11254,Employee_1254,Marketing,India,55,148482.84,2024-11-23,Inactive,emp11254@company.com
E11255,Employee_1255,Finance,USA,41,150062.62,2022-08-03,On Leave,emp11255@company.com
E11256,Employee_1256,Engineering,India,54,90188.08,2015-03-18,,emp11256@company.com
E11257,Employee_1257,Support,Canada,,91157.93,2016-03-26,Active,emp11257@company.com
E11258,Employee_1258,Marketing,India,44,71011.09,2018-03-23,Inactive,emp11258@company.com
E11259,Employee_1259,Sales,India,34,165877.59,2018-08-22,Active,emp11259@company.com
E11260,Employee_1260,HR,Germany,34,42416.55,2022-01-07,Active,emp11260@company.com
E11261,Employee_1261,Engineering,Germany,60,150607.57,2024-06-17,,emp11261@company.com
E11262,Employee_1262,Sales,India,34,91486.42,2018-02-17,Inactive,emp11262@company.com
E11263,Employee_1263,HR,Australia,38,65784.82,2017-12-12,Active,emp11263@company.com
E11264,Employee_1264,Marketing,Germany,32,71339.87,2015-08-08,Inactive,emp11264@company.com
E11265,Employee_1265,Sales,India,50,47892.2,2019-04-23,,emp11265@company.com
E11266,Employee_1266,Engineering,India,55,55197.1,2021-05-26,Inactive,emp11266@company.com
E11267,Employee_1267,Marketing,India,43,98819.96,2022-09-12,Inactive,emp11267@company.com
E11268,Employee_1268,Support,Canada,32,161435.6,2023-04-08,Inactive,emp11268@company.com
E11269,Employee_1269,Marketing,Germany,45,98728.45,2019-06-23,,emp11269@company.com
E11270,Employee_1270,Finance,Australia,50,64726.33,2023-01-09,On Leave,emp11270@company.com
E11271,Employee_1271,Sales,Canada,43,89801.66,2024-02-14,,emp11271@company.com
E11272,Employee_1272,Marketing,Germany,45,116142.98,2019-05-22,Inactive,
E11273,Employee_1273,HR,Canada,37,56039.01,2021-12-16,Active,emp11273@company.com
E11274,Employee_1274,Sales,UK,38,,2019-11-28,Inactive,emp11274@company.com
E11275,Employee_1275,Finance,UK,40,83514.58,2019-11-08,On Leave,emp11275@company.com
E11276,Employee_1276,Engineering,Australia,32,120683.78,2019-11-13,On Leave,emp11276@company.com
E11277,Employee_1277,HR,Australia,55,134606.66,2024-05-08,Inactive,emp11277@company.com
E11278,Employee_1278,Sales,USA,34,77708.58,2017-02-25,On Leave,emp11278@company.com
E11279,Employee_1279,Sales,USA,40,83538.15,2022-10-16,Inactive,emp11279@company.com
E11280,Employee_1280,Sales,Germany,26,172912.3,2022-04-27,Active,emp11280@company.com
E11281,Employee_1281,Sales,USA,26,71024.96,2019-12-26,Active,emp11281@company.com
E11282,Employee_1282,Sales,USA,30,45018.02,2024-11-16,Inactive,emp11282@company.com
E11283,Employee_1283,HR,Canada,26,90324.47,2024-01-10,On Leave,emp11283@company.com
E11284,Employee_1284,Engineering,UK,31,99986.05,2020-02-24,Inactive,emp11284@company.com
E11285,Employee_1285,Marketing,Australia,43,59218.22,2016-09-27,Inactive,emp11285@company.com
E11286,Employee_1286,Finance,USA,22,64311.8,2017-02-19,On Leave,emp11286@company.com
E11287,Employee_1287,HR,Germany,42,107645.74,2023-02-04,Inactive,emp11287@company.com
E11288,Employee_1288,Engineering,USA,41,130348.71,2017-10-09,,emp11288@company.com
E11289,Employee_1289,HR,Germany,45,139819.12,2022-01-14,Active,emp11289@company.com
E11290,Employee_1290,Support,India,58,90340.87,2022-07-10,Inactive,emp11290@company.com
E11291,Employee_1291,Engineering,UK,46,101051.05,2024-03-16,Inactive,emp11291@company.com
E11292,Employee_1292,Engineering,Canada,50,65645.22,2022-08-21,Inactive,emp11292@company.com
E11293,Employee_1293,Engineering,Germany,27,53426.26,2023-05-23,Inactive,emp11293@company.com
E11294,Employee_1294,HR,Germany,46,156463.84,2024-08-25,Inactive,emp11294@company.com
E11295,Employee_1295,Engineering,India,55,116098.49,2015-01-21,,
E11296,Employee_1296,Finance,India,59,170155.53,2019-08-15,On Leave,emp11296@company.com
E11297,Employee_1297,Finance,Australia,57,132816.23,2024-03-07,Active,emp11297@company.com
E11298,Employee_1298,Engineering,India,58,117800.77,2024-10-16,On Leave,emp11298@company.com
E11299,Employee_1299,Marketing,UK,52,127470.18,2021-09-20,On Leave,emp11299@company.com
E11300,Employee_1300,Support,Australia,44,51882.25,2021-11-05,Active,emp11300@company.com
E11301,Employee_1301,Sales,Germany,60,,2021-06-11,Inactive,
E11302,Employee_1302,Sales,India,45,83352.75,2018-09-22,Active,emp11302@company.com
E11303,Employee_1303,Marketing,Germany,29,179595.23,2022-04-11,,emp11303@company.com
E11304,Employee_1304,Marketing,India,46,80824.56,2015-08-20,On Leave,emp11304@company.com
E11305,Employee_1305,HR,Australia,35,170777.34,2024-11-27,Inactive,emp11305@company.com
E11306,Employee_1306,Finance,UK,39,72870.58,2015-08-28,Active,emp11306@company.com
E11307,Employee_1307,Marketing,India,56,73505.52,2017-08-03,Inactive,emp11307@company.com
E11308,Employee_1308,HR,Canada,45,160633.08,2020-12-17,Inactive,emp11308@company.com
E11309,Employee_1309,Sales,UK,23,135460.41,2016-04-16,Active,emp11309@company.com
E11310,Employee_1310,Marketing,Canada,25,166565.81,2024-06-18,,emp11310@company.com
E11311,Employee_1311,Finance,Germany,46,94916.9,2022-05-01,,emp11311@company.com
E11312,Employee_1312,Engineering,Australia,57,102684.46,2016-12-03,On Leave,emp11312@company.com
E11313,Employee_1313,Marketing,UK,59,86905.89,2017-02-07,,emp11313@company.com
E11314,Employee_1314,Marketing,India,48,126483.6,2019-09-13,On Leave,emp11314@company.com
E11315,Employee_1315,Marketing,UK,59,143468.72,2024-11-23,Inactive,emp11315@company.com
E11316,Employee_1316,Support,USA,48,175598.21,2022-06-10,Inactive,emp11316@company.com
E11317,Employee_1317,Finance,Germany,59,49645.99,2016-02-17,On Leave,emp11317@company.com
E11318,Employee_1318,Finance,Germany,49,165786.22,2019-01-18,On Leave,emp11318@company.com
E11319,Employee_1319,Engineering,UK,55,161824.34,2018-07-01,Active,emp11319@company.com
E11320,Employee_1320,Finance,Canada,44,75735.62,2024-02-14,Inactive,emp11320@company.com
E11321,Employee_1321,Finance,India,54,146628.18,2015-03-21,On Leave,emp11321@company.com
E11322,Employee_1322,Sales,USA,34,179826.43,2019-11-12,Inactive,emp11322@company.com
E11323,Employee_1323,Support,Australia,,50305.67,2022-08-11,On Leave,
E11324,Employee_1324,Sales,USA,45,41451.34,2017-05-16,,emp11324@company.com
E11325,Employee_1325,Sales,Canada,60,86927.82,2018-05-06,Active,emp11325@company.com
E11326,Employee_1326,Support,USA,,155445.41,2017-12-13,Inactive,emp11326@company.com
E11327,Employee_1327,Finance,India,54,110990.43,2021-11-20,Active,emp11327@company.com
E11328,Employee_1328,HR,Canada,48,117228.01,2022-08-26,Active,
E11329,Employee_1329,Marketing,India,21,75063.95,2019-10-09,On Leave,emp11329@company.com
E11330,Employee_1330,Engineering,India,52,83047.38,2021-10-10,Inactive,emp11330@company.com
E11331,Employee_1331,Finance,UK,33,152568.36,2016-10-28,,emp11331@company.com
E11332,Employee_1332,Support,UK,44,144005.47,2020-03-21,,emp11332@company.com
E11333,Employee_1333,Finance,UK,38,125757.69,2016-11-12,Inactive,emp11333@company.com
E11334,Employee_1334,Support,Australia,46,130793.32,2018-11-08,Active,emp11334@company.com
E11335,Employee_1335,Marketing,USA,29,72374.9,2022-08-23,Active,emp11335@company.com
E11336,Employee_1336,Finance,USA,47,67798.86,2022-09-05,Inactive,emp11336@company.com
E11337,Employee_1337,Marketing,India,29,59556.84,2018-02-17,On Leave,emp11337@company.com
E11338,Employee_1338,Marketing,USA,56,73921.6,2022-01-25,,emp11338@company.com
E11339,Employee_1339,Sales,Canada,35,177968.22,2024-12-24,Inactive,emp11339@company.com
E11340,Employee_1340,Finance,India,37,134046.03,2019-01-11,Active,emp11340@company.com
E11341,Employee_1341,Support,USA,53,82260.45,2022-12-02,Inactive,emp11341@company.com
E11342,Employee_1342,Sales,Germany,31,64606.85,2020-09-12,Inactive,emp11342@company.com
E11343,Employee_1343,Finance,USA,26,140991.97,2017-09-06,,emp11343@company.com
E11344,Employee_1344,HR,Australia,48,64553.95,2019-06-28,On Leave,emp11344@company.com
E11345,Employee_1345,Engineering,USA,38,39804.19,2018-06-27,Inactive,emp11345@company.com
E11346,Employee_1346,Sales,USA,24,46167.92,2018-11-28,Active,emp11346@company.com
E11347,Employee_1347,Support,India,23,82218.96,2016-03-21,,emp11347@company.com
E11348,Employee_1348,Finance,Germany,44,140301.28,2023-08-03,On Leave,emp11348@company.com
E11349,Employee_1349,HR,UK,40,88129.2,2016-12-18,,emp11349@company.com
E11350,Employee_1350,HR,Germany,52,82830.82,2023-09-25,,emp11350@company.com
E11351,Employee_1351,Finance,Canada,40,150641.93,2015-03-28,Active,emp11351@company.com
E11352,Employee_1352,Finance,Germany,58,154402.83,2017-04-07,Active,emp11352@company.com
E11353,Employee_1353,Marketing,UK,31,73780.31,2022-12-16,On Leave,emp11353@company.com
E11354,Employee_1354,HR,UK,48,130220.4,2023-04-23,Active,emp11354@company.com
E11355,Employee_1355,Sales,India,24,60918.44,2020-02-18,,emp11355@company.com
E11356,Employee_1356,Marketing,Canada,53,151408.97,2021-04-04,Active,emp11356@company.com
E11357,Employee_1357,Marketing,USA,47,156141.65,2023-09-23,Inactive,emp11357@company.com
E11358,Employee_1358,HR,India,24,59283.48,2023-01-06,,emp11358@company.com
E11359,Employee_1359,Finance,USA,51,126429.28,2023-05-05,Active,emp11359@company.com
E11360,Employee_1360,Sales,India,31,102201.01,2022-01-12,Active,emp11360@company.com
E11361,Employee_1361,Finance,Canada,35,153016.07,2022-05-02,On Leave,emp11361@company.com
E11362,Employee_1362,Support,Australia,34,106038.85,2020-03-24,On Leave,emp11362@company.com
E11363,Employee_1363,Sales,USA,27,47903.31,2018-06-25,On Leave,emp11363@company.com
E11364,Employee_1364,Marketing,Australia,36,56977.64,2017-08-25,Inactive,emp11364@company.com
E11365,Employee_1365,Support,India,56,119123.06,2021-09-27,On Leave,emp11365@company.com
E11366,Employee_1366,Sales,Germany,26,161119.2,2024-09-01,,emp11366@company.com
E11367,Employee_1367,Sales,Germany,40,154360.57,2020-03-23,Inactive,emp11367@company.com
E11368,Employee_1368,Marketing,USA,37,128899.48,2016-01-18,,emp11368@company.com
E11369,Employee_1369,Sales,UK,39,74160.32,2015-10-08,,emp11369@company.com
E11370,Employee_1370,Marketing,UK,34,50927.62,2015-04-18,On Leave,emp11370@company.com
E11371,Employee_1371,Support,Australia,32,112588.88,2020-07-09,,emp11371@company.com
E11372,Employee_1372,Finance,Canada,36,124883.13,2017-09-10,Active,emp11372@company.com
E11373,Employee_1373,Finance,Germany,38,57910.2,2019-01-12,,emp11373@company.com
E11374,Employee_1374,HR,USA,45,138124.87,2019-09-09,Active,emp11374@company.com
E11375,Employee_1375,Support,Canada,38,127131.62,2019-06-16,,emp11375@company.com
E11376,Employee_1376,Finance,Germany,55,157841.71,2016-10-15,Active,emp11376@company.com
E11377,Employee_1377,Marketing,Germany,58,37584.13,2016-04-08,Active,emp11377@company.com
E11378,Employee_1378,Engineering,Germany,31,125707.03,2016-12-24,,emp11378@company.com
E11379,Employee_1379,Finance,Australia,59,102338.09,2023-06-19,On Leave,emp11379@company.com
E11380,Employee_1380,Sales,Canada,53,144055.62,2023-06-06,On Leave,emp11380@company.com
E11381,Employee_1381,Engineering,Australia,60,167346.42,2016-01-05,Inactive,emp11381@company.com
E11382,Employee_1382,Support,USA,27,43496.89,2024-01-19,Active,emp11382@company.com
E11383,Employee_1383,Engineering,USA,26,,2015-06-07,,emp11383@company.com
E11384,Employee_1384,Finance,USA,44,129814.81,2018-12-18,Inactive,emp11384@company.com
E11385,Employee_1385,HR,India,56,148336.23,2024-07-13,,emp11385@company.com
E11386,Employee_1386,Engineering,Germany,55,141790.65,2015-07-19,Inactive,emp11386@company.com
E11387,Employee_1387,HR,India,50,55317.15,2015-11-02,Inactive,emp11387@company.com
E11388,Employee_1388,Finance,USA,58,50376.37,2018-09-08,Active,emp11388@company.com
E11389,Employee_1389,Finance,Canada,57,73717.48,2017-10-04,Inactive,emp11389@company.com
E11390,Employee_1390,Engineering,Canada,50,170842.02,2015-10-23,Inactive,emp11390@company.com
E11391,Employee_1391,HR,Canada,50,154001.03,2022-01-07,Inactive,emp11391@company.com
E11392,Employee_1392,Sales,Australia,31,61953.55,2016-06-21,On Leave,emp11392@company.com
E11393,Employee_1393,Finance,USA,60,156214.73,2022-11-05,Active,emp11393@company.com
E11394,Employee_1394,HR,Australia,32,124869.07,2020-11-14,,emp11394@company.com
E11395,Employee_1395,Sales,USA,42,118402.18,2022-10-08,On Leave,emp11395@company.com
E11396,Employee_1396,HR,Australia,32,131918.93,2020-06-17,On Leave,emp11396@company.com
E11397,Employee_1397,HR,Germany,29,69163.04,2022-08-09,,emp11397@company.com
E11398,Employee_1398,HR,India,29,118395.62,2023-06-24,,emp11398@company.com
E11399,Employee_1399,Engineering,Australia,48,161400.03,2022-07-09,,emp11399@company.com
E11400,Employee_1400,Sales,Canada,53,51485.74,2023-12-02,Inactive,emp11400@company.com
E11401,Employee_1401,HR,Germany,51,89146.2,2016-05-27,Inactive,emp11401@company.com
E11402,Employee_1402,Support,Canada,56,84227.44,2018-11-28,On Leave,emp11402@company.com
E11403,Employee_1403,Finance,Australia,37,139482.59,2024-09-17,Active,emp11403@company.com
E11404,Employee_1404,Sales,UK,,113791.16,2022-06-07,Active,emp11404@company.com
E11405,Employee_1405,HR,India,40,57630.62,2015-08-10,Active,emp11405@company.com
E11406,Employee_1406,Finance,India,31,155987.59,2016-07-06,Inactive,
E11407,Employee_1407,Engineering,Germany,35,106635.08,2015-04-04,Inactive,emp11407@company.com
E11408,Employee_1408,Engineering,Australia,40,60079.26,2018-10-12,,emp11408@company.com
E11409,Employee_1409,Engineering,Australia,46,78567.25,2019-11-23,Active,emp11409@company.com
E11410,Employee_1410,Engineering,Australia,48,90060.95,2019-12-05,Active,emp11410@company.com
E11411,Employee_1411,Finance,UK,22,124447.37,2018-11-09,Active,emp11411@company.com
E11412,Employee_1412,HR,Australia,24,56157.1,2015-10-07,On Leave,emp11412@company.com
E11413,Employee_1413,HR,Germany,42,126162.69,2021-10-18,,emp11413@company.com
E11414,Employee_1414,Engineering,UK,43,61154.0,2015-07-23,Active,emp11414@company.com
E11415,Employee_1415,HR,Australia,49,82652.91,2023-11-28,Inactive,emp11415@company.com
E11416,Employee_1416,Engineering,Canada,48,167529.59,2020-05-03,,emp11416@company.com
E11417,Employee_1417,Support,Canada,59,153467.42,2018-11-08,Inactive,emp11417@company.com
E11418,Employee_1418,Finance,India,45,107647.65,2015-06-25,,emp11418@company.com
E11419,Employee_1419,Marketing,Australia,,103974.0,2018-07-28,On Leave,emp11419@company.com
E11420,Employee_1420,HR,USA,29,100711.71,2020-01-25,Inactive,emp11420@company.com
E11421,Employee_1421,HR,India,22,37258.28,2015-08-05,On Leave,emp11421@company.com
E11422,Employee_1422,Engineering,India,57,161766.03,2015-06-23,On Leave,emp11422@company.com
E11423,Employee_1423,Support,India,50,79648.95,2018-07-19,On Leave,emp11423@company.com
E11424,Employee_1424,Finance,Australia,55,173265.94,2017-01-11,,emp11424@company.com
E11425,Employee_1425,Marketing,UK,59,135198.92,2021-05-08,Active,emp11425@company.com
E11426,Employee_1426,Engineering,UK,53,89458.47,2016-11-03,Inactive,
E11427,Employee_1427,Marketing,Canada,34,154219.2,2022-11-27,,emp11427@company.com
E11428,Employee_1428,Marketing,UK,44,48322.03,2023-11-20,On Leave,emp11428@company.com
E11429,Employee_1429,Marketing,India,51,122378.56,2020-07-17,Inactive,emp11429@company.com
E11430,Employee_1430,Sales,Australia,51,,2015-08-15,Inactive,emp11430@company.com
E11431,Employee_1431,Finance,Germany,54,158363.7,2022-04-06,Active,emp11431@company.com
E11432,Employee_1432,Sales,Canada,56,49827.5,2019-06-15,Active,
E11433,Employee_1433,Marketing,UK,34,121702.45,2020-06-04,On Leave,emp11433@company.com
E11434,Employee_1434,Finance,Germany,27,141715.49,2021-11-10,Inactive,emp11434@company.com
E11435,Employee_1435,Support,Germany,52,72579.97,2020-01-21,,emp11435@company.com
E11436,Employee_1436,Marketing,India,59,158361.11,2024-08-24,On Leave,
E11437,Employee_1437,Sales,Canada,33,124011.28,2016-05-08,On Leave,emp11437@company.com
E11438,Employee_1438,Sales,UK,58,80200.68,2022-07-23,,emp11438@company.com
E11439,Employee_1439,Sales,Canada,30,178892.93,2024-11-01,Inactive,emp11439@company.com
E11440,Employee_1440,Engineering,Canada,54,165977.05,2017-12-06,Active,emp11440@company.com
E11441,Employee_1441,HR,India,38,83918.36,2024-12-28,On Leave,emp11441@company.com
E11442,Employee_1442,Support,UK,30,175045.67,2020-02-06,Active,emp11442@company.com
E11443,Employee_1443,Marketing,Canada,35,49449.39,2024-10-20,Inactive,emp11443@company.com
E11444,Employee_1444,Sales,Germany,35,38949.6,2022-05-07,Inactive,emp11444@company.com
E11445,Employee_1445,HR,Germany,29,141512.68,2015-01-11,On Leave,emp11445@company.com
E11446,Employee_1446,Engineering,USA,26,136845.1,2024-12-09,,emp11446@company.com
E11447,Employee_1447,Engineering,Australia,34,132086.83,2024-07-01,,emp11447@company.com
E11448,Employee_1448,Finance,India,44,171226.75,2015-10-26,Inactive,emp11448@company.com
E11449,Employee_1449,Sales,Germany,44,66624.3,2024-01-08,On Leave,emp11449@company.com
E11450,Employee_1450,Engineering,Canada,54,136366.1,2021-08-18,On Leave,emp11450@company.com
E11451,Employee_1451,Support,India,46,57077.11,2024-01-04,Inactive,emp11451@company.com
E11452,Employee_1452,Sales,UK,37,132769.23,2022-05-10,Active,emp11452@company.com
E11453,Employee_1453,Support,India,51,152200.42,2024-09-12,Inactive,emp11453@company.com
E11454,Employee_1454,Engineering,India,55,43829.57,2015-04-05,Inactive,emp11454@company.com
E11455,Employee_1455,Marketing,India,23,,2019-11-26,Inactive,emp11455@company.com
E11456,Employee_1456,Support,Australia,43,156770.04,2022-01-24,On Leave,emp11456@company.com
E11457,Employee_1457,HR,Australia,60,84527.33,2017-10-15,On Leave,emp11457@company.com
E11458,Employee_1458,Engineering,USA,48,84265.58,2022-09-25,On Leave,emp11458@company.com
E11459,Employee_1459,Sales,Canada,44,167084.99,2024-03-10,On Leave,emp11459@company.com
E11460,Employee_1460,Engineering,Germany,24,173474.34,2016-01-05,On Leave,emp11460@company.com
E11461,Employee_1461,Marketing,Germany,33,79282.09,2022-07-05,Inactive,emp11461@company.com
E11462,Employee_1462,HR,Canada,49,90459.23,2020-01-01,Active,emp11462@company.com
E11463,Employee_1463,HR,UK,60,169050.05,2021-08-26,Active,emp11463@company.com
E11464,Employee_1464,Support,Australia,53,62020.74,2018-01-02,Inactive,emp11464@company.com
E11465,Employee_1465,Support,Germany,33,82556.98,2021-09-20,Inactive,emp11465@company.com
E11466,Employee_1466,Engineering,Germany,56,68307.84,2016-02-28,On Leave,emp11466@company.com
E11467,Employee_1467,Marketing,India,48,69262.89,2021-04-01,On Leave,emp11467@company.com
E11468,Employee_1468,Marketing,Canada,39,141309.38,2019-07-02,On Leave,emp11468@company.com
E11469,Employee_1469,Marketing,UK,47,141336.54,2016-05-04,On Leave,
E11470,Employee_1470,Engineering,Australia,60,170803.5,2021-06-02,Active,emp11470@company.com
E11471,Employee_1471,Finance,Australia,22,121339.53,2018-04-13,,emp11471@company.com
E11472,Employee_1472,HR,UK,47,80074.19,2019-07-25,Inactive,emp11472@company.com
E11473,Employee_1473,Engineering,Germany,41,51910.56,2019-04-03,On Leave,emp11473@company.com
E11474,Employee_1474,HR,UK,48,78900.59,2022-10-27,Inactive,emp11474@company.com
E11475,Employee_1475,Finance,India,54,104605.87,2022-06-01,Active,
E11476,Employee_1476,Sales,Germany,54,93439.23,2024-01-01,,emp11476@company.com
E11477,Employee_1477,Support,Germany,35,141574.03,2018-12-01,Inactive,emp11477@company.com
E11478,Employee_1478,Marketing,Australia,39,160470.11,2023-05-23,,emp11478@company.com
E11479,Employee_1479,Marketing,Australia,42,80016.22,2015-09-04,Inactive,
E11480,Employee_1480,Finance,Germany,35,110903.94,2015-05-20,On Leave,emp11480@company.com
E11481,Employee_1481,Support,Germany,24,53253.34,2016-03-05,,emp11481@company.com
E11482,Employee_1482,Finance,USA,32,165213.36,2021-11-23,,emp11482@company.com
E11483,Employee_1483,Engineering,Canada,31,82915.85,2017-07-15,On Leave,emp11483@company.com
E11484,Employee_1484,Engineering,USA,55,99795.12,2017-11-08,Active,emp11484@company.com
E11485,Employee_1485,HR,UK,60,75868.26,2016-03-15,,emp11485@company.com
E11486,Employee_1486,Marketing,UK,46,136208.31,2021-09-06,Inactive,emp11486@company.com
E11487,Employee_1487,HR,USA,48,121171.46,2016-09-19,,emp11487@company.com
E11488,Employee_1488,Marketing,USA,38,119226.48,2015-10-28,Inactive,emp11488@company.com
E11489,Employee_1489,Finance,Canada,46,173343.82,2015-07-14,Active,emp11489@company.com
E11490,Employee_1490,HR,USA,49,71378.14,2016-07-24,On Leave,emp11490@company.com
E11491,Employee_1491,Marketing,USA,,174834.54,2021-10-13,,
E11492,Employee_1492,Engineering,USA,35,,2018-06-05,Active,emp11492@company.com
E11493,Employee_1493,Engineering,Canada,35,134503.94,2022-12-07,,emp11493@company.com
E11494,Employee_1494,Engineering,UK,35,92057.91,2016-03-28,Active,emp11494@company.com
E11495,Employee_1495,Sales,UK,34,139265.32,2022-09-13,On Leave,emp11495@company.com
E11496,Employee_1496,HR,Australia,38,53509.05,2024-06-28,Active,emp11496@company.com
E11497,Employee_1497,Marketing,UK,32,100112.63,2022-08-21,On Leave,emp11497@company.com
E11498,Employee_1498,Finance,Germany,45,132547.07,2019-03-16,Active,emp11498@company.com
E11499,Employee_1499,Marketing,Germany,36,110554.85,2017-03-02,Inactive,emp11499@company.com
E11500,Employee_1500,Marketing,Germany,36,,2017-10-08,,emp11500@company.com
E11501,Employee_1501,Finance,Australia,43,123990.18,2018-12-28,,emp11501@company.com
E11502,Employee_1502,Sales,Australia,51,,2015-01-26,Inactive,emp11502@company.com
E11503,Employee_1503,Support,USA,21,161064.19,2019-03-27,Active,emp11503@company.com
E11504,Employee_1504,Engineering,India,49,173557.64,2023-01-23,On Leave,emp11504@company.com
E11505,Employee_1505,Finance,Australia,27,62212.15,2021-07-07,On Leave,emp11505@company.com
E11506,Employee_1506,Marketing,UK,41,70263.07,2018-05-21,On Leave,emp11506@company.com
E11507,Employee_1507,Engineering,UK,60,59829.85,2021-04-25,Active,emp11507@company.com
E11508,Employee_1508,Support,UK,31,115254.15,2020-04-08,Inactive,emp11508@company.com
E11509,Employee_1509,Support,India,44,,2015-09-11,Active,emp11509@company.com
E11510,Employee_1510,HR,UK,39,136564.87,2024-04-16,On Leave,emp11510@company.com
E11511,Employee_1511,HR,Australia,39,178999.18,2017-07-04,,emp11511@company.com
E11512,Employee_1512,Sales,Canada,21,61497.77,2018-11-16,Inactive,emp11512@company.com
E11513,Employee_1513,Sales,USA,55,178583.87,2017-12-23,Inactive,emp11513@company.com
E11514,Employee_1514,Finance,India,33,163412.44,2021-07-20,,emp11514@company.com
E11515,Employee_1515,Finance,USA,43,76347.01,2024-04-11,Inactive,emp11515@company.com
E11516,Employee_1516,HR,USA,58,104022.58,2019-02-27,On Leave,emp11516@company.com
E11517,Employee_1517,HR,UK,27,155011.28,2016-07-28,Active,emp11517@company.com
E11518,Employee_1518,HR,Germany,25,107035.15,2022-07-01,Inactive,emp11518@company.com
E11519,Employee_1519,Engineering,USA,38,112260.05,2019-04-11,On Leave,emp11519@company.com
E11520,Employee_1520,Support,USA,24,86572.01,2015-08-16,On Leave,emp11520@company.com
E11521,Employee_1521,Support,Canada,40,161273.84,2024-02-11,,emp11521@company.com
E11522,Employee_1522,Support,Australia,52,153998.72,2018-02-19,Active,emp11522@company.com
E11523,Employee_1523,HR,Germany,,128187.14,2022-09-02,Active,emp11523@company.com
E11524,Employee_1524,Marketing,USA,43,,2018-06-12,On Leave,emp11524@company.com
E11525,Employee_1525,Support,Germany,40,73776.06,2019-02-08,Inactive,emp11525@company.com
E11526,Employee_1526,Engineering,India,44,121210.73,2017-10-25,Inactive,emp11526@company.com
E11527,Employee_1527,Marketing,India,21,97926.94,2021-05-27,,emp11527@company.com
E11528,Employee_1528,Sales,Australia,38,153785.13,2016-06-19,,
E11529,Employee_1529,HR,UK,47,85105.51,2019-12-03,,emp11529@company.com
E11530,Employee_1530,Support,USA,24,54557.1,2020-08-17,On Leave,emp11530@company.com
E11531,Employee_1531,Engineering,UK,50,150093.11,2021-08-09,,emp11531@company.com
E11532,Employee_1532,Marketing,Canada,55,138670.09,2021-07-01,,emp11532@company.com
E11533,Employee_1533,Engineering,Canada,31,116814.81,2017-12-27,Active,emp11533@company.com
E11534,Employee_1534,Marketing,UK,54,165242.37,2024-07-14,Active,emp11534@company.com
E11535,Employee_1535,Finance,Germany,23,135995.71,2022-12-14,,emp11535@company.com
E11536,Employee_1536,HR,Germany,38,,2021-02-10,On Leave,emp11536@company.com
E11537,Employee_1537,Marketing,India,22,118224.5,2017-09-22,Active,emp11537@company.com
E11538,Employee_1538,HR,India,26,96859.25,2023-12-04,Inactive,
E11539,Employee_1539,Support,USA,40,50190.07,2023-03-23,,emp11539@company.com
E11540,Employee_1540,Marketing,USA,,114057.48,2021-05-11,,emp11540@company.com
E11541,Employee_1541,Finance,Germany,46,86488.28,2023-03-12,,emp11541@company.com
E11542,Employee_1542,Engineering,USA,46,93578.33,2021-08-21,Inactive,emp11542@company.com
E11543,Employee_1543,Sales,Germany,55,74537.05,2017-11-11,Active,emp11543@company.com
E11544,Employee_1544,Marketing,Australia,37,164558.22,2017-05-24,Inactive,emp11544@company.com
E11545,Employee_1545,Engineering,Germany,25,127529.38,2018-11-19,,emp11545@company.com
E11546,Employee_1546,Sales,Germany,54,63007.02,2022-01-23,Inactive,emp11546@company.com
E11547,Employee_1547,Sales,UK,55,108171.26,2019-10-03,Active,emp11547@company.com
E11548,Employee_1548,Engineering,India,26,99453.77,2019-02-07,Inactive,emp11548@company.com
E11549,Employee_1549,Engineering,Canada,29,129244.48,2016-11-14,Inactive,emp11549@company.com
E11550,Employee_1550,Engineering,Germany,59,153303.75,2021-07-18,Active,emp11550@company.com
E11551,Employee_1551,Sales,USA,28,53843.38,2015-07-02,On Leave,emp11551@company.com
E11552,Employee_1552,Support,Australia,30,142156.62,2023-03-23,,
E11553,Employee_1553,Engineering,USA,45,144641.76,2020-03-20,,emp11553@company.com
E11554,Employee_1554,Sales,India,45,107939.26,2020-10-17,Active,emp11554@company.com
E11555,Employee_1555,Marketing,Germany,37,117368.11,2017-03-08,Inactive,emp11555@company.com
E11556,Employee_1556,Engineering,Canada,30,174478.56,2017-01-03,On Leave,emp11556@company.com
E11557,Employee_1557,Sales,Canada,34,45298.86,2017-06-24,Active,emp11557@company.com
E11558,Employee_1558,Finance,USA,38,67616.84,2018-05-10,On Leave,emp11558@company.com
E11559,Employee_1559,Marketing,UK,57,85683.56,2015-10-21,On Leave,emp11559@company.com
E11560,Employee_1560,Sales,Germany,59,124446.16,2019-07-25,On Leave,emp11560@company.com
E11561,Employee_1561,Support,USA,28,169631.03,2016-01-21,,emp11561@company.com
E11562,Employee_1562,Engineering,UK,52,42601.9,2016-06-08,,emp11562@company.com
E11563,Employee_1563,Engineering,Germany,40,153741.89,2017-08-09,Inactive,emp11563@company.com
E11564,Employee_1564,Marketing,USA,49,159938.32,2021-05-05,Inactive,emp11564@company.com
E11565,Employee_1565,Marketing,Canada,23,113886.68,2023-09-14,Inactive,emp11565@company.com
E11566,Employee_1566,Sales,Australia,33,37179.43,2023-08-02,Active,emp11566@company.com
E11567,Employee_1567,Sales,UK,,179885.07,2024-09-11,,emp11567@company.com
E11568,Employee_1568,Marketing,Germany,23,95563.03,2016-04-25,Inactive,emp11568@company.com
E11569,Employee_1569,Support,India,24,80997.42,2017-06-14,On Leave,emp11569@company.com
E11570,Employee_1570,Sales,UK,37,91118.21,2020-05-20,Inactive,emp11570@company.com
E11571,Employee_1571,Support,Canada,33,118273.34,2016-10-27,Active,emp11571@company.com
E11572,Employee_1572,Sales,Australia,34,149789.56,2020-04-21,On Leave,emp11572@company.com
E11573,Employee_1573,Marketing,Australia,25,101089.84,2016-01-04,Active,emp11573@company.com
E11574,Employee_1574,HR,Australia,37,55502.16,2016-03-03,Active,emp11574@company.com
E11575,Employee_1575,HR,India,53,155713.85,2023-12-19,,emp11575@company.com
E11576,Employee_1576,Finance,India,43,66858.32,2022-03-05,Active,emp11576@company.com
E11577,Employee_1577,HR,Germany,46,105214.85,2015-04-14,Inactive,emp11577@company.com
E11578,Employee_1578,Marketing,Germany,34,,2021-07-06,Active,emp11578@company.com
E11579,Employee_1579,HR,Germany,54,111210.45,2021-11-23,,emp11579@company.com
E11580,Employee_1580,Marketing,India,25,,2019-11-03,,emp11580@company.com
E11581,Employee_1581,Sales,India,41,141055.74,2020-02-25,Active,emp11581@company.com
E11582,Employee_1582,Engineering,Australia,38,45795.77,2024-09-06,Active,emp11582@company.com
E11583,Employee_1583,Finance,USA,28,56393.24,2021-09-08,Inactive,emp11583@company.com
E11584,Employee_1584,Engineering,India,36,66178.88,2020-08-17,On Leave,
E11585,Employee_1585,Support,UK,52,143961.35,2018-03-16,,emp11585@company.com
E11586,Employee_1586,Marketing,UK,24,70858.23,2021-02-17,Inactive,emp11586@company.com
E11587,Employee_1587,Support,India,46,127708.56,2019-04-02,On Leave,emp11587@company.com
E11588,Employee_1588,Engineering,Australia,,124295.69,2015-06-05,,emp11588@company.com
E11589,Employee_1589,Engineering,UK,60,72898.15,2017-12-17,Inactive,emp11589@company.com
E11590,Employee_1590,Support,India,45,39555.47,2016-09-06,Inactive,emp11590@company.com
E11591,Employee_1591,HR,Germany,30,41208.18,2015-03-04,Inactive,emp11591@company.com
E11592,Employee_1592,Support,India,23,43186.49,2017-12-16,Active,emp11592@company.com
E11593,Employee_1593,HR,USA,58,126917.67,2023-05-19,Active,emp11593@company.com
E11594,Employee_1594,Marketing,Canada,37,147775.84,2018-06-18,,emp11594@company.com
E11595,Employee_1595,Support,India,53,95713.97,2017-03-04,,emp11595@company.com
E11596,Employee_1596,HR,India,,107667.57,2020-06-09,,emp11596@company.com
E11597,Employee_1597,Marketing,Australia,37,,2019-12-10,,emp11597@company.com
E11598,Employee_1598,Engineering,USA,45,,2021-12-18,Active,emp11598@company.com
E11599,Employee_1599,Sales,Canada,29,89552.36,2015-01-22,Inactive,emp11599@company.com
E11600,Employee_1600,Support,Canada,54,89573.26,2023-01-14,On Leave,emp11600@company.com
E11601,Employee_1601,Support,USA,22,172206.56,2024-05-20,On Leave,emp11601@company.com
E11602,Employee_1602,Engineering,India,32,48697.46,2022-08-13,Inactive,emp11602@company.com
E11603,Employee_1603,Marketing,USA,25,87101.23,2024-07-13,Inactive,emp11603@company.com
E11604,Employee_1604,Marketing,Australia,32,126183.71,2020-03-22,Inactive,emp11604@company.com
E11605,Employee_1605,Finance,Australia,44,163890.84,2020-04-17,Inactive,emp11605@company.com
E11606,Employee_1606,Support,India,49,83860.64,2019-10-08,On Leave,emp11606@company.com
E11607,Employee_1607,Support,Germany,44,171589.43,2020-12-28,On Leave,emp11607@company.com
E11608,Employee_1608,Sales,India,56,104358.39,2017-08-23,Active,emp11608@company.com
E11609,Employee_1609,HR,Germany,23,79906.17,2018-07-16,On Leave,emp11609@company.com
E11610,Employee_1610,Finance,UK,42,150335.07,2015-07-13,On Leave,emp11610@company.com
E11611,Employee_1611,Support,Germany,48,82812.4,2018-08-25,Inactive,emp11611@company.com
E11612,Employee_1612,Support,Canada,47,139737.93,2018-06-17,On Leave,emp11612@company.com
E11613,Employee_1613,Support,India,26,175682.12,2023-06-26,,emp11613@company.com
E11614,Employee_1614,Marketing,Canada,56,129403.44,2023-10-19,On Leave,emp11614@company.com
E11615,Employee_1615,HR,India,53,151922.82,2022-06-13,,emp11615@company.com
E11616,Employee_1616,Finance,Germany,54,130968.2,2016-01-21,On Leave,emp11616@company.com
E11617,Employee_1617,Engineering,Canada,33,82110.76,2017-05-11,Active,emp11617@company.com
E11618,Employee_1618,Marketing,Australia,50,115720.52,2024-06-05,Active,emp11618@company.com
E11619,Employee_1619,Sales,Canada,36,52598.86,2017-09-11,On Leave,emp11619@company.com
E11620,Employee_1620,Marketing,Germany,40,155659.6,2020-04-21,On Leave,emp11620@company.com
E11621,Employee_1621,Support,USA,32,148040.75,2017-03-26,Inactive,emp11621@company.com
E11622,Employee_1622,Sales,Australia,57,170103.52,2021-08-10,Inactive,emp11622@company.com
E11623,Employee_1623,HR,Canada,35,120132.7,2019-12-26,Active,emp11623@company.com
E11624,Employee_1624,HR,UK,58,,2018-08-16,On Leave,emp11624@company.com
E11625,Employee_1625,Engineering,Australia,59,134999.56,2016-12-01,Inactive,emp11625@company.com
E11626,Employee_1626,Sales,Germany,32,132485.87,2016-05-04,On Leave,emp11626@company.com
E11627,Employee_1627,Support,UK,45,87701.53,2021-01-20,Active,emp11627@company.com
E11628,Employee_1628,HR,UK,34,81827.01,2016-02-02,Inactive,emp11628@company.com
E11629,Employee_1629,Support,Canada,22,149378.08,2018-07-14,Active,emp11629@company.com
E11630,Employee_1630,Sales,India,52,39975.44,2024-03-24,Inactive,emp11630@company.com
E11631,Employee_1631,HR,USA,54,162846.46,2021-08-17,On Leave,emp11631@company.com
E11632,Employee_1632,HR,Canada,25,35110.46,2016-02-17,On Leave,emp11632@company.com
E11633,Employee_1633,Marketing,USA,28,167021.28,2015-01-27,Inactive,emp11633@company.com
E11634,Employee_1634,Finance,Australia,,172797.97,2015-06-22,On Leave,emp11634@company.com
E11635,Employee_1635,Marketing,USA,38,147738.66,2019-12-11,,
E11636,Employee_1636,Sales,Canada,49,44959.86,2019-01-08,Inactive,emp11636@company.com
E11637,Employee_1637,HR,Australia,56,,2016-12-08,Inactive,emp11637@company.com
E11638,Employee_1638,HR,India,24,39587.95,2022-03-09,Active,emp11638@company.com
E11639,Employee_1639,Marketing,Australia,54,129578.16,2017-06-21,On Leave,emp11639@company.com
E11640,Employee_1640,Engineering,Germany,60,132910.32,2018-04-13,On Leave,emp11640@company.com
E11641,Employee_1641,Marketing,Canada,30,84260.3,2017-09-03,On Leave,emp11641@company.com
E11642,Employee_1642,HR,India,36,126006.24,2023-09-01,Active,emp11642@company.com
E11643,Employee_1643,Support,India,45,70288.97,2022-11-22,Inactive,emp11643@company.com
E11644,Employee_1644,HR,USA,49,137120.92,2017-01-27,Inactive,emp11644@company.com
E11645,Employee_1645,Marketing,Germany,32,101051.54,2023-12-21,Active,emp11645@company.com
E11646,Employee_1646,Support,Germany,32,46540.78,2015-03-25,,emp11646@company.com
E11647,Employee_1647,HR,UK,49,79319.74,2019-03-21,Inactive,emp11647@company.com
E11648,Employee_1648,Support,UK,48,75790.14,2021-01-02,On Leave,emp11648@company.com
E11649,Employee_1649,Engineering,USA,29,82260.12,2019-04-14,Inactive,emp11649@company.com
E11650,Employee_1650,HR,UK,41,103180.29,2023-11-11,Inactive,
E11651,Employee_1651,Engineering,Australia,48,60725.99,2023-10-06,On Leave,emp11651@company.com
E11652,Employee_1652,Support,India,30,153216.23,2023-06-21,Active,emp11652@company.com
E11653,Employee_1653,Support,India,40,107504.63,2021-03-12,Inactive,emp11653@company.com
E11654,Employee_1654,Marketing,Canada,23,68225.61,2023-09-19,On Leave,emp11654@company.com
E11655,Employee_1655,Finance,Canada,41,93794.35,2024-10-15,Inactive,emp11655@company.com
E11656,Employee_1656,Sales,USA,23,176910.57,2015-09-04,On Leave,emp11656@company.com
E11657,Employee_1657,Finance,USA,35,121412.61,2020-01-25,,emp11657@company.com
E11658,Employee_1658,Finance,Canada,29,97214.57,2020-02-22,Active,emp11658@company.com
E11659,Employee_1659,Engineering,Canada,54,106671.52,2020-05-27,,emp11659@company.com
E11660,Employee_1660,HR,Canada,55,142894.93,2023-06-24,Inactive,emp11660@company.com
E11661,Employee_1661,HR,Canada,45,79222.81,2017-07-02,Active,emp11661@company.com
E11662,Employee_1662,Support,Australia,38,166145.32,2022-05-08,Inactive,emp11662@company.com
E11663,Employee_1663,Support,UK,31,146081.59,2021-02-07,Active,emp11663@company.com
E11664,Employee_1664,Marketing,Canada,50,41502.61,2017-01-21,Active,emp11664@company.com
E11665,Employee_1665,Finance,Australia,30,157468.13,2024-05-01,,emp11665@company.com
E11666,Employee_1666,Engineering,UK,36,101645.7,2018-07-02,On Leave,emp11666@company.com
E11667,Employee_1667,HR,Australia,46,115787.53,2022-01-16,,emp11667@company.com
E11668,Employee_1668,Sales,Canada,35,58613.2,2017-09-25,On Leave,emp11668@company.com
E11669,Employee_1669,Finance,Australia,29,45045.45,2017-01-25,Inactive,emp11669@company.com
E11670,Employee_1670,Finance,India,60,85275.35,2017-06-09,Active,emp11670@company.com
E11671,Employee_1671,Support,UK,,62417.92,2024-11-25,,emp11671@company.com
E11672,Employee_1672,Engineering,Australia,22,71467.63,2017-01-22,On Leave,emp11672@company.com
E11673,Employee_1673,Marketing,USA,28,107860.46,2015-03-08,,emp11673@company.com
E11674,Employee_1674,Finance,Australia,45,80470.37,2023-06-13,Active,
E11675,Employee_1675,HR,Australia,40,118812.15,2016-11-03,,emp11675@company.com
E11676,Employee_1676,HR,Germany,38,36520.96,2017-04-09,Inactive,emp11676@company.com
E11677,Employee_1677,Marketing,India,30,151844.78,2024-09-07,,emp11677@company.com
E11678,Employee_1678,HR,Australia,52,168832.09,2016-01-19,On Leave,emp11678@company.com
E11679,Employee_1679,Engineering,Australia,,178250.24,2017-04-16,Active,emp11679@company.com
E11680,Employee_1680,HR,Canada,54,107685.17,2022-01-27,Active,emp11680@company.com
E11681,Employee_1681,HR,Germany,48,99797.82,2015-09-15,Inactive,emp11681@company.com
E11682,Employee_1682,HR,Australia,29,82722.96,2019-06-07,,emp11682@company.com
E11683,Employee_1683,Engineering,Canada,60,142495.85,2020-04-02,Inactive,emp11683@company.com
E11684,Employee_1684,Sales,Germany,56,46002.57,2020-07-04,Active,emp11684@company.com
E11685,Employee_1685,Finance,Australia,60,165519.53,2021-10-20,,emp11685@company.com
E11686,Employee_1686,Marketing,Australia,45,120181.51,2015-05-17,Inactive,emp11686@company.com
E11687,Employee_1687,Sales,Canada,48,124950.82,2023-06-01,On Leave,emp11687@company.com
E11688,Employee_1688,Sales,USA,46,38875.35,2015-03-17,On Leave,emp11688@company.com
E11689,Employee_1689,Support,Canada,46,99959.17,2024-03-17,On Leave,emp11689@company.com
E11690,Employee_1690,Finance,Germany,27,154035.42,2021-04-26,,emp11690@company.com
E11691,Employee_1691,Support,Canada,40,109123.66,2016-06-26,On Leave,emp11691@company.com
E11692,Employee_1692,Finance,Australia,53,145287.27,2015-10-05,Active,emp11692@company.com
E11693,Employee_1693,Marketing,India,53,81337.72,2018-05-21,On Leave,emp11693@company.com
E11694,Employee_1694,Support,Australia,36,160961.85,2022-01-16,Inactive,emp11694@company.com
E11695,Employee_1695,Sales,India,55,166318.53,2017-07-19,Inactive,emp11695@company.com
E11696,Employee_1696,HR,Australia,34,106212.2,2015-12-23,On Leave,emp11696@company.com
E11697,Employee_1697,Marketing,India,33,141187.19,2022-09-19,Active,emp11697@company.com
E11698,Employee_1698,Marketing,Germany,51,94588.06,2019-08-24,On Leave,emp11698@company.com
E11699,Employee_1699,Finance,Australia,49,142888.37,2020-05-18,Inactive,emp11699@company.com
E11700,Employee_1700,Sales,UK,55,76621.45,2017-12-14,Inactive,emp11700@company.com
E11701,Employee_1701,HR,Australia,37,138087.17,2024-08-16,Active,emp11701@company.com
E11702,Employee_1702,Finance,USA,59,92281.43,2016-07-10,On Leave,emp11702@company.com
E11703,Employee_1703,Sales,India,48,66417.31,2016-04-01,Active,emp11703@company.com
E11704,Employee_1704,Marketing,India,38,99935.57,2016-11-28,On Leave,emp11704@company.com
E11705,Employee_1705,Engineering,India,58,177710.38,2024-08-18,Inactive,emp11705@company.com
E11706,Employee_1706,Finance,India,27,144764.35,2021-01-16,Active,emp11706@company.com
E11707,Employee_1707,HR,India,24,40946.29,2019-07-27,,emp11707@company.com
E11708,Employee_1708,Marketing,Germany,30,156264.46,2015-04-14,On Leave,emp11708@company.com
E11709,Employee_1709,Marketing,Germany,48,129105.31,2015-03-01,Inactive,emp11709@company.com
E11710,Employee_1710,Support,Germany,54,45727.64,2024-08-13,Inactive,emp11710@company.com
E11711,Employee_1711,Finance,UK,30,92720.47,2015-06-09,On Leave,emp11711@company.com
E11712,Employee_1712,Support,UK,49,48623.78,2023-01-09,Active,emp11712@company.com
E11713,Employee_1713,HR,Australia,26,131725.4,2018-03-08,On Leave,emp11713@company.com
E11714,Employee_1714,HR,Germany,23,122525.63,2024-09-01,,emp11714@company.com
E11715,Employee_1715,Support,Australia,34,95004.57,2018-06-06,On Leave,emp11715@company.com
E11716,Employee_1716,Sales,USA,56,87131.68,2020-09-05,Active,emp11716@company.com
E11717,Employee_1717,Support,USA,44,85581.49,2016-04-27,,emp11717@company.com
E11718,Employee_1718,Sales,Germany,37,133187.57,2016-05-17,Active,emp11718@company.com
E11719,Employee_1719,Engineering,UK,33,144953.15,2020-02-11,Active,emp11719@company.com
E11720,Employee_1720,Engineering,USA,32,123708.85,2021-01-25,On Leave,emp11720@company.com
E11721,Employee_1721,HR,USA,48,75747.48,2022-12-03,Active,emp11721@company.com
E11722,Employee_1722,Finance,Canada,34,55877.08,2021-03-14,Inactive,emp11722@company.com
E11723,Employee_1723,HR,UK,25,141213.12,2018-08-12,Inactive,emp11723@company.com
E11724,Employee_1724,Sales,UK,56,165191.88,2024-06-06,Active,emp11724@company.com
E11725,Employee_1725,Support,India,48,177003.16,2019-06-05,Inactive,emp11725@company.com
E11726,Employee_1726,Marketing,USA,48,160638.14,2020-09-12,Active,emp11726@company.com
E11727,Employee_1727,Sales,USA,50,135751.11,2017-05-08,Active,emp11727@company.com
E11728,Employee_1728,Support,Australia,57,121342.03,2015-12-19,Inactive,emp11728@company.com
E11729,Employee_1729,Sales,India,58,78291.5,2024-06-25,On Leave,emp11729@company.com
E11730,Employee_1730,Support,Canada,51,107266.72,2015-08-25,On Leave,emp11730@company.com
E11731,Employee_1731,Sales,India,47,82601.12,2016-06-16,,emp11731@company.com
E11732,Employee_1732,Finance,Germany,41,131062.46,2015-10-06,,emp11732@company.com
E11733,Employee_1733,Finance,Germany,40,102925.57,2022-01-15,,emp11733@company.com
E11734,Employee_1734,Sales,Germany,39,165759.81,2021-03-07,On Leave,emp11734@company.com
E11735,Employee_1735,Engineering,USA,51,103537.02,2024-04-03,Inactive,emp11735@company.com
E11736,Employee_1736,Support,Germany,22,71781.78,2024-06-06,,emp11736@company.com
E11737,Employee_1737,Finance,Canada,59,96245.31,2022-01-16,Active,emp11737@company.com
E11738,Employee_1738,Engineering,Canada,51,79049.93,2022-08-27,Inactive,emp11738@company.com
E11739,Employee_1739,Sales,USA,21,,2022-10-01,On Leave,emp11739@company.com
E11740,Employee_1740,HR,India,26,164050.87,2017-05-11,Inactive,emp11740@company.com
E11741,Employee_1741,Sales,Germany,22,,2017-01-02,,emp11741@company.com
E11742,Employee_1742,Support,Germany,39,119662.8,2016-12-26,,emp11742@company.com
E11743,Employee_1743,Engineering,Australia,53,106563.32,2016-01-28,Inactive,emp11743@company.com
E11744,Employee_1744,Engineering,Australia,54,110666.35,2020-08-06,Active,emp11744@company.com
E11745,Employee_1745,HR,Canada,40,167542.8,2018-12-19,,emp11745@company.com
E11746,Employee_1746,Sales,UK,38,142559.43,2023-03-28,On Leave,emp11746@company.com
E11747,Employee_1747,Finance,Australia,51,177594.1,2021-07-02,On Leave,emp11747@company.com
E11748,Employee_1748,HR,UK,55,83517.91,2017-12-02,Active,emp11748@company.com
E11749,Employee_1749,Finance,Germany,41,151448.69,2023-11-07,On Leave,emp11749@company.com
E11750,Employee_1750,Finance,Germany,22,92477.25,2015-05-26,Inactive,emp11750@company.com
E11751,Employee_1751,Marketing,USA,47,81676.93,2021-08-12,,emp11751@company.com
E11752,Employee_1752,Support,UK,37,161716.2,2019-11-14,On Leave,emp11752@company.com
E11753,Employee_1753,Support,Germany,51,48656.29,2024-11-27,Inactive,emp11753@company.com
E11754,Employee_1754,Marketing,USA,29,74822.82,2019-02-18,,emp11754@company.com
E11755,Employee_1755,Marketing,India,35,161524.44,2020-11-05,,emp11755@company.com
E11756,Employee_1756,Finance,Australia,35,131015.47,2022-11-22,Inactive,emp11756@company.com
E11757,Employee_1757,Marketing,Canada,56,161256.52,2020-09-10,Active,emp11757@company.com
E11758,Employee_1758,Finance,Canada,49,111374.15,2020-02-02,Inactive,emp11758@company.com
E11759,Employee_1759,HR,Germany,34,90176.45,2024-11-18,On Leave,emp11759@company.com
E11760,Employee_1760,Marketing,USA,34,129689.67,2023-09-08,,emp11760@company.com
E11761,Employee_1761,Marketing,USA,44,155126.69,2016-09-16,Inactive,emp11761@company.com
E11762,Employee_1762,Marketing,Australia,39,164977.62,2018-05-25,,emp11762@company.com
E11763,Employee_1763,Sales,Australia,43,81345.63,2015-11-12,Inactive,emp11763@company.com
E11764,Employee_1764,HR,Canada,52,66461.99,2021-03-07,,emp11764@company.com
E11765,Employee_1765,Support,Germany,50,149839.21,2021-04-25,Inactive,
E11766,Employee_1766,Engineering,USA,41,166794.41,2024-06-02,On Leave,emp11766@company.com
E11767,Employee_1767,Engineering,India,59,51921.74,2022-11-04,On Leave,emp11767@company.com
E11768,Employee_1768,Support,Canada,42,119074.04,2018-04-28,On Leave,emp11768@company.com
E11769,Employee_1769,Finance,UK,54,157057.57,2019-02-19,Inactive,emp11769@company.com
E11770,Employee_1770,Finance,UK,37,95067.75,2022-05-05,Active,emp11770@company.com
E11771,Employee_1771,Marketing,Australia,41,167600.88,2017-04-11,Active,emp11771@company.com
E11772,Employee_1772,Marketing,Australia,36,140567.27,2019-08-01,Active,emp11772@company.com
E11773,Employee_1773,HR,Canada,36,154650.59,2015-04-22,Inactive,emp11773@company.com
E11774,Employee_1774,Engineering,UK,36,52994.74,2020-07-09,Active,emp11774@company.com
E11775,Employee_1775,Finance,Germany,54,170983.0,2024-03-26,Active,emp11775@company.com
E11776,Employee_1776,Finance,Germany,50,41298.77,2020-03-02,On Leave,emp11776@company.com
E11777,Employee_1777,Finance,India,30,52556.25,2022-08-13,On Leave,emp11777@company.com
E11778,Employee_1778,Engineering,Canada,45,138251.04,2018-06-07,Active,emp11778@company.com
E11779,Employee_1779,Sales,India,53,43473.57,2019-03-16,,emp11779@company.com
E11780,Employee_1780,Marketing,Canada,26,40887.98,2023-12-12,,emp11780@company.com
E11781,Employee_1781,Support,Germany,32,168308.56,2021-05-01,,emp11781@company.com
E11782,Employee_1782,Marketing,Germany,49,162750.47,2023-07-28,Active,emp11782@company.com
E11783,Employee_1783,Finance,USA,56,89832.12,2015-11-06,,emp11783@company.com
E11784,Employee_1784,Marketing,Australia,56,135457.44,2018-04-10,,emp11784@company.com
E11785,Employee_1785,Sales,India,,132848.13,2015-04-01,,emp11785@company.com
E11786,Employee_1786,Support,India,45,173624.33,2019-08-08,Active,emp11786@company.com
E11787,Employee_1787,HR,UK,26,85324.57,2016-01-27,On Leave,emp11787@company.com
E11788,Employee_1788,HR,Germany,33,104267.46,2023-06-01,,emp11788@company.com
E11789,Employee_1789,HR,India,47,134718.0,2023-05-02,Active,emp11789@company.com
E11790,Employee_1790,Marketing,USA,56,159685.02,2017-03-11,Active,emp11790@company.com
E11791,Employee_1791,Sales,India,50,109774.14,2016-10-11,,
E11792,Employee_1792,Engineering,USA,42,149392.73,2023-11-27,,emp11792@company.com
E11793,Employee_1793,HR,Canada,,99038.1,2016-09-21,Active,emp11793@company.com
E11794,Employee_1794,Sales,USA,33,114526.02,2021-04-19,Inactive,emp11794@company.com
E11795,Employee_1795,HR,UK,39,119814.45,2016-03-02,Active,emp11795@company.com
E11796,Employee_1796,Sales,India,46,141953.63,2018-08-13,On Leave,emp11796@company.com
E11797,Employee_1797,Support,India,36,153743.34,2017-02-05,,emp11797@company.com
E11798,Employee_1798,Engineering,India,53,124750.98,2020-07-24,Inactive,emp11798@company.com
E11799,Employee_1799,Sales,India,39,169696.31,2020-12-22,Active,emp11799@company.com
E11800,Employee_1800,Sales,Canada,36,143053.14,2021-09-06,,emp11800@company.com
E11801,Employee_1801,Support,USA,46,78842.97,2022-05-13,Active,emp11801@company.com
E11802,Employee_1802,Marketing,Germany,26,71168.97,2020-10-08,Active,emp11802@company.com
E11803,Employee_1803,Marketing,India,56,69837.48,2018-07-18,On Leave,emp11803@company.com
E11804,Employee_1804,Finance,USA,54,45986.77,2021-10-18,Inactive,emp11804@company.com
E11805,Employee_1805,Marketing,UK,35,114071.31,2023-12-12,On Leave,emp11805@company.com
E11806,Employee_1806,HR,Germany,38,78061.41,2019-11-10,,emp11806@company.com
E11807,Employee_1807,Sales,India,34,75486.95,2022-02-10,,emp11807@company.com
E11808,Employee_1808,HR,USA,47,,2018-02-22,On Leave,emp11808@company.com
E11809,Employee_1809,Finance,Australia,29,169276.17,2022-03-21,Inactive,emp11809@company.com
E11810,Employee_1810,Support,USA,54,96794.02,2015-07-18,Inactive,emp11810@company.com
E11811,Employee_1811,Finance,Germany,43,52871.87,2016-07-23,Active,emp11811@company.com
E11812,Employee_1812,Support,India,31,147876.02,2016-04-04,,emp11812@company.com
E11813,Employee_1813,Finance,UK,43,168303.53,2017-07-26,Inactive,emp11813@company.com
E11814,Employee_1814,Finance,Canada,22,,2016-11-16,,emp11814@company.com
E11815,Employee_1815,Finance,USA,31,70827.11,2018-04-21,Inactive,emp11815@company.com
E11816,Employee_1816,Finance,UK,42,80408.78,2018-07-20,On Leave,emp11816@company.com
E11817,Employee_1817,Support,India,47,152922.78,2017-05-26,Inactive,emp11817@company.com
E11818,Employee_1818,Support,India,28,177391.94,2022-08-17,Inactive,emp11818@company.com
E11819,Employee_1819,Support,Canada,,99054.8,2019-11-21,Active,emp11819@company.com
E11820,Employee_1820,HR,Germany,52,130179.82,2022-02-25,,emp11820@company.com
E11821,Employee_1821,Engineering,Australia,56,95952.11,2019-09-01,,emp11821@company.com
E11822,Employee_1822,Sales,UK,25,134495.42,2018-10-13,Active,emp11822@company.com
E11823,Employee_1823,Engineering,UK,55,175168.74,2021-12-04,On Leave,emp11823@company.com
E11824,Employee_1824,HR,Germany,57,158353.99,2021-09-22,Active,emp11824@company.com
E11825,Employee_1825,Finance,Germany,46,60645.55,2021-12-15,On Leave,emp11825@company.com
E11826,Employee_1826,Sales,UK,25,96792.09,2017-04-14,Inactive,emp11826@company.com
E11827,Employee_1827,Marketing,Canada,48,114854.92,2015-06-16,On Leave,emp11827@company.com
E11828,Employee_1828,HR,USA,,101632.97,2017-08-18,On Leave,emp11828@company.com
E11829,Employee_1829,Support,Germany,40,86767.01,2018-06-09,On Leave,emp11829@company.com
E11830,Employee_1830,Sales,UK,25,81351.39,2019-09-10,,emp11830@company.com
E11831,Employee_1831,Engineering,UK,35,132687.77,2024-11-04,Inactive,emp11831@company.com
E11832,Employee_1832,Marketing,Germany,55,164075.9,2019-08-07,Active,emp11832@company.com
E11833,Employee_1833,Engineering,Canada,26,115595.49,2019-02-28,On Leave,emp11833@company.com
E11834,Employee_1834,Finance,UK,57,147629.72,2017-03-21,On Leave,emp11834@company.com
E11835,Employee_1835,Support,UK,35,67159.52,2019-06-22,On Leave,emp11835@company.com
E11836,Employee_1836,HR,Australia,26,116387.43,2020-01-05,,emp11836@company.com
E11837,Employee_1837,Support,India,45,128725.39,2019-03-26,On Leave,emp11837@company.com
E11838,Employee_1838,Finance,USA,33,168504.05,2018-02-06,Active,emp11838@company.com
E11839,Employee_1839,Sales,UK,38,74497.92,2021-05-07,On Leave,emp11839@company.com
E11840,Employee_1840,HR,Canada,33,85528.9,2017-05-27,,emp11840@company.com
E11841,Employee_1841,HR,UK,28,147227.84,2024-07-19,Active,emp11841@company.com
E11842,Employee_1842,Engineering,India,60,142729.57,2017-01-18,Active,emp11842@company.com
E11843,Employee_1843,HR,India,45,114900.41,2023-04-14,Active,emp11843@company.com
E11844,Employee_1844,Finance,India,31,38537.9,2019-05-02,On Leave,emp11844@company.com
E11845,Employee_1845,Finance,USA,54,153158.32,2021-01-07,Active,emp11845@company.com
E11846,Employee_1846,Support,UK,30,170158.36,2018-05-06,Active,emp11846@company.com
E11847,Employee_1847,Support,India,36,136648.27,2019-11-27,On Leave,emp11847@company.com
E11848,Employee_1848,HR,UK,59,39818.51,2021-01-10,Active,emp11848@company.com
E11849,Employee_1849,HR,Germany,44,92926.77,2019-10-05,On Leave,emp11849@company.com
E11850,Employee_1850,Marketing,India,38,117983.67,2018-09-06,Inactive,emp11850@company.com
E11851,Employee_1851,Marketing,Canada,27,54773.98,2015-10-02,Inactive,emp11851@company.com
E11852,Employee_1852,Engineering,Australia,27,169374.64,2022-05-04,On Leave,emp11852@company.com
E11853,Employee_1853,HR,Australia,44,70419.01,2015-06-25,,emp11853@company.com
E11854,Employee_1854,Engineering,Canada,39,69612.92,2021-04-27,Active,emp11854@company.com
E11855,Employee_1855,Engineering,Canada,54,178408.84,2018-06-10,Inactive,
E11856,Employee_1856,Sales,Australia,42,44094.55,2021-05-10,,emp11856@company.com
E11857,Employee_1857,Sales,UK,28,150225.7,2018-02-09,Active,emp11857@company.com
E11858,Employee_1858,HR,USA,54,147144.18,2021-04-27,On Leave,
E11859,Employee_1859,Finance,Canada,36,156417.44,2020-05-05,Inactive,emp11859@company.com
E11860,Employee_1860,Sales,Canada,23,71960.36,2023-08-25,Active,emp11860@company.com
E11861,Employee_1861,Marketing,UK,37,141311.14,2019-09-11,Inactive,emp11861@company.com
E11862,Employee_1862,Marketing,India,31,85014.04,2017-09-08,,emp11862@company.com
E11863,Employee_1863,HR,India,28,127106.06,2020-11-10,Active,emp11863@company.com
E11864,Employee_1864,Marketing,Germany,38,94500.44,2015-03-08,On Leave,emp11864@company.com
E11865,Employee_1865,Marketing,Australia,33,46937.69,2020-11-20,,emp11865@company.com
E11866,Employee_1866,Engineering,Australia,52,179702.35,2024-03-23,On Leave,emp11866@company.com
E11867,Employee_1867,Support,Australia,25,42951.37,2023-01-02,Active,emp11867@company.com
E11868,Employee_1868,Support,Australia,52,55167.5,2018-12-02,On Leave,emp11868@company.com
E11869,Employee_1869,Sales,Germany,25,87833.77,2018-07-10,Inactive,emp11869@company.com
E11870,Employee_1870,Engineering,India,42,153945.45,2022-06-26,,emp11870@company.com
E11871,Employee_1871,Marketing,Germany,48,173088.0,2021-10-02,Inactive,emp11871@company.com
E11872,Employee_1872,Sales,Canada,43,140793.43,2023-03-18,On Leave,emp11872@company.com
E11873,Employee_1873,Engineering,India,48,100397.93,2016-10-08,,emp11873@company.com
E11874,Employee_1874,Support,Australia,22,176270.87,2020-01-26,,emp11874@company.com
E11875,Employee_1875,Engineering,Germany,32,119947.57,2022-06-14,,emp11875@company.com
E11876,Employee_1876,Finance,UK,36,69847.56,2017-11-01,,emp11876@company.com
E11877,Employee_1877,HR,Australia,60,175447.4,2017-11-28,,emp11877@company.com
E11878,Employee_1878,Sales,UK,54,120558.04,2022-01-14,Active,emp11878@company.com
E11879,Employee_1879,Engineering,Canada,,83832.76,2015-05-20,,emp11879@company.com
E11880,Employee_1880,Finance,Australia,28,99497.46,2018-12-28,Active,emp11880@company.com
E11881,Employee_1881,Finance,India,59,136402.6,2024-11-10,Active,emp11881@company.com
E11882,Employee_1882,Engineering,USA,38,57976.7,2017-09-01,On Leave,emp11882@company.com
E11883,Employee_1883,Engineering,Australia,45,73492.64,2023-04-23,Active,emp11883@company.com
E11884,Employee_1884,Engineering,UK,28,105205.91,2015-11-09,On Leave,emp11884@company.com
E11885,Employee_1885,HR,USA,55,61650.32,2019-11-08,On Leave,emp11885@company.com
E11886,Employee_1886,HR,India,37,53666.89,2023-07-12,Active,emp11886@company.com
E11887,Employee_1887,Support,Canada,,123398.75,2016-12-18,,emp11887@company.com
E11888,Employee_1888,Finance,UK,25,87848.44,2017-12-27,Active,
E11889,Employee_1889,Finance,UK,55,112748.14,2016-05-16,,emp11889@company.com
E11890,Employee_1890,Support,India,,87937.12,2020-09-09,Active,emp11890@company.com
E11891,Employee_1891,Finance,Canada,39,157157.31,2021-10-20,Inactive,emp11891@company.com
E11892,Employee_1892,Sales,India,29,120876.12,2019-12-13,On Leave,emp11892@company.com
E11893,Employee_1893,Support,Canada,38,101272.74,2017-06-11,,emp11893@company.com
E11894,Employee_1894,Engineering,Canada,53,82500.56,2015-06-18,Active,emp11894@company.com
E11895,Employee_1895,Engineering,Canada,53,87487.81,2021-03-02,On Leave,emp11895@company.com
E11896,Employee_1896,Marketing,Canada,27,99038.12,2023-02-13,Active,emp11896@company.com
E11897,Employee_1897,Finance,India,36,68410.15,2020-01-10,,emp11897@company.com
E11898,Employee_1898,HR,Canada,42,,2021-10-24,,emp11898@company.com
E11899,Employee_1899,Marketing,UK,21,126077.9,2019-11-07,On Leave,emp11899@company.com
E11900,Employee_1900,Support,Germany,45,95941.37,2022-09-06,Inactive,emp11900@company.com
E11901,Employee_1901,Support,UK,34,120194.84,2017-11-24,,emp11901@company.com
E11902,Employee_1902,Sales,UK,,138639.77,2020-08-09,,emp11902@company.com
E11903,Employee_1903,HR,Canada,60,105580.34,2024-11-26,Active,emp11903@company.com
E11904,Employee_1904,Marketing,Australia,43,60195.81,2024-11-01,,emp11904@company.com
E11905,Employee_1905,Support,India,60,112630.15,2021-03-09,On Leave,emp11905@company.com
E11906,Employee_1906,HR,Canada,55,162131.19,2020-02-28,Inactive,emp11906@company.com
E11907,Employee_1907,Marketing,UK,39,108111.24,2023-02-03,,emp11907@company.com
E11908,Employee_1908,Support,USA,28,89882.36,2023-04-21,,emp11908@company.com
E11909,Employee_1909,Support,Germany,41,129542.71,2016-07-15,On Leave,emp11909@company.com
E11910,Employee_1910,HR,Australia,30,84926.42,2024-12-17,Active,emp11910@company.com
E11911,Employee_1911,HR,USA,37,135006.16,2017-06-14,Inactive,emp11911@company.com
E11912,Employee_1912,HR,USA,24,107423.08,2021-03-24,Active,emp11912@company.com
E11913,Employee_1913,Engineering,UK,48,130154.42,2016-03-03,On Leave,emp11913@company.com
E11914,Employee_1914,Sales,Canada,36,159312.16,2019-01-23,,emp11914@company.com
E11915,Employee_1915,HR,USA,28,56121.57,2019-03-13,,emp11915@company.com
E11916,Employee_1916,Engineering,USA,46,119431.67,2015-05-27,,emp11916@company.com
E11917,Employee_1917,HR,Australia,42,172301.94,2017-03-07,Active,emp11917@company.com
E11918,Employee_1918,Engineering,Australia,58,80608.98,2020-12-21,On Leave,emp11918@company.com
E11919,Employee_1919,Marketing,Australia,47,42732.47,2019-09-10,Inactive,emp11919@company.com
E11920,Employee_1920,HR,Canada,27,118008.14,2021-11-23,Active,emp11920@company.com
E11921,Employee_1921,Marketing,USA,59,176794.38,2024-06-14,On Leave,emp11921@company.com
E11922,Employee_1922,Sales,UK,53,,2020-04-02,On Leave,emp11922@company.com
E11923,Employee_1923,Support,Australia,40,91642.2,2022-10-27,,emp11923@company.com
E11924,Employee_1924,Marketing,Canada,27,149307.12,2023-04-02,Active,emp11924@company.com
E11925,Employee_1925,HR,Germany,59,164591.94,2022-04-02,,emp11925@company.com
E11926,Employee_1926,Finance,India,27,42062.15,2017-01-10,Inactive,emp11926@company.com
E11927,Employee_1927,Engineering,UK,39,62612.57,2022-08-16,,emp11927@company.com
E11928,Employee_1928,Marketing,Australia,50,162920.03,2021-04-06,,emp11928@company.com
E11929,Employee_1929,HR,Germany,29,60981.89,2022-05-09,Active,emp11929@company.com
E11930,Employee_1930,Finance,USA,47,174889.44,2018-08-25,Inactive,emp11930@company.com
E11931,Employee_1931,Sales,Australia,30,124760.8,2019-05-08,,emp11931@company.com
E11932,Employee_1932,Finance,USA,22,54215.44,2017-01-20,On Leave,emp11932@company.com
E11933,Employee_1933,Marketing,UK,32,121281.13,2019-12-11,Active,emp11933@company.com
E11934,Employee_1934,HR,USA,45,96591.06,2017-11-17,,emp11934@company.com
E11935,Employee_1935,Engineering,USA,47,97767.51,2017-01-24,,emp11935@company.com
E11936,Employee_1936,Finance,UK,36,76894.97,2021-05-19,,emp11936@company.com
E11937,Employee_1937,Sales,UK,39,179017.74,2019-04-17,Active,emp11937@company.com
E11938,Employee_1938,Marketing,India,38,94974.88,2024-06-07,On Leave,emp11938@company.com
E11939,Employee_1939,Engineering,Canada,45,121683.34,2021-07-27,Inactive,emp11939@company.com
E11940,Employee_1940,Marketing,Germany,51,102702.18,2021-07-14,On Leave,emp11940@company.com
E11941,Employee_1941,Support,India,39,171313.76,2015-08-26,On Leave,emp11941@company.com
E11942,Employee_1942,HR,Australia,32,145425.5,2019-03-04,Active,emp11942@company.com
E11943,Employee_1943,Engineering,USA,28,70405.57,2024-06-09,Inactive,emp11943@company.com
E11944,Employee_1944,Support,Canada,34,89485.41,2020-05-27,Active,emp11944@company.com
E11945,Employee_1945,Engineering,Canada,40,118682.86,2021-12-07,Inactive,emp11945@company.com
E11946,Employee_1946,Marketing,UK,26,177804.44,2018-01-02,,emp11946@company.com
E11947,Employee_1947,Finance,Germany,58,67705.06,2020-05-05,On Leave,emp11947@company.com
E11948,Employee_1948,Finance,Canada,39,104466.48,2023-03-19,,emp11948@company.com
E11949,Employee_1949,Engineering,Germany,57,146435.65,2024-08-05,On Leave,emp11949@company.com
E11950,Employee_1950,HR,Australia,42,147203.25,2016-10-07,,emp11950@company.com
E11951,Employee_1951,Finance,Canada,57,85973.04,2016-09-02,On Leave,emp11951@company.com
E11952,Employee_1952,Support,USA,35,156160.22,2017-04-22,Active,emp11952@company.com
E11953,Employee_1953,Engineering,USA,,72651.84,2017-12-12,Active,emp11953@company.com
E11954,Employee_1954,Sales,UK,,136857.74,2015-02-15,,emp11954@company.com
E11955,Employee_1955,HR,Germany,58,43959.98,2018-03-07,Inactive,emp11955@company.com
E11956,Employee_1956,Support,UK,28,87391.96,2022-05-03,Active,emp11956@company.com
E11957,Employee_1957,Sales,UK,52,70724.85,2020-01-12,On Leave,emp11957@company.com
E11958,Employee_1958,HR,Canada,49,126486.18,2022-12-17,Active,emp11958@company.com
E11959,Employee_1959,Finance,UK,55,148127.61,2019-07-02,Inactive,emp11959@company.com
E11960,Employee_1960,Marketing,UK,42,42341.94,2016-04-25,On Leave,emp11960@company.com
E11961,Employee_1961,Support,Germany,53,131217.45,2019-09-04,On Leave,emp11961@company.com
E11962,Employee_1962,Finance,Australia,47,146156.69,2023-07-17,On Leave,emp11962@company.com
E11963,Employee_1963,Support,UK,30,76676.56,2016-04-07,Inactive,emp11963@company.com
E11964,Employee_1964,Support,India,47,101810.68,2024-07-15,Inactive,emp11964@company.com
E11965,Employee_1965,Engineering,Australia,47,48870.17,2020-01-05,Inactive,emp11965@company.com
E11966,Employee_1966,Marketing,Australia,35,111772.13,2017-01-21,Active,emp11966@company.com
E11967,Employee_1967,Finance,Germany,,101241.74,2024-12-04,Inactive,emp11967@company.com
E11968,Employee_1968,Support,Canada,43,175948.89,2017-11-25,On Leave,emp11968@company.com
E11969,Employee_1969,Support,Germany,30,130308.01,2023-01-21,Inactive,
E11970,Employee_1970,Engineering,USA,31,52692.63,2018-01-16,On Leave,emp11970@company.com
E11971,Employee_1971,Engineering,USA,29,89264.17,2023-07-26,Active,emp11971@company.com
E11972,Employee_1972,HR,Germany,31,138390.64,2015-07-12,On Leave,emp11972@company.com
E11973,Employee_1973,Marketing,Australia,60,153569.27,2018-07-21,On Leave,emp11973@company.com
E11974,Employee_1974,Support,India,39,44559.17,2023-12-22,Active,emp11974@company.com
E11975,Employee_1975,Finance,Australia,27,121148.08,2021-12-12,Active,emp11975@company.com
E11976,Employee_1976,Finance,India,25,155521.88,2017-08-04,On Leave,emp11976@company.com
E11977,Employee_1977,Marketing,Canada,46,152455.57,2022-12-23,Active,emp11977@company.com
E11978,Employee_1978,Support,USA,49,129773.85,2015-06-20,On Leave,emp11978@company.com
E11979,Employee_1979,Support,USA,41,132338.65,2015-09-02,,emp11979@company.com
E11980,Employee_1980,Sales,USA,48,145697.0,2021-01-03,Inactive,emp11980@company.com
E11981,Employee_1981,Marketing,UK,26,120871.5,2020-12-04,Active,emp11981@company.com
E11982,Employee_1982,HR,USA,29,74210.06,2015-03-11,Inactive,emp11982@company.com
E11983,Employee_1983,Finance,USA,,110009.55,2017-11-15,Active,emp11983@company.com
E11984,Employee_1984,Support,India,23,75320.9,2024-11-08,Active,emp11984@company.com
E11985,Employee_1985,Support,India,45,173833.92,2022-06-15,On Leave,emp11985@company.com
E11986,Employee_1986,Marketing,Australia,23,111071.81,2017-12-07,Inactive,emp11986@company.com
E11987,Employee_1987,Marketing,UK,31,109383.98,2019-04-05,Active,emp11987@company.com
E11988,Employee_1988,Support,Germany,43,148400.74,2021-08-28,Inactive,
E11989,Employee_1989,HR,India,49,134250.99,2017-08-24,On Leave,emp11989@company.com
E11990,Employee_1990,Engineering,UK,45,72790.98,2015-02-16,,emp11990@company.com
E11991,Employee_1991,Engineering,Canada,49,166816.41,2016-03-07,Active,emp11991@company.com
E11992,Employee_1992,Sales,Germany,22,161514.89,2018-11-28,On Leave,emp11992@company.com
E11993,Employee_1993,Finance,Germany,22,,2017-09-20,On Leave,emp11993@company.com
E11994,Employee_1994,HR,India,23,106494.93,2024-01-25,On Leave,emp11994@company.com
E11995,Employee_1995,Support,Canada,59,106373.76,2015-06-17,,emp11995@company.com
E11996,Employee_1996,Finance,USA,49,157259.95,2023-01-22,,
E11997,Employee_1997,Finance,Australia,47,106123.89,2019-04-03,Active,emp11997@company.com
E11998,Employee_1998,Support,USA,49,82681.93,2016-06-27,On Leave,emp11998@company.com
E11999,Employee_1999,Sales,Germany,35,175480.63,2018-08-01,On Leave,emp11999@company.com
