Hospital,patient_count
Llc Smith,40
Johnson Plc,35
Smith Ltd,35
Ltd Smith,35
Smith Plc,33
Smith Group,32
Group Smith,30
Smith Inc,29
Johnson Inc,29
Smith Llc,28
Llc Johnson,28
Plc Williams,27
Plc Smith,26
Brown Inc,26
Inc Smith,25
Inc Brown,25
Williams Llc,25
Brown Llc,24
Group Johnson,24
Inc Johnson,24
Johnson Group,24
Inc Jones,23
Group Brown,22
Inc Williams,20
Jones Group,20
Johnson Ltd,20
Brown Plc,20
Llc Williams,20
Williams Group,20
Johnson Llc,20
Ltd Brown,19
Jones Llc,19
Jones Ltd,19
Llc Garcia,19
Williams Inc,19
Brown Group,19
Miller Inc,19
Williams Ltd,18
Group Jones,18
Ltd Johnson,18
Llc Brown,18
Williams Plc,17
Miller Plc,17
Miller Ltd,17
Brown Ltd,17
Llc Jones,17
Group Davis,17
Ltd Jones,17
Ltd Williams,16
Group Williams,16
Miller Llc,16
Wilson Group,16
Plc Brown,16
Plc Jones,15
Plc Rodriguez,15
Martin Inc,15
Jones Inc,15
Ltd Miller,14
Davis Inc,14
Group Garcia,14
Inc Rodriguez,14
Anderson Plc,14
Rodriguez Ltd,14
Davis Group,14
Davis Plc,14
Plc Johnson,14
Plc Thomas,14
Garcia Group,14
Inc Miller,14
Moore Llc,14
Wilson Plc,14
Inc Taylor,14
White Inc,14
Thomas Llc,13
Inc Jackson,13
Llc Davis,13
Plc Miller,13
Hill Inc,13
Anderson Group,13
Inc Hernandez,13
Group Miller,13
Jones Plc,13
Plc Davis,13
Taylor Ltd,13
Ramirez Group,12
Moore Inc,12
Anderson Llc,12
Wilson Llc,12
Plc Anderson,12
Inc Lopez,12
Lopez Plc,12
Miller Group,12
Llc Moore,12
Group Hernandez,12
Rodriguez Plc,12
And Sons Smith,12
Inc Garcia,12
Martinez Inc,12
Garcia Plc,12
Green Plc,12
Ltd Hernandez,12
Inc Lee,12
Inc Nelson,12
Rodriguez Inc,12
Hernandez Plc,12
Anderson Inc,12
Johnson Sons And,12
Inc Davis,12
And Sons Williams,12
Wilson Ltd,12
Sons And Johnson,12
Robinson Inc,12
Plc Thompson,11
Llc Clark,11
Plc Lewis,11
Ltd Jackson,11
Clark Plc,11
Ltd Anderson,11
Martin Group,11
Ltd Wright,11
Thompson Ltd,11
Inc Harris,11
Moore Plc,11
Sons Williams And,11
Ltd Thompson,11
Thompson Plc,11
Davis Ltd,11
Rodriguez Group,11
Llc Rodriguez,11
Hernandez Ltd,11
Inc Gonzalez,11
Thomas And Sons,10
Llc Taylor,10
Llc Lopez,10
Sons Smith And,10
Group Lopez,10
Ltd Clark,10
Lewis Ltd,10
Group Rodriguez,10
Llc Hernandez,10
Group Clark,10
Sons And Brown,10
Smith Sons And,10
Llc Martinez,10
Plc Lopez,10
Jones Sons And,10
Inc Wright,10
Plc Harris,10
Group Anderson,10
Inc Moore,10
Martinez Ltd,10
King Ltd,10
Lee Plc,10
White Group,10
Garcia Inc,10
Carter Inc,10
Martin Plc,10
Inc Anderson,10
Ltd Martin,10
Group Lewis,10
Inc Robinson,9
Ltd Harris,9
Clark Llc,9
Walker Plc,9
Gilbert Ltd,9
Ltd Davis,9
Martin Llc,9
Inc Martinez,9
Group Martinez,9
Llc King,9
Ltd Martinez,9
Thomas Inc,9
Ltd Lee,9
Inc Perez,9
Taylor Inc,9
Stone Ltd,9
Campbell Llc,9
Lopez Llc,9
Martin Ltd,9
Llc Flores,9
Group Gonzalez,9
Lee Llc,9
James Ltd,9
Inc Thomas,9
Sons And Smith,9
Mitchell Inc,9
Ltd Moore,9
Murphy Inc,9
Phillips Llc,9
Group Thompson,9
Phillips Ltd,9
Gonzalez Llc,9
Wilson Inc,9
Garcia Llc,9
Group Nelson,9
Lopez Group,9
Gonzalez Inc,9
Plc Garcia,9
Llc White,9
Sanchez Group,9
Llc Wilson,9
Group Cook,9
Ltd Nelson,9
Llc Anderson,9
Ltd Thomas,9
Allen Group,9
Llc Miller,9
Llc Martin,9
Ltd Lewis,9
Lopez Inc,9
And Jones Sons,8
Jackson Group,8
Gibson Llc,8
Sanchez Inc,8
Smith And Sons,8
Sons Brown And,8
Sons Miller And,8
Allen Plc,8
Taylor Plc,8
Thompson Group,8
Wallace Llc,8
Hall Llc,8
Group Walker,8
Inc Martin,8
Adams Group,8
Cook Group,8
Hall Plc,8
Johnson-Smith,8
Davis Llc,8
Inc Wilson,8
Jackson Plc,8
Harris Group,8
Clark Inc,8
Jackson Inc,8
Young Ltd,8
Llc Thompson,8
Ltd Hall,8
Ltd Lopez,8
Ltd Taylor,8
Gonzalez Group,8
Harris Plc,8
Moore Group,8
Jackson Llc,8
Moore Ltd,8
Perez Group,8
Plc Cook,8
Plc Green,8
Gonzalez Ltd,8
Plc Hill,8
Plc Jackson,8
Plc White,8
Plc Wright,8
Robinson Group,8
Group Martin,7
White And Sons,7
White Llc,7
Anderson Ltd,7
Jackson Ltd,7
Inc Evans,7
White Ltd,7
Lee Group,7
Martinez Plc,7
Group Wright,7
Nelson Plc,7
Inc Morales,7
Group Scott,7
Ltd Myers,7
Williams Sons And,7
Ltd Perez,7
Ltd Peterson,7
Ltd Phillips,7
Wright Group,7
Carter Group,7
Ltd Porter,7
Ltd Ramirez,7
Lee Inc,7
Nguyen Plc,7
Thompson Sons And,7
Plc Morales,7
King Inc,7
Clark Ltd,7
Anderson And Sons,7
Lewis Llc,7
Plc Adams,7
Plc Allen,7
Griffin Plc,7
Murphy Llc,7
Plc Carter,7
Ltd Scott,7
Plc Cruz,7
Llc Howard,7
Harris Inc,7
Llc Perez,7
Llc Allen,7
Inc White,7
Plc Martin,7
Hill Plc,7
Garcia Ltd,7
Group Green,7
Plc Perez,7
And Smith Sons,7
Lee Ltd,7
Plc Roberts,7
Plc Scott,7
Ltd Walker,7
Adams Llc,7
Plc Taylor,7
Group Stewart,7
Lopez Ltd,7
And Sons Rodriguez,7
Llc Harris,7
Inc Roberts,7
Reyes Plc,7
Roberts Ltd,7
Llc Robinson,7
Robinson Llc,7
Group Harris,7
Rodriguez And Sons,7
Inc Clark,7
Cook Ltd,7
Allen Ltd,7
Inc Carter,7
Rodriguez Llc,7
Hill Group,7
Llc Carter,7
Simmons Llc,7
Llc Jackson,7
Group Hunt,7
And Sons Johnson,7
Hall Group,7
Inc Scott,7
Llc Lee,7
Smith-Smith,7
Smith-Wilson,7
Green Inc,7
Harris Llc,7
And Martinez Sons,7
Sons Johnson And,7
Turner Group,7
Walker Group,7
Walker Ltd,7
Inc Walker,6
Inc Sanchez,6
Miller-Smith,6
Evans Group,6
Carter Ltd,6
Lewis Inc,6
Collins Llc,6
Evans Ltd,6
Mitchell Ltd,6
Inc Cruz,6
Llc Hall,6
Group Simpson,6
Ltd Reed,6
Inc Phillips,6
Alvarez Ltd,6
Baker Plc,6
Ltd Reyes,6
Johnson-Williams,6
Ltd Rivera,6
Henderson Llc,6
Gutierrez Inc,6
Johnson-Johnson,6
Ltd Spencer,6
Llc Ward,6
Edwards Plc,6
Group Barnes,6
Patel Llc,6
Llc Hill,6
Llc Lewis,6
Ltd Turner,6
Gomez Inc,6
Group Young,6
Diaz Inc,6
Inc Butler,6
Allen Inc,6
Ltd West,6
Ltd White,6
Allen Llc,6
Lee Sons And,6
Coleman Group,6
Bowman Ltd,6
Lewis Group,6
Morales Group,6
Gonzalez Plc,6
Group Bennett,6
Inc Adams,6
Group Allen,6
Perry Group,6
Inc King,6
Llc Freeman,6
Llc Gonzalez,6
Ltd Hansen,6
Llc Baker,6
Perez Inc,6
Llc Evans,6
And Sons Lee,6
Plc Morris,6
Long Llc,6
Shaw Llc,6
Plc Reyes,6
Ltd Allen,6
And Johnson Sons,6
Plc Ross,6
Group Wilson,6
Hayes Inc,6
Kim Inc,6
Smith-Davis,6
Plc Bell,6
Griffin Group,6
Sons And Miller,6
Llc Reyes,6
Sons And Taylor,6
Inc Harper,6
Plc Fisher,6
Sons Jones And,6
Ltd Baker,6
Sons Thomas And,6
Stewart Llc,6
Stewart Plc,6
Llc Myers,6
Taylor Llc,6
Hernandez Inc,6
Graham Ltd,6
Thomas Ltd,6
Thomas Plc,6
Ltd Campbell,6
Thompson Inc,6
Group Fisher,6
Torres Inc,6
Plc Wilson,6
Inc Price,6
Ramirez Plc,6
Ltd Carter,6
Ward Plc,6
Inc Ross,6
Plc Martinez,6
Plc Gonzalez,6
Wiley Llc,6
Group Hill,6
Plc Moore,6
Green Llc,6
Gonzalez Sons And,6
Bailey Inc,6
Williams-Garcia,6
Group Taylor,6
Inc Ellis,6
Hernandez Group,6
Wood Group,6
Murray Plc,6
Wright Llc,6
Wright Plc,6
Young Inc,6
Young Llc,6
Cole Ltd,5
Plc Harper,5
And Sons Long,5
Plc Harrison,5
Plc Hernandez,5
Llc Perry,5
Group Cross,5
Snyder Plc,5
Group Sullivan,5
And Sons Miller,5
Garza Group,5
Group Peterson,5
Cruz Plc,5
Llc Brooks,5
Plc Mason,5
Sons And Jones,5
Plc Meyer,5
Inc Freeman,5
Baker Sons And,5
Harvey Plc,5
Group White,5
Henderson Plc,5
Plc Peterson,5
Castillo Ltd,5
Inc Parker,5
Brown-Smith,5
Dunn Plc,5
Inc Murphy,5
Plc Shaw,5
Llc Bell,5
Plc Soto,5
Carter Plc,5
Martinez Llc,5
Inc Gonzales,5
Plc Walker,5
Plc Webb,5
Plc Wells,5
Group Owens,5
Llc Edwards,5
Group Reed,5
Campbell Group,5
Plc Young,5
Price Inc,5
Bailey Llc,5
Ramirez Inc,5
Ltd Cox,5
Ltd Estrada,5
Reynolds And Sons,5
Rivera Plc,5
Roberts Group,5
Roberts Inc,5
Ltd Garcia,5
Llc Mitchell,5
Hill Llc,5
Ltd Gibson,5
Robinson Ltd,5
Llc Thomas,5
King Plc,5
Brown-Williams,5
Ltd James,5
Inc Allen,5
Ltd Jimenez,5
Rogers Group,5
Ross Group,5
Russell Llc,5
Inc Meyer,5
Ltd Adams,5
Sanchez Llc,5
Sanders Inc,5
Scott Inc,5
Scott Llc,5
Scott Ltd,5
Scott Plc,5
Alvarado Llc,5
Silva Group,5
Ltd Kelley,5
Ltd King,5
Group Alexander,5
Llc Stewart,5
Baker Inc,5
Group Davidson,5
Ltd Murphy,5
Harris-Smith,5
Ltd Rodriguez,5
Ltd Stevens,5
Smith-Williams,5
Ltd Stewart,5
Inc Powell,5
Sons And Jackson,5
Group Edwards,5
Sons And Lopez,5
Llc Turner,5
Ltd Ward,5
Ltd Wilson,5
And Sons Jones,5
Marshall Plc,5
Sons Davis And,5
Clark Group,5
Llc Stone,5
Sons Lee And,5
Sons Martin And,5
Martinez Group,5
Johnson-Taylor,5
Matthews Group,5
Jones-Rodriguez,5
Sons Wilson And,5
Stewart Group,5
Meyer Group,5
Inc Hill,5
Stone Inc,5
Mitchell Plc,5
Sullivan Plc,5
Taylor Group,5
Brown Sons And,5
Hansen Plc,5
Henry Inc,5
Inc Schmidt,5
Moore Sons And,5
Thomas Group,5
Inc Campbell,5
Moreno Llc,5
Morgan Ltd,5
Morris And Sons,5
Morris Inc,5
And Campbell Sons,5
Thompson Llc,5
Llc Austin,5
Cook Inc,5
Murray Ltd,5
Torres Group,5
Myers Plc,5
Tran Llc,5
Nelson And Sons,5
Turner Plc,5
Walker And Sons,5
Nelson Group,5
Walker Inc,5
Obrien Plc,5
Group Roberts,5
Parker Group,5
Ward Inc,5
Parker Llc,5
Parker Sons And,5
Bennett Plc,5
Bishop Plc,5
Perez And Sons,5
Llc Roberts,5
White Plc,5
Perry Inc,5
Phillips Inc,5
Adams Ltd,5
Brown And Sons,5
Pitts Ltd,5
Armstrong Llc,5
Evans Inc,5
Inc Wood,5
Williams-Jones,5
Wilson And Sons,5
Gibson Ltd,5
Llc Bennett,5
Cruz Inc,5
And Sons Taylor,5
Jones-Williams,5
Inc Morgan,5
Wood Inc,5
Wood Plc,5
Cook-Johnson,5
Wright Inc,5
Inc Cox,5
Baker Ltd,5
Young Group,5
Cruz Ltd,5
Inc Green,5
Sons Cox And,5
Jones-Johnson,4
Ltd Washington,4
Ltd Wells,4
Group Hughes,4
Fuller Llc,4
Group Jackson,4
Group Jacobs,4
Hill Ltd,4
Ltd Young,4
Lucas Inc,4
Inc Perry,4
Dawson Inc,4
Llc Palmer,4
Hunt Ltd,4
Cook Plc,4
Hall-Taylor,4
Martin-Jones,4
Martin-Williams,4
Group Keller,4
Bailey Plc,4
Llc Cruz,4
Group Kelley,4
Hernandez Llc,4
Mason Group,4
Ltd Torres,4
May Llc,4
Mendoza Ltd,4
Group Sanchez,4
Miller And Sons,4
Ford Plc,4
And Sons Carter,4
Collins Inc,4
Llc Gonzales,4
Hernandez-Miller,4
Miller-Anderson,4
Group Santana,4
Miller-Thomas,4
Mitchell And Sons,4
Mitchell Group,4
Cohen Llc,4
Mitchell Llc,4
Alexander Group,4
And Young Sons,4
Molina Group,4
Llc Green,4
Butler Llc,4
Llc Daniels,4
Hall Sons And,4
Group Lawson,4
Group Schneider,4
Baldwin Inc,4
Morales Ltd,4
And Robinson Sons,4
Moreno Ltd,4
Morgan Inc,4
Group Cole,4
Group Adams,4
Morris Group,4
Hamilton Group,4
Knight Plc,4
Ellis Group,4
Chavez Plc,4
Inc Ramirez,4
Myers Llc,4
Group Coleman,4
Navarro Group,4
Navarro Llc,4
Group Lynch,4
Armstrong Plc,4
Nelson Llc,4
Nelson Ltd,4
Harris Ltd,4
Newman Group,4
Inc Lewis,4
Inc Chapman,4
Olson Inc,4
Olson Llc,4
Orozco Ltd,4
Ortiz Group,4
Osborne Group,4
Palmer Inc,4
Group Mann,4
Brennan Inc,4
Burns Group,4
Parks Plc,4
Hernandez And Sons,4
Patel Ltd,4
Patterson Group,4
Patterson Ltd,4
Payne Inc,4
Payne Llc,4
Pearson Plc,4
Pena Plc,4
Burns Llc,4
James Plc,4
Benson Plc,4
Perez Llc,4
Perez Ltd,4
Perez Plc,4
Perez-Smith,4
Perry And Sons,4
Garcia-Davis,4
Brown-Brown,4
Peterson Ltd,4
Pham Ltd,4
Phillips Group,4
Brooks Ltd,4
Llc Bullock,4
Group Burns,4
Llc Adams,4
And Evans Sons,4
Plc Aguilar,4
And Sons Davis,4
Group Snyder,4
Plc Bailey,4
Plc Barnes,4
And Dominguez Sons,4
Inc Swanson,4
Group Butler,4
Group Mcdonald,4
Plc Cox,4
Inc Cole,4
Jones-Lopez,4
Plc Evans,4
Ellis Plc,4
Plc Flores,4
Jones-Anderson,4
Plc Garza,4
Group Armstrong,4
Howard Ltd,4
Plc Gutierrez,4
Plc Hall,4
Plc Hanson,4
Kim Group,4
Llc Hardy,4
Barrett Plc,4
Plc Hart,4
Plc Hawkins,4
Inc Richards,4
Plc Hicks,4
Boyd Llc,4
Plc Hughes,4
Group Baker,4
Group Mitchell,4
King Group,4
Group Montgomery,4
Plc Kelly,4
Plc Lee,4
Lane Llc,4
King Llc,4
Baker Group,4
Llc Barton,4
Group Moore,4
Plc Medina,4
Chapman Plc,4
Gonzales Group,4
Group Morales,4
Plc Mitchell,4
Group Bates,4
Bruce Group,4
Allen-Johnson,4
Plc Nelson,4
Plc Obrien,4
Plc Olson,4
Plc Parker,4
Carter Llc,4
Fisher Plc,4
Plc Phillips,4
Plc Ramos,4
Plc Ray,4
Group Myers,4
Plc Reynolds,4
Plc Rhodes,4
Inc Mckee,4
Group Nguyen,4
Inc Jordan,4
Plc Russell,4
Inc Edwards,4
Llc Coleman,4
Plc Silva,4
Inc Juarez,4
And Taylor Sons,4
Group Evans,4
Inc Torres,4
Gomez Group,4
Plc Vargas,4
And Wilson Sons,4
Plc Wallace,4
Plc Watkins,4
Davidson Plc,4
Gray Plc,4
Group Torres,4
And Sanders Sons,4
Inc Acosta,4
Plc Woods,4
Llc Fernandez,4
Group Turner,4
Group Ortega,4
Edwards Llc,4
Group Ortiz,4
Ramirez Llc,4
Ramirez Ltd,4
And Sons Garcia,4
Reed Sons And,4
Bishop Inc,4
Cooper Inc,4
Reynolds Inc,4
Reynolds Llc,4
Reynolds Plc,4
Rice Inc,4
Richardson Ltd,4
Rivera Group,4
Bishop Ltd,4
Inc Rivera,4
Edwards Ltd,4
Group Yates,4
Roberts Plc,4
Llc Long,4
Llc Lucas,4
Llc Maldonado,4
Llc Mendoza,4
Llc Moreno,4
Llc Nguyen,4
Diaz Plc,4
Jones-Smith,4
Inc Woods,4
Llc Peterson,4
Rodriguez Sons And,4
Rodriguez-Miller,4
Llc Price,4
Rogers Inc,4
Llc Ramirez,4
Ruiz Llc,4
Ruiz Plc,4
Llc Reed,4
Russell Plc,4
Ryan Llc,4
Black Llc,4
Llc Rivera,4
And Sons Olson,4
Sanchez-Johnson,4
Inc Peterson,4
Sanders Plc,4
Sandoval Group,4
Sandoval Plc,4
Sawyer Inc,4
Schmidt Ltd,4
Schroeder Plc,4
Cox Group,4
Llc Rogers,4
Llc Scott,4
And Gonzalez Sons,4
Serrano Ltd,4
Shaw Group,4
Cox Inc,4
Shaw Sons And,4
Inc Brock,4
Simmons Group,4
Henderson Inc,4
Simmons Ltd,4
Skinner Ltd,4
Hernandez-Smith,4
Evans Plc,4
Llc Carpenter,4
And Thomas Sons,4
Hill-Johnson,4
Inc Barnes,4
Jordan Group,4
Smith-Brown,4
Inc Ferguson,4
Smith-Johnson,4
Smith-Perez,4
Long Plc,4
Cole Llc,4
Hall Inc,4
Sons And Allen,4
Cox Plc,4
Sons And Hernandez,4
Group Grant,4
Inc Wolfe,4
Group Gray,4
Sons And Martinez,4
Ltd Alexander,4
Sons And Sanchez,4
Group Phillips,4
Llc Andrews,4
Sons And Walker,4
Ltd Austin,4
Garcia Sons And,4
Ltd Bell,4
Sons Gonzalez And,4
Sons Hunt And,4
Inc Daniels,4
Ltd Bryant,4
And Brown Sons,4
Llc Griffin,4
Ltd Castillo,4
Group Gutierrez,4
Llc Garner,4
Sons White And,4
Ltd Cruz,4
Ltd Davidson,4
Sons Wright And,4
Stevenson Llc,4
Diaz Group,4
Ltd Delgado,4
Stewart Ltd,4
Flores Llc,4
Ltd Evans,4
Inc Burns,4
Stone Plc,4
Sullivan Ltd,4
Flores Ltd,4
Ltd Gomez,4
Ltd Gonzalez,4
Ltd Grant,4
Ltd Gray,4
Ltd Hale,4
Group Flores,4
Johnson-Jones,4
Group Harper,4
Ltd Harrison,4
Inc Simon,4
Ltd Higgins,4
Thompson And Sons,4
Ltd Huff,4
Ltd Hughes,4
Franklin Group,4
Alvarez-Smith,4
Group Hayes,4
And Sons Sanders,4
Castillo Plc,4
And Sons Scott,4
Torres Plc,4
Elliott Llc,4
Tucker Plc,4
Lee-Miller,4
Turner Inc,4
Green Group,4
Valdez Llc,4
Vasquez Plc,4
Vaughn Plc,4
Wagner Plc,4
Ltd Long,4
Campbell Ltd,4
Group Reyes,4
Foster Inc,4
Ltd Mason,4
Hunter Plc,4
Wallace Ltd,4
Walters Plc,4
And Sons Torres,4
Ward Llc,4
Ltd Morgan,4
Watkins Llc,4
Watson Ltd,4
Wells And Sons,4
Wells Group,4
Bryant Group,4
Little Ltd,4
Inc Williamson,4
Ltd Nguyen,4
Ltd Olson,4
Bryant Inc,4
Chen Plc,4
Bryant Llc,4
Foster Llc,4
James Inc,4
Foster Ltd,4
Jennings Group,4
Ltd Richardson,4
Ltd Rivas,4
Green Sons And,4
Williams-Peterson,4
Williams-Wilson,4
Ltd Robinson,4
Davis-Sanchez,4
Ltd Rogers,4
Ltd Salazar,4
Burke Group,4
Ltd Simmons,4
Wilson Sons And,4
Group Ward,4
Llc Cooper,4
Wood Llc,4
Wood Ltd,4
Llc Gutierrez,4
And Jackson Sons,4
And Sons Brown,4
Christian Inc,4
Wright Ltd,4
Bates Ltd,4
Cook Llc,4
Ltd Vargas,4
Davis Sons And,4
Ltd Wallace,4
Young-Johnson,4
Inc Gutierrez,3
Inc Myers,3
Llc Wood,3
Llc Woods,3
Llc Young,3
Long Inc,3
Coleman Inc,3
Coleman Ltd,3
Berry Llc,3
Hawkins Ltd,3
Inc Hamilton,3
Campbell Inc,3
Jackson-Hernandez,3
Lowe Llc,3
Ltd Acosta,3
Harrison-Moore,3
Ltd Aguilar,3
Inc Soto,3
Campbell Plc,3
Group Henry,3
And Gutierrez Sons,3
Inc Hardy,3
Ltd Barnes,3
And Sons Thomas,3
Ltd Bennett,3
Ltd Bradley,3
And Reynolds Sons,3
Barnes Llc,3
Ltd Butler,3
Ltd Byrd,3
Ltd Caldwell,3
Ltd Cameron,3
Barnes Ltd,3
Ltd Carroll,3
And Pearson Sons,3
Green Ltd,3
Ltd Chambers,3
Ltd Chavez,3
Inc Spencer,3
Ltd Cobb,3
Ltd Cohen,3
Llc Benton,3
Ltd Crawford,3
Hudson Inc,3
And Sons Walker,3
Hudson Llc,3
Ltd Dean,3
And Lopez Sons,3
Ltd Diaz,3
Ltd Douglas,3
Group Holmes,3
And Sons Ward,3
Ltd Foster,3
Llc Berry,3
Ltd Gates,3
Hudson Plc,3
Llc Cook,3
Ltd Gonzales,3
Group Howard,3
Inc Young,3
Anderson-Silva,3
Ltd Green,3
Ltd Griffin,3
Ltd Griffith,3
Ltd Guzman,3
Llc Fox,3
And Sons Wong,3
Ltd Hammond,3
Kelley Plc,3
And Richardson Sons,3
Group Hudson,3
Ltd Henderson,3
Davis-Thomas,3
And Sons Wright,3
Ltd Hill,3
Ltd Howard,3
Ltd Howell,3
And Sons Young,3
Inc Nguyen,3
Ltd Hunt,3
Flores-Garcia,3
Kelly Group,3
James Llc,3
Inc Henry,3
Hall-Smith,3
Ltd Jordan,3
Aguilar Ltd,3
Hunt Inc,3
Ltd Lane,3
Inc Powers,3
And Lynch Sons,3
Ltd Lin,3
Ltd Logan,3
Kelly Inc,3
Ibarra Group,3
Ltd Lyons,3
Ltd Maldonado,3
Ltd Malone,3
Ltd Marshall,3
Group Jordan,3
Harris And Sons,3
Andrews Plc,3
Ltd Mcintosh,3
Group Kelly,3
Hill Sons And,3
Ltd Morales,3
Inc Herrera,3
Kelly Ltd,3
Kelly Plc,3
Ltd Navarro,3
Aguirre Llc,3
Garza Plc,3
Group King,3
Ltd Ortega,3
Ltd Owens,3
Ltd Patel,3
Ltd Patterson,3
Inc Hicks,3
Campos Llc,3
Collins Ltd,3
And Elliott Sons,3
And Harris Sons,3
Ltd Ray,3
Group Knight,3
Ltd Reese,3
Johnson-Gonzalez,3
Green-Brown,3
Inc Stephens,3
Inc Carroll,3
Ltd Roberts,3
Ltd Robertson,3
Group Larson,3
Inc Nunez,3
Inc Stewart,3
Ltd Romero,3
Ltd Ross,3
Ltd Russell,3
Ltd Salas,3
Kelly-Williams,3
Ltd Sanchez,3
Ltd Sanders,3
Ltd Sandoval,3
Cannon Plc,3
Jackson-Williams,3
Ltd Simpson,3
Cobb Inc,3
Day Llc,3
Ltd Stephenson,3
Inc Hopkins,3
Ltd Stevenson,3
Group Lee,3
Group Lindsey,3
And Hawkins Sons,3
Guzman Plc,3
Llc Hayes,3
Ltd Tran,3
Group Little,3
Group Long,3
Inc Casey,3
Group Alvarado,3
Group Lucero,3
Ltd Warren,3
Kennedy Group,3
Ltd Webb,3
Ltd Weber,3
Armstrong Group,3
Crawford Llc,3
Ltd Wheeler,3
And Rodriguez Sons,3
Jenkins Plc,3
Kennedy Ltd,3
Group Maldonado,3
Ellis Ltd,3
Ltd Zamora,3
Burns Inc,3
Lucas Ltd,3
Lyons Inc,3
Marsh Ltd,3
Marshall Group,3
Marshall Llc,3
Dean Plc,3
Lewis Plc,3
Inc Rangel,3
And Nelson Sons,3
Group Mason,3
Group Massey,3
And Carter Sons,3
Martin-Nguyen,3
Ferguson Group,3
Floyd Ltd,3
Arnold Inc,3
Green-Miller,3
Ferguson Ltd,3
Group Duncan,3
Martinez-Davis,3
Gates Group,3
Mathews Inc,3
Inc Huynh,3
Good Plc,3
Mcdonald Llc,3
Mcdonald Plc,3
Mckinney-Johnson,3
Mclaughlin Group,3
Medina Plc,3
Mendez-Rodriguez,3
Mendoza Group,3
Mendoza Llc,3
Inc Reid,3
Holmes Group,3
Meyer Ltd,3
Inc Bishop,3
Inc Black,3
Hill-Anderson,3
Decker Ltd,3
Inc Collins,3
Group Dyer,3
Group Medina,3
Miller-Davis,3
Miller-Jones,3
Group Elliott,3
Henry Llc,3
Mills Plc,3
Miranda Inc,3
Kim Llc,3
Henry Plc,3
Inc James,3
Gonzales And Sons,3
Group Bailey,3
And Nguyen Sons,3
Mitchell Sons And,3
Group Ellis,3
Montes Ltd,3
Moore And Sons,3
Group Miles,3
Inc Tate,3
Chapman Group,3
Chapman Llc,3
Horton Plc,3
Goodwin Group,3
Group Barrett,3
Morales Llc,3
Atkins Inc,3
Deleon Plc,3
Inc Abbott,3
Gonzales Inc,3
Morgan Llc,3
Group Morgan,3
Group Morris,3
Inc Cooper,3
Bennett Group,3
Morris Ltd,3
Morrow Llc,3
Morton Inc,3
Mosley Inc,3
Murphy Group,3
Group Murphy,3
Bennett Inc,3
Murphy Sons And,3
Murphy-Garcia,3
And Chen Sons,3
Fernandez Llc,3
Group Navarro,3
Fernandez Ltd,3
Davidson Group,3
Navarro Inc,3
And Maxwell Sons,3
Group Nicholson,3
Inc Thompson,3
Nelson Inc,3
Inc Cortez,3
Gonzales Ltd,3
Inc Todd,3
Austin Llc,3
Nguyen Ltd,3
And Sanchez Sons,3
Nichols Plc,3
Davidson Inc,3
Olsen Llc,3
Olson Group,3
Brown-Jackson,3
French Ltd,3
Oneill Group,3
Davidson Llc,3
Brown-Jones,3
Ortiz Inc,3
Ortiz Plc,3
Llc Campbell,3
Owens Group,3
Owens Inc,3
Owens Plc,3
Padilla Plc,3
Padilla Sons And,3
King-Gonzalez,3
Palmer Llc,3
Allison Ltd,3
Group Oliver,3
Carpenter Plc,3
Gordon Llc,3
Parrish Ltd,3
Llc Douglas,3
Alvarado Inc,3
Patrick Group,3
Alvarado Plc,3
Patterson Llc,3
Lewis-Watson,3
Austin-Smith,3
Llc Gardner,3
Group Parker,3
Group Parsons,3
Cruz Group,3
Kirby Group,3
Group Ferguson,3
Group Patterson,3
Group Fields,3
Inc Turner,3
Perez Sons And,3
Inc Tyler,3
Group Peters,3
Carr Group,3
Bradley Inc,3
Perry Llc,3
Peters Group,3
Peters Inc,3
Peters Ltd,3
Peters Plc,3
Peterson Group,3
Peterson Inc,3
Peterson Llc,3
Group Fleming,3
Peterson Plc,3
Bradley Ltd,3
Phelps Group,3
George Plc,3
Avila Group,3
Inc Daniel,3
Johnson-Collins,3
Phillips Plc,3
And Mcdonald Sons,3
Group Black,3
And Scott Sons,3
Plc Alexander,3
Group Ramirez,3
Diaz Llc,3
Plc Armstrong,3
Inc Boyd,3
Caldwell Group,3
Plc Beasley,3
Inc Aguirre,3
Plc Bishop,3
Hunter Ltd,3
Plc Burke,3
Plc Carey,3
Inc Rogers,3
Plc Collins,3
Plc Conner,3
Plc Conrad,3
Little Llc,3
Group Richardson,3
Inc Diaz,3
Inc Valenzuela,3
Plc Dixon,3
Plc Duncan,3
Plc Ellis,3
Llc Elliott,3
Plc Fernandez,3
Johnson-Lawson,3
And Adams Sons,3
Plc Fritz,3
Graham Group,3
Graham Inc,3
Plc Gonzales,3
And Thompson Sons,3
Plc Goodman,3
Plc Gordon,3
Group Robinson,3
Graham Llc,3
Inc Alexander,3
Inc Vasquez,3
Plc Hardy,3
Ellison And Sons,3
Davis-Alexander,3
Inc Perkins,3
Jackson-Davis,3
Bates Inc,3
Plc Hayes,3
Kline Ltd,3
Hughes And Sons,3
Carroll Group,3
Carroll Inc,3
Llc Gordon,3
Group Ross,3
Plc James,3
Plc Jenkins,3
Inc Rose,3
Group Russell,3
Plc Jordan,3
Group Bradley,3
Plc Kim,3
Plc King,3
Plc Leach,3
Brown-Spencer,3
George-Smith,3
Knapp Llc,3
Plc Macdonald,3
Garcia-Allen,3
And Cook Sons,3
Group Sandoval,3
Knight Inc,3
Plc Mendoza,3
Inc Owen,3
Group Brooks,3
And Alvarez Sons,3
Plc Mills,3
Knight Ltd,3
Chavez Group,3
Cruz-Smith,3
Plc Morgan,3
Jackson Sons And,3
Plc Moss,3
Plc Murray,3
Plc Myers,3
Group Bryant,3
Plc Norton,3
Johnson-Myers,3
Plc Oliver,3
Benson Ltd,3
Plc Osborne,3
Johnson-Brown,3
Browning And Sons,3
Plc Perry,3
Johnson-Nelson,3
Bailey-Miller,3
Plc Pierce,3
Hughes Inc,3
Plc Ramsey,3
And Anderson Sons,3
Inc Wallace,3
Group Singh,3
Johnson-Newman,3
Jimenez Group,3
Inc Armstrong,3
Plc Rogers,3
Hughes Llc,3
Inc Long,3
Garcia-Garcia,3
And Meyer Sons,3
Hughes Ltd,3
Koch Llc,3
Plc Snyder,3
Hughes Plc,3
Plc Stone,3
Plc Sullivan,3
Plc Sutton,3
And Tucker Sons,3
Johnson-Perez,3
Jackson-Johnson,3
Plc Torres,3
Plc Trujillo,3
Plc Valdez,3
Lambert Group,3
Llc Chavez,3
Llc Alexander,3
Plc Ward,3
Plc Warren,3
Plc Waters,3
Brewer Plc,3
Plc Watson,3
Group Stokes,3
Inc Ward,3
Plc West,3
Fisher Group,3
Garcia-Hughes,3
Group Cannon,3
Plc Wong,3
Plc Wood,3
Fisher Llc,3
Fisher Ltd,3
Baker Llc,3
Pollard Ltd,3
Porter Inc,3
Powell Llc,3
Powell Plc,3
Lane Plc,3
Price Llc,3
Price Ltd,3
Price Plc,3
Inc Elliott,3
Hardy-Jones,3
Dixon Group,3
Hines Llc,3
Durham Plc,3
Ramirez-Robinson,3
Ramos Llc,3
Ramos Plc,3
Reed Inc,3
Reed Llc,3
Reed Ltd,3
Reed Plc,3
Dixon Plc,3
Reyes Llc,3
Cooper Group,3
Inc Baker,3
Cooper Ltd,3
Group Valdez,3
Bryan Llc,3
Rhodes Plc,3
Inc Sanders,3
Richards Inc,3
Richardson Group,3
Richardson Inc,3
Frazier Llc,3
Richardson Plc,3
Riley Inc,3
Riley-Smith,3
Rios Group,3
Lara Plc,3
Rivera Inc,3
Rivera Ltd,3
Frazier Ltd,3
And Miller Sons,3
Dyer Inc,3
Roberts Llc,3
Group Velez,3
Davis And Sons,3
Roberts Sons And,3
Robertson Plc,3
Cunningham Inc,3
Johnston Group,3
Cunningham Llc,3
Johnston Inc,3
Robinson Plc,3
Rodgers Llc,3
Foster Group,3
Inc Marshall,3
Group Wagner,3
Larson Ltd,3
Group Wallace,3
Bryant Sons And,3
Inc Watkins,3
Rodriguez-Gonzalez,3
Rodriguez-Johnson,3
Foster Plc,3
Rodriguez-Smith,3
Inc Watson,3
Gomez Plc,3
Rogers Plc,3
Rose Plc,3
Group Washington,3
Ross Inc,3
Ross Llc,3
Rowland Inc,3
Ruiz Inc,3
Foster Sons And,3
Griffin Llc,3
Griffin Ltd,3
Russell Ltd,3
Llc Ayala,3
Beck Llc,3
Group Watson,3
Group Weaver,3
Inc Mcbride,3
Johnson-Lopez,3
Sanchez-Martinez,3
Sanchez-Thompson,3
Group Webb,3
Sanders Llc,3
Johnson-Lewis,3
Inc Weber,3
Dominguez Plc,3
Case Ltd,3
Inc Mccullough,3
Schmidt-Thomas,3
Schneider Group,3
Inc Fowler,3
Schwartz Inc,3
Ball Group,3
Inc Mcdonald,3
Lawrence Llc,3
And Sons Dunn,3
Serrano And Sons,3
Edwards Group,3
Sharp Llc,3
And Davis Sons,3
Shaw Inc,3
Llc Cole,3
Shaw Plc,3
Group Wood,3
Shelton Inc,3
Sherman Inc,3
Shields Llc,3
Jimenez Inc,3
And Sons Evans,3
Simmons Inc,3
Gray Llc,3
Gardner Group,3
Simmons Plc,3
Simon Llc,3
Simpson Inc,3
Sims Group,3
Inc Frazier,3
Llc Barnes,3
Inc Mclaughlin,3
Jones-Gray,3
Becker Llc,3
Jones-Griffin,3
And Sons Gutierrez,3
Lawson Llc,3
Inc Medina,3
Smith-Carter,3
Smith-Collins,3
Jones-Hernandez,3
Smith-Gonzales,3
Smith-Harris,3
Jones-Hill,3
Smith-Jones,3
Smith-Lopez,3
Smith-Miller,3
Harper Llc,3
Smith-Ramos,3
Smith-Rodriguez,3
Harper Ltd,3
Smith-Ward,3
Inc Willis,3
Jackson-Thomas,3
Snyder Llc,3
Snyder Ltd,3
Plc Jacobs,3
And Moore Sons,3
Sons And Barnes,3
Johnson-Gray,3
Sons And Chapman,3
Sons And Diaz,3
Sons And Fernandez,3
Sons And Flores,3
Sons And Garcia,3
Sons And Gonzalez,3
Sons And Hall,3
Llc Barrera,3
Le Plc,3
Johnson And Sons,3
Sons And Kramer,3
Sons And Lee,3
Cortez Llc,3
And Sons Knight,3
Inc Beck,3
Sons And Moore,3
Sons And Murphy,3
Sons And Nelson,3
Sons And Rodriguez,3
And Sons Lewis,3
Sons And Schaefer,3
Hebert Inc,3
Sons And Stevenson,3
Inc Montgomery,3
Jones-Moore,3
Sons And Williams,3
Sons Bailey And,3
Sons Baker And,3
Hooper Plc,3
Sons Clark And,3
Group Cooper,3
Inc Bell,3
Sons Espinoza And,3
Sons Garcia And,3
Bell Group,3
Sons Gray And,3
Sons Harrison And,3
Sons Hawkins And,3
Sons Hernandez And,3
And Sons Marshall,3
Inc Gilbert,3
Garner Inc,3
Sons Kelly And,3
Garner Ltd,3
Sons Little And,3
Higgins Group,3
Higgins Inc,3
Sons Nguyen And,3
Sons Ortiz And,3
Sons Perez And,3
Sons Ramsey And,3
Sons Rodriguez And,3
Sons Sanchez And,3
Bell Llc,3
Sons Taylor And,3
Freeman Group,3
Sons Thompson And,3
Freeman Inc,3
And Lee Sons,3
Gill Inc,3
Gill Ltd,3
Sosa Group,3
Spencer Llc,3
Stanley Llc,3
Stevens Group,3
Stevens Ltd,3
Stevens Plc,3
Daniel Inc,3
Bell Plc,3
Stewart Inc,3
Burch Plc,3
And Morgan Sons,3
Henderson And Sons,3
Stewart-Robinson,3
Stone Group,3
Chung Plc,3
And Sons Munoz,3
Daniel Llc,3
Gill Plc,3
Llc Guzman,3
Sullivan-Thomas,3
Sutton Llc,3
Llc Hardin,3
Llc Harper,3
Group Dixon,3
Llc Henderson,3
Daniel Ltd,3
Taylor-Powell,3
Inc Simpson,3
Llc Hodge,3
Llc Hopkins,3
Llc Horton,3
Davis-Brown,3
Group Gardner,3
Thomas Sons And,3
Thomas-Hall,3
Thomas-Myers,3
Thomas-Smith,3
Thomas-Williams,3
Llc Jenkins,3
Llc Jimenez,3
And Sons Parker,3
Flores And Sons,3
And Sons Patton,3
Llc Klein,3
Anderson Sons And,3
Thompson-Brown,3
Thompson-Rodriguez,3
Torres And Sons,3
Garrett Group,3
Inc Morrow,3
Torres Llc,3
Acosta Ltd,3
Jimenez Plc,3
Trujillo Group,3
Tucker Ltd,3
Cole Group,3
Llc Marshall,3
And Lewis Sons,3
Turner Ltd,3
Callahan Plc,3
Llc Matthews,3
Vasquez Group,3
Vasquez Llc,3
Llc Mckenzie,3
Hancock Group,3
Velasquez Plc,3
Velez Sons And,3
Wagner Llc,3
Cole Plc,3
Group Gomez,3
Llc Montoya,3
Llc Moon,3
And Garcia Sons,3
Garrett Ltd,3
Wallace Group,3
Llc Morris,3
Llc Murphy,3
Wallace Plc,3
Walsh Ltd,3
Walsh Plc,3
Walter Ltd,3
Group Graham,3
Ward Group,3
Llc Neal,3
Llc Nelson,3
Ward Ltd,3
Henderson Ltd,3
Warren Inc,3
Warren Llc,3
Warren Plc,3
Washington Plc,3
Watkins Inc,3
Llc Olson,3
Watson Llc,3
Llc Oneill,3
Watson-Lopez,3
Weaver Inc,3
Webb Ltd,3
Weber Inc,3
Weber Llc,3
Weber Plc,3
Llc Ortiz,3
Garrett Plc,3
Wells Llc,3
West Inc,3
West Llc,3
Wheeler Inc,3
Llc Park,3
Llc Patterson,3
Davis-Freeman,3
Group Cruz,3
Inc Wyatt,3
Llc Pope,3
White-Phillips,3
White-Thompson,3
White-Wilson,3
Hernandez-Thompson,3
Wilkins Llc,3
Adams And Sons,3
Llc Ramos,3
Inc Bryant,3
Llc Reeves,3
Jenkins Ltd,3
And Gray Sons,3
Williams-Brown,3
Williams-Edwards,3
Flores Inc,3
Williams-Green,3
Williams-Hayes,3
Williams-Hill,3
Group Hamilton,3
Williams-Martinez,3
Williams-Peters,3
Llc Rodgers,3
Williams-Ramos,3
Inc Burton,3
Willis Ltd,3
Willis Plc,3
Daniels Group,3
Llc Ryan,3
Group Hansen,3
Llc Shaw,3
Llc Simpson,3
And Sons Rogers,3
Llc Sparks,3
Wilson-Smith,3
Wilson-White,3
Wolf Ltd,3
Wong Llc,3
Hall-Johnson,3
Gutierrez Plc,3
Llc Tate,3
Inc Griffin,3
Inc Mullen,3
Wood-Smith,3
Woods Ltd,3
Berry Group,3
Llc Torres,3
Llc Tran,3
Hernandez-White,3
Llc Underwood,3
Wright-Johnson,3
Yates Ltd,3
Young And Sons,3
Llc Walker,3
And Sons Sanchez,3
Llc Wells,3
Llc West,3
Young Plc,3
Hawkins Llc,3
Young-Smith,3
Zimmerman Group,3
Clark-Stewart,2
Gomez Llc,2
Bentley Inc,2
And Padilla Sons,2
Butler And Sons,2
Gomez Ltd,2
Group Carr,2
And Palmer Sons,2
Butler Group,2
Clark-Williams,2
Hammond Group,2
Group Carroll,2
Erickson-Rodriguez,2
Gomez Sons And,2
Clarke Inc,2
And Wolf Sons,2
Group Castillo,2
Berg Plc,2
Inc Banks,2
Group Chandler,2
Inc Barker,2
Group Chapman,2
Group Chavez,2
Escobar Plc,2
Hernandez-Jones,2
Hogan Plc,2
Clay Llc,2
Frederick Inc,2
Inc Barrett,2
Group Cline,2
Group Cochran,2
Inc Bauer,2
Inc Patterson,2
Freeman And Sons,2
Jackson-King,2
Jacobs-Thompson,2
And Wright Sons,2
Bernard-Jones,2
Harvey Group,2
And Patton Sons,2
Byrd Ltd,2
Freeman Llc,2
Harvey Llc,2
Espinoza Ltd,2
Harvey Ltd,2
Group Curtis,2
Berry Inc,2
Inc Benjamin,2
Berry Ltd,2
Berry Plc,2
Espinoza-Flores,2
Group Daugherty,2
Inc Bennett,2
Gomez-Mitchell,2
And Yoder Sons,2
Cline Ltd,2
Cline-Johnson,2
Group Dawson,2
Group Dean,2
Group Delgado,2
Hampton Llc,2
Hubbard Group,2
Inc Benson,2
Hubbard Plc,2
Group Dougherty,2
Inc Bird,2
And Perez Sons,2
And Garrett Sons,2
Cobb Ltd,2
Gomez-Spencer,2
Berry-Moore,2
Cobb Plc,2
Group Doyle,2
Harvey-Brown,2
Gomez-Thompson,2
Inc Blackwell,2
Estrada Llc,2
Estrada Plc,2
Cain Llc,2
Group Ellison,2
Group Erickson,2
Inc Blair,2
Johnson-Holland,2
Estrada-Butler,2
Gonzales Llc,2
French Group,2
Inc Pearson,2
Cochran-Harper,2
Bishop Group,2
Group Farmer,2
Gonzales Sons And,2
Calderon Ltd,2
Group Fernandez,2
Group Fletcher,2
Group Flynn,2
And Phillips Sons,2
Caldwell Ltd,2
Group Ford,2
Group Foster,2
And Gomez Sons,2
Frey Llc,2
Inc Bradley,2
Davis-Bell,2
Johnson-Castaneda,2
Johnson-Miller,2
Johnson-Mitchell,2
Johnson-Olson,2
Johnson-Patel,2
Johnson-Sanchez,2
Johnson-Simpson,2
Johnson-Stark,2
Johnson-Stewart,2
Johnson-Stone,2
Johnson-Strong,2
Johnson-Weber,2
Johnson-Welch,2
Johnson-Wilson,2
Johnson-Wood,2
Johnson-Wright,2
Johnston Llc,2
Johnston Ltd,2
Johnston Plc,2
Johnston-Smith,2
Jones-Brown,2
Jones-Carter,2
Jones-Chavez,2
Jones-Ellis,2
Jones-Graham,2
Jones-Henry,2
Jones-Jones,2
Jones-Lee,2
Jones-Molina,2
Jones-Rios,2
Jones-Scott,2
Jones-Tyler,2
Jordan And Sons,2
Jordan Llc,2
Jordan Sons And,2
Jordan-Gutierrez,2
Joseph Inc,2
Joseph-Young,2
Keith Inc,2
Keller Group,2
Keller Llc,2
Keller Ltd,2
Keller Plc,2
Kelley And Sons,2
Kelley Llc,2
Kelly Llc,2
Kelly Sons And,2
Kelly-Howard,2
Kelly-Johnson,2
Kelly-Rogers,2
Kemp Inc,2
Kemp Ltd,2
Kennedy Inc,2
Kennedy-Smith,2
Kerr Llc,2
Key Inc,2
Key Plc,2
Kidd Inc,2
Kim Ltd,2
King Sons And,2
King-Garza,2
King-Powell,2
King-Walker,2
King-Wilson,2
Kirk Inc,2
Kirk Sons And,2
Klein Group,2
Klein Inc,2
Klein Llc,2
Klein Ltd,2
Klein-Jones,2
Knapp Inc,2
Knapp-Ramirez,2
Knox Ltd,2
Lambert Llc,2
Lane Group,2
Lane Inc,2
Lara And Sons,2
Lara Inc,2
Larsen-Lee,2
Larson Inc,2
Larson Plc,2
Larson-Sanchez,2
Lawrence Inc,2
Lawrence Ltd,2
Lawrence Plc,2
Lawrence-Johnson,2
Lawrence-Jones,2
Lawson Ltd,2
Le-Henry,2
Leach Llc,2
Leach Plc,2
Lee-Johnson,2
Lee-Nelson,2
Lee-Robinson,2
Lee-Smith,2
Lee-Yang,2
Lee-Young,2
Leon Plc,2
Lester Llc,2
Levy Inc,2
Levy-Smith,2
Lewis And Sons,2
Lewis-Allen,2
Lewis-Brown,2
Lewis-Foster,2
Lewis-Martin,2
Lewis-Morales,2
Lewis-Smith,2
Lewis-Thomas,2
Lewis-Thompson,2
Lewis-Williams,2
Li Plc,2
Lindsey Llc,2
Lindsey Ltd,2
Little Inc,2
Little Plc,2
Liu Llc,2
Llc Acevedo,2
Llc Aguilar,2
Llc Alvarez,2
Llc Armstrong,2
Llc Bailey,2
Llc Baird,2
Llc Ball,2
Llc Barrett,2
Llc Bates,2
Llc Bishop,2
Llc Black,2
Llc Blair,2
Llc Blake,2
Llc Bowman,2
Llc Boyer,2
Llc Bradley,2
Llc Bush,2
Llc Butler,2
Llc Caldwell,2
Llc Cannon,2
Llc Cantrell,2
Llc Carroll,2
Llc Casey,2
Llc Castaneda,2
Llc Castillo,2
Llc Castro,2
Llc Chen,2
Llc Christian,2
Llc Collins,2
Llc Colon,2
Llc Cox,2
Llc Curry,2
Llc Curtis,2
Llc Delgado,2
Llc Dorsey,2
Llc Downs,2
Llc Dunn,2
Llc Espinoza,2
Llc Fitzgerald,2
Llc Foster,2
Llc Frank,2
Llc Fuller,2
Llc Gibson,2
Llc Gill,2
Llc Glenn,2
Llc Grant,2
Llc Gross,2
Huber Ltd,2
Group Frye,2
Llc Hahn,2
Llc Hale,2
Davis-Briggs,2
Llc Hamilton,2
Llc Hansen,2
Llc Hanson,2
Black Inc,2
Llc Harding,2
Black Plc,2
Abbott-Martin,2
Llc Harrell,2
Llc Harrington,2
Hernandez-Schroeder,2
Llc Harrison,2
Llc Harvey,2
Llc Hawkins,2
Inc Brewer,2
Llc Haynes,2
Llc Heath,2
Calhoun Llc,2
Group Garner,2
Acevedo Ltd,2
Llc Ho,2
Acevedo Plc,2
Llc Holloway,2
Llc Holmes,2
Llc Hooper,2
Group Garrison,2
Group Gibbs,2
Black-Morrison,2
Llc Hunter,2
Llc Ingram,2
Friedman-Smith,2
Acosta Group,2
Llc Jensen,2
Acosta Inc,2
Group Gilbert,2
Llc Johnston,2
Hancock And Sons,2
Llc Juarez,2
Llc Keith,2
Llc Kelly,2
Cole Inc,2
Llc Kirby,2
Callahan Llc,2
Llc Knight,2
Llc Lam,2
Llc Lane,2
Llc Lara,2
Llc Larson,2
Blackburn Llc,2
Fritz Llc,2
Hancock Ltd,2
Blackwell Group,2
Callahan-Johnson,2
Blackwell Ltd,2
Llc Manning,2
Callahan-Jones,2
Hatfield-Miller,2
Group Graves,2
Llc Mason,2
Llc Massey,2
Frost Inc,2
Llc May,2
Llc Mcbride,2
Llc Mccarty,2
Llc Mccormick,2
Llc Mcguire,2
Camacho Llc,2
Llc Mendez,2
Camacho Plc,2
Llc Meyer,2
Llc Middleton,2
Inc Pierce,2
Llc Mills,2
Holland Inc,2
Inc Pineda,2
Jensen Ltd,2
Llc Mooney,2
Adams Inc,2
Llc Morales,2
Llc Moran,2
Blair Group,2
Llc Morgan,2
Blair Llc,2
Llc Morrison,2
Group Guzman,2
Group Hall,2
Evans-Brewer,2
Adams Plc,2
Cameron Ltd,2
Adams Sons And,2
Hernandez-Wallace,2
Llc Orozco,2
Llc Ortega,2
Jacobson Ltd,2
Llc Owen,2
Llc Owens,2
Llc Padilla,2
Group Hardy,2
And Green Sons,2
Llc Parks,2
Hawkins Inc,2
And Ray Sons,2
Llc Perkins,2
Davis-Larson,2
Group Hawkins,2
Llc Phillips,2
Blake Llc,2
Llc Powell,2
Evans-Johnson,2
Davis-Martin,2
Davis-Martinez,2
Llc Randall,2
Frye Inc,2
Frye Llc,2
Frye Ltd,2
Llc Rhodes,2
Llc Richards,2
Llc Riley,2
Llc Rivas,2
Coleman Llc,2
And Griffith Sons,2
Llc Robertson,2
Inc Porter,2
Llc Rocha,2
Davis-Moore,2
And Gross Sons,2
Coleman Plc,2
Llc Roman,2
Llc Ross,2
Group Henderson,2
Llc Sanchez,2
Llc Sanders,2
Llc Sanford,2
Anderson-Johnson,2
Blankenship Group,2
Llc Simmons,2
Inc Cabrera,2
Llc Sims,2
Evans-Payne,2
Llc Snyder,2
Anderson-Martin,2
Llc Steele,2
Adams-Johnson,2
Llc Stokes,2
Hudson Group,2
Llc Strickland,2
Llc Sullivan,2
Llc Sutton,2
Group Herman,2
Campbell Sons And,2
Llc Terry,2
Group Herrera,2
Anderson-Miller,2
Llc Todd,2
Anderson-Moore,2
Anderson-Morales,2
Group Herring,2
Group Hickman,2
Llc Vasquez,2
Llc Vega,2
And Rice Sons,2
Llc Wallace,2
Llc Walters,2
Group Hicks,2
Llc Watson,2
Llc Webb,2
Llc Weiss,2
Hanna Group,2
Inc Potter,2
Llc Wheeler,2
Llc Whitaker,2
Anderson-Oneill,2
Llc Wilkerson,2
Llc Wilkins,2
Adams-Simmons,2
Llc Willis,2
Inc Camacho,2
Llc Wise,2
Adams-Thompson,2
Inc Cameron,2
Llc York,2
Group Hopkins,2
Lloyd Ltd,2
Long Group,2
Group Horn,2
Jackson-Mitchell,2
Adkins Inc,2
Long-Brown,2
Long-Lee,2
Campbell-Anderson,2
Fuller And Sons,2
Adkins Sons And,2
Herrera Group,2
Davis-Sharp,2
Lopez Sons And,2
Lopez-Cook,2
Lopez-Greene,2
Lopez-Jones,2
Lopez-Kim,2
Lopez-Martinez,2
Lopez-Turner,2
Lopez-Ward,2
Lopez-Williams,2
Lopez-Wilson,2
Love Group,2
Love Ltd,2
Davis-Simmons,2
Lowery Group,2
Lozano Ltd,2
Davis-Simpson,2
Davis-Smith,2
Anderson-White,2
Inc Cardenas,2
Fuller Group,2
Group Huff,2
Ltd Archer,2
Ltd Arnold,2
Ltd Atkins,2
Adkins-Jackson,2
Ltd Bailey,2
Fuller Inc,2
Ltd Barker,2
Hansen Group,2
Ltd Barrett,2
Ltd Beard,2
And Riley Sons,2
Andrade Llc,2
Ltd Berger,2
Ltd Black,2
Ltd Bonilla,2
Ltd Boyer,2
Aguilar Inc,2
Ltd Bridges,2
Ltd Briggs,2
Campbell-Hodges,2
Gonzalez-Brown,2
Ltd Burke,2
Ltd Burns,2
Ltd Burton,2
Group Hurley,2
Group Hurst,2
Aguilar Plc,2
Ltd Calhoun,2
Ltd Callahan,2
Ewing Ltd,2
Group James,2
Ltd Campos,2
Ltd Carrillo,2
Dawson Group,2
Herrera Plc,2
Dawson Llc,2
Group Jennings,2
And Rivera Sons,2
Fuller-Clark,2
Hansen Ltd,2
Ltd Cochran,2
Ltd Coffey,2
Inc Carpenter,2
Ltd Contreras,2
Ltd Conway,2
Ltd Cooper,2
Andrews Llc,2
Campbell-Smith,2
Inc Carr,2
Ltd Daugherty,2
Campbell-Wood,2
Group Kim,2
And Harper Sons,2
Aguirre Group,2
Aguirre Ltd,2
Ltd Dickerson,2
Ltd Dixon,2
Ltd Dougherty,2
Dawson-Mendoza,2
Ltd Duncan,2
Ltd Eaton,2
Ltd Edwards,2
Ltd Erickson,2
Campos Inc,2
Andrews-Lee,2
Ltd Ferguson,2
Ltd Fisher,2
Ltd Fleming,2
Ltd Flores,2
Ltd Floyd,2
Ltd Foley,2
Ltd Ford,2
Campos Plc,2
Ltd Fox,2
Ltd Francis,2
Ltd Freeman,2
Boone Group,2
Ltd Garner,2
Ltd Garrett,2
Boone Inc,2
Jensen Plc,2
Ltd Golden,2
Collins Plc,2
Alexander Inc,2
Hawkins-Smith,2
Ltd Goodman,2
Ltd Graham,2
Hansen Sons And,2
Collins Sons And,2
Alexander Plc,2
Ltd Greene,2
Campos-Clark,2
Group Lane,2
Ltd Gutierrez,2
Inc Carson,2
Johnson-Chavez,2
Gonzalez-King,2
Ltd Hamilton,2
Archer Inc,2
Day Inc,2
Ltd Hardy,2
Ltd Harper,2
Cannon Group,2
Gonzalez-Logan,2
Ltd Hartman,2
Ltd Hawkins,2
Ltd Haynes,2
Gonzalez-Long,2
Ltd Henry,2
Group Le,2
Ltd Hess,2
Alexander-Howard,2
Day Ltd,2
Ltd Hoover,2
Hudson-Flores,2
Gallagher Inc,2
Ltd Huber,2
Alexander-Moore,2
Holloway Ltd,2
Holloway Plc,2
Ltd Ingram,2
Alexander-Smith,2
Group Lloyd,2
Ltd Jensen,2
Group Lowe,2
Inc Castillo,2
Bowen Inc,2
Gonzalez-Perez,2
Cantrell Llc,2
Ltd Kelly,2
Ltd Kent,2
Group Luna,2
Ltd Knight,2
Johnson-Fernandez,2
Ltd Larsen,2
Ltd Larson,2
Gonzalez-Salazar,2
Ltd Leonard,2
Group Mack,2
Inc Chandler,2
Inc Chen,2
Gonzalez-Webb,2
Gallegos Ltd,2
Ltd Lynch,2
Bowers Group,2
Ltd Madden,2
Bowers Inc,2
Collins-Mcdonald,2
Bowers Ltd,2
Allen And Sons,2
Inc Rasmussen,2
Armstrong-Smith,2
Ltd Massey,2
Ltd Maxwell,2
Ltd Mccarthy,2
Ltd Mcclure,2
Ltd Mccoy,2
Ltd Mcdonald,2
Cardenas Llc,2
Ltd Mckenzie,2
Ltd Mcknight,2
Ltd Mclaughlin,2
Ltd Mcmahon,2
Ltd Melton,2
Ltd Meyer,2
Ltd Miles,2
Inc Ray,2
Ltd Mills,2
Ltd Montgomery,2
Collins-Smith,2
Hansen-Peterson,2
Group Maxwell,2
Ltd Morris,2
Ltd Morrison,2
Ltd Moyer,2
Group Mayer,2
Ltd Murray,2
Inc Reed,2
Ferguson Plc,2
Ltd Neal,2
And Hernandez Sons,2
Ltd Newman,2
Bowman Plc,2
Ltd Nolan,2
Ltd Obrien,2
Inc Cline,2
Ltd Orozco,2
Dean-Smith,2
Ltd Ortiz,2
Bowman-Garcia,2
Ltd Page,2
Ltd Palmer,2
Ltd Park,2
Ltd Parker,2
Ltd Parsons,2
Bowman-Guzman,2
Arnold-Johnson,2
Ltd Pearson,2
Ltd Pena,2
Decker Llc,2
Ltd Perry,2
Ltd Peters,2
Johnson-Clark,2
Hanson Group,2
Hayes Llc,2
Ltd Powell,2
Ltd Powers,2
Ltd Preston,2
Hayes Ltd,2
Hanson Ltd,2
Jenkins-Watts,2
Group Melendez,2
Ltd Reeves,2
Arroyo Plc,2
Ltd Rhodes,2
Ltd Rich,2
Ltd Richard,2
Group Mendoza,2
Ltd Richmond,2
Ltd Rios,2
Group Mercer,2
Ferguson-Johnson,2
Carlson Group,2
Combs Group,2
Group Meyer,2
Ltd Robles,2
Ltd Rodgers,2
Combs Sons And,2
Boyd Ltd,2
Ltd Roman,2
Hayes Plc,2
Ltd Rosales,2
Ltd Rose,2
Allen-Baker,2
Ltd Ruiz,2
Goodman-Kelly,2
Allen-Brown,2
Ashley Plc,2
Ltd Salinas,2
Ltd Sampson,2
Carlson Plc,2
Group Mills,2
Compton Llc,2
Ltd Santos,2
Ltd Saunders,2
Ltd Schmitt,2
Ltd Schroeder,2
Ltd Schwartz,2
Inc Riley,2
Ltd Shah,2
Ltd Shelton,2
Ltd Sherman,2
Group Moody,2
Deleon Llc,2
Ltd Sims,2
Ltd Skinner,2
Inc Cook,2
Ltd Soto,2
Conley And Sons,2
Ltd Stanton,2
Ltd Steele,2
Ltd Stein,2
Ltd Stephens,2
Allen-Fisher,2
Goodwin Ltd,2
Conley Ltd,2
Allen-Hall,2
Ltd Tate,2
Boyd-Fisher,2
Inc Rios,2
Inc Rivas,2
Ltd Todd,2
Group Moreno,2
Herrera-Young,2
Ltd Tucker,2
Holmes Sons And,2
Ltd Underwood,2
Ltd Valentine,2
Ltd Vang,2
Group Mullins,2
Ltd Vaughn,2
Ltd Villa,2
Ltd Wagner,2
And Holland Sons,2
Atkinson Ltd,2
Ltd Walton,2
Atkinson-Johnson,2
Ltd Warner,2
Fernandez Plc,2
Allen-Perez,2
Ltd Watson,2
Ltd Watts,2
Inc Copeland,2
Allen-Price,2
Conner Inc,2
Delgado Inc,2
Hardin Inc,2
Austin Group,2
Ltd Wilkinson,2
Austin Inc,2
Allen-Scott,2
Ltd Woods,2
Allen-Smith,2
Inc Cowan,2
Conner Plc,2
Ltd Zuniga,2
Carpenter And Sons,2
Group Nunez,2
Lucas Plc,2
Luna Ltd,2
Lynch And Sons,2
Lynch Ltd,2
Lynch Plc,2
Group Obrien,2
Lyons Sons And,2
Macias Group,2
Madden Inc,2
Malone Llc,2
Malone Plc,2
Mann Ltd,2
Manning Ltd,2
Manning Plc,2
Marquez Inc,2
And Hopkins Sons,2
Marsh Plc,2
Carpenter Group,2
Marshall Inc,2
Delgado Plc,2
Group Ochoa,2
Marshall-Smith,2
Martin And Sons,2
Allison Llc,2
Gordon Inc,2
Group Olson,2
Group Oneal,2
Austin-Johnson,2
Martin Sons And,2
Martin-Bowman,2
Martin-Duffy,2
Martin-Green,2
Martin-Hall,2
Huff-Coleman,2
Martin-Martinez,2
Dennis Group,2
Martin-Rosario,2
Group Page,2
Martinez And Sons,2
And Howard Sons,2
Group Park,2
Group Parks,2
Inc Crawford,2
Bradford Plc,2
Martinez-Bennett,2
And Howell Sons,2
Martinez-Gonzalez,2
Martinez-Johnson,2
Martinez-Martin,2
Martinez-Ramirez,2
Martinez-Strickland,2
Martinez-Washington,2
Martinez-Wilson,2
Martinez-Wright,2
Inc Cross,2
Mason Inc,2
Massey Inc,2
Avery Llc,2
Inc Cummings,2
Alvarez Group,2
May-Allen,2
May-Rodriguez,2
Mayer Ltd,2
Mayo Ltd,2
Mayo Plc,2
Mcbride Group,2
Mccall Ltd,2
Mcclain And Sons,2
Mcclure Ltd,2
Mccoy And Sons,2
Mccoy Inc,2
Mcdaniel Plc,2
Mcdonald Group,2
Group Pena,2
Inc Cunningham,2
Mcgrath Plc,2
Mcguire Group,2
Mcguire Ltd,2
Mcintyre Ltd,2
Mckee-Taylor,2
Mckenzie Plc,2
Fields Inc,2
Inc Curtis,2
Mclaughlin-Ward,2
Mclean-Hill,2
Mcmahon Group,2
Mcpherson-Bryant,2
Meadows Llc,2
Medina Inc,2
Group Perry,2
Medina-Turner,2
Mejia Group,2
Mejia Plc,2
Mendez Ltd,2
Alvarez Plc,2
Inc Dalton,2
Group Phelps,2
Carr Ltd,2
Merritt Inc,2
Metro Health,2
Group Potter,2
Gordon-Ward,2
Meyers Group,2
Meyers Ltd,2
Meza-Hamilton,2
Middleton Group,2
Inc Robbins,2
Group Powell,2
Group Price,2
Ayala Inc,2
Diaz Ltd,2
Group Ramos,2
Miller Sons And,2
Miller-Alvarez,2
Group Randolph,2
Miller-Brooks,2
Miller-Brown,2
Inc Davila,2
Miller-Green,2
Miller-Harris,2
Miller-Jensen,2
Miller-Johnson,2
Huber Llc,2
Miller-Lopez,2
Miller-Martinez,2
Miller-Miller,2
Miller-Moore,2
Miller-Ortiz,2
Miller-Robinson,2
Miller-Rodriguez,2
Bradley-Thompson,2
Miller-Taylor,2
Huffman-Garcia,2
Miller-Turner,2
Miller-Williams,2
Miller-Yang,2
Miller-Young,2
Mills Inc,2
Mills Ltd,2
Group Reilly,2
Mills Sons And,2
Mills-Gray,2
Mills-Smith,2
Group Rhodes,2
Inc Delgado,2
Carrillo Ltd,2
Group Rivera,2
Diaz-Alexander,2
Ayers Group,2
Group Robbins,2
Brady Sons And,2
Mitchell-Sullivan,2
Inc Rojas,2
Monroe Inc,2
Carrillo-Gonzalez,2
Montgomery-Martin,2
Montgomery-Smith,2
Montoya Inc,2
Montoya-Cruz,2
Moody Sons And,2
Moon Llc,2
Johnson-Lane,2
Figueroa-Johnson,2
Hester Ltd,2
Hayes-Smith,2
And Aguilar Sons,2
Bailey And Sons,2
Inc Dixon,2
Moore-Cox,2
Moore-Harris,2
Moore-Hughes,2
Moore-Johnson,2
Moore-Murphy,2
Moore-Smith,2
Moore-Walker,2
Bailey Group,2
And Jacobs Sons,2
Carroll Llc,2
Morales Plc,2
Morales-Brown,2
Morales-Gonzalez,2
Morales-Perez,2
Morales-Williams,2
Moran Group,2
Moran Inc,2
Moran Ltd,2
Bailey Ltd,2
Branch Ltd,2
Morgan Group,2
Group Salazar,2
Garcia-Adams,2
And Simmons Sons,2
Morgan Plc,2
Morgan-Griffin,2
Morgan-Higgins,2
Morgan-Williams,2
Group Sanders,2
Brandt And Sons,2
And Jenkins Sons,2
Group Santos,2
Morris-Schultz,2
Morris-Smith,2
Morris-Walsh,2
Morrison Inc,2
Morrison Sons And,2
Morrow Inc,2
Bailey-Davis,2
Morse Group,2
Morse-Jones,2
Group Saunders,2
Jimenez-Johnson,2
Mosley Llc,2
Mosley Plc,2
Moss Plc,2
Mullins Plc,2
Munoz Llc,2
Munoz Ltd,2
Johnson-Baker,2
Group Schmidt,2
And Sims Sons,2
Garcia-Brown,2
Murphy-Bailey,2
Murphy-Cole,2
Hardy Group,2
Murphy-Lopez,2
Murphy-Thompson,2
Murray Llc,2
And Jimenez Sons,2
Group Schultz,2
Murray-Carter,2
Murray-Robinson,2
Myers Inc,2
Carroll-Howard,2
Group Schwartz,2
Myers-Lewis,2
Graham-Jones,2
Graham-Lloyd,2
Fischer Group,2
Johnson-Cooper,2
Bailey-Jones,2
Group Serrano,2
Hayes-Wilson,2
Cook-Harris,2
Garcia-Coleman,2
Nelson-Collins,2
Nelson-Gutierrez,2
Group Shaw,2
Newman Inc,2
Newman Llc,2
Newman Ltd,2
Newman-Martinez,2
Newton Llc,2
Newton Plc,2
Nguyen Group,2
Nguyen Llc,2
Group Simmons,2
Cook-Joseph,2
Nguyen-Lopez,2
Nguyen-Rivera,2
Nguyen-Thomas,2
Nichols Inc,2
Nichols Llc,2
Nichols Ltd,2
Bailey-Rivera,2
Nichols-Garcia,2
Norman Plc,2
Norris-Higgins,2
Novak Llc,2
Obrien Group,2
Obrien Llc,2
Carson Group,2
Obrien Sons And,2
Oconnor Group,2
Oliver Llc,2
Oliver Ltd,2
Carson Llc,2
Olsen Plc,2
Inc Ruiz,2
Graham-Smith,2
Garcia-Farmer,2
Olson Plc,2
Oneal Group,2
Inc Russell,2
Oneill Plc,2
Bailey-White,2
Ortega Group,2
Ortega Inc,2
Hickman-Clark,2
Group Soto,2
Ortiz Llc,2
Grant Group,2
Ortiz-Martin,2
Grant Inc,2
Osborne Plc,2
Owen Ltd,2
Owen-Miller,2
Group Stanley,2
Group Stein,2
Owens Llc,2
Owens Ltd,2
Group Stevenson,2
Padilla And Sons,2
Padilla Inc,2
Dillon Inc,2
Grant Plc,2
Page Plc,2
Brewer Ltd,2
Baker And Sons,2
Palmer-Harris,2
Park Llc,2
Park Sons And,2
Park-Johnson,2
Haynes Plc,2
And Arnold Sons,2
Parker Ltd,2
Garcia-Jackson,2
Parker-Brown,2
Parker-Coleman,2
Parker-Martinez,2
Parker-Meyer,2
Inc Dyer,2
Inc Salazar,2
Parsons Plc,2
Parsons-Cole,2
And Austin Sons,2
Group Stuart,2
Patel Plc,2
Patel-Kim,2
Dixon And Sons,2
Group Thomas,2
Patterson Inc,2
Grant-Lee,2
Dixon Llc,2
Patterson Plc,2
Patterson-Barber,2
Patterson-Lopez,2
Dixon Ltd,2
James-Smith,2
Group Tran,2
Pearson Sons And,2
Peck Plc,2
Inc Escobar,2
Briggs Plc,2
James And Sons,2
Cooper Llc,2
Cooper Plc,2
And Baker Sons,2
Cooper Sons And,2
Group Vasquez,2
Perez-Cox,2
Perez-Hernandez,2
Perez-Morgan,2
Perez-Nguyen,2
Perez-Serrano,2
Group Vazquez,2
Perez-Turner,2
Graves Group,2
Group Velasquez,2
Graves Llc,2
Inc Fernandez,2
Perry Ltd,2
Perry Plc,2
Perry-Davis,2
Perry-Hayes,2
Carter-Garcia,2
Johnson-Mathis,2
Carter-Harris,2
Harmon Group,2
Peters-Taylor,2
And Sons Anderson,2
Graves-Allen,2
Baker-Lee,2
Inc Fields,2
And Sons Bailey,2
Peterson Sons And,2
And Sons Baker,2
And Sons Baldwin,2
Phillips And Sons,2
Fisher-Smith,2
And Sons Bell,2
Garcia-Ramirez,2
Carter-Miller,2
And Sons Bishop,2
Phillips Sons And,2
Phillips-Decker,2
Phillips-Morales,2
Pierce Group,2
Pierce Inc,2
Pierce Plc,2
Pierce-Williams,2
Pineda Group,2
Pittman-Richardson,2
Pitts Inc,2
Cooper-Bush,2
Garcia-Rivera,2
Harmon Inc,2
And Sons Bond,2
Garcia-Robinson,2
And Sons Bradford,2
Plc Andrews,2
Fitzgerald Group,2
Plc Avery,2
Dixon-Smith,2
Plc Baker,2
Plc Ball,2
Group Warner,2
Plc Barnett,2
Plc Bean,2
Baker-Smith,2
Plc Beck,2
Inc Santos,2
Plc Berry,2
And Sons Byrd,2
Plc Blair,2
Plc Blankenship,2
Plc Booker,2
Plc Bowen,2
Plc Brooks,2
And Sons Campbell,2
Plc Browning,2
Plc Bryant,2
Plc Buck,2
And Sons Cantu,2
Plc Butler,2
Plc Calhoun,2
Plc Campbell,2
Garcia-Smith,2
Plc Carr,2
Plc Carroll,2
And Joyce Sons,2
Plc Charles,2
Plc Chavez,2
Plc Cherry,2
Plc Cline,2
Plc Coleman,2
Inc Fisher,2
Johnson-Cox,2
And Sons Castillo,2
Plc Conway,2
Carter-Williams,2
Plc Cooper,2
And Keller Sons,2
Baldwin And Sons,2
Plc Curtis,2
Plc Daniel,2
Dominguez Inc,2
Plc Dean,2
Plc Deleon,2
Plc Delgado,2
Plc Dennis,2
Plc Diaz,2
Inc Flores,2
Plc Dorsey,2
Plc Dougherty,2
Plc Drake,2
Baldwin Llc,2
Plc Duran,2
Plc Edwards,2
Baldwin Ltd,2
Plc Estrada,2
Baldwin Plc,2
Inc Sawyer,2
Johnson-Barrett,2
Brooks Group,2
Plc Floyd,2
Plc Fox,2
Plc Frazier,2
Plc Freeman,2
Brooks Inc,2
Plc Gaines,2
Brooks Llc,2
Plc Garner,2
Brooks Plc,2
Plc Gibson,2
Plc Glass,2
Plc Glover,2
Plc Gomez,2
Hicks-Anderson,2
And Sons Dawson,2
Garcia-Williams,2
Hood Inc,2
Plc Grant,2
Plc Graves,2
Plc Gray,2
Ball Llc,2
Plc Griffin,2
Plc Grimes,2
Cooper-Taylor,2
Plc Hale,2
Group Willis,2
Plc Hamilton,2
Plc Haney,2
Group Winters,2
Inc Fox,2
Hood Ltd,2
Plc Harrell,2
Inc Franco,2
Ball-Miller,2
Jackson-Stevens,2
Donaldson Sons And,2
And Sons Fisher,2
Plc Hensley,2
And Sons Franklin,2
Plc Herrera,2
Casey Group,2
Ballard Ltd,2
Plc Hodge,2
Plc Huang,2
And Sons Gomez,2
Plc Hull,2
Plc Hunt,2
Plc Hurley,2
And Sons Gonzalez,2
Casey Llc,2
And Sons Gray,2
Plc Jefferson,2
And Sons Green,2
Plc Jennings,2
Plc Jimenez,2
Casey Plc,2
And Sons Griffin,2
And Sons Hall,2
Plc Keller,2
And Sons Harper,2
Jackson And Sons,2
And Sons Harris,2
Plc Klein,2
Plc Knight,2
Plc Lam,2
Plc Landry,2
Inc Shannon,2
Harper Inc,2
Group Zuniga,2
Plc Logan,2
Plc Long,2
Hicks-Jones,2
Hughes-Smith,2
Plc Mahoney,2
Plc Maldonado,2
Plc Mann,2
Plc Marquez,2
Plc Marshall,2
And Sons Henderson,2
And Sons Henry,2
Fleming Inc,2
Plc Mathis,2
Plc Mccall,2
Plc Mccoy,2
Fleming Plc,2
Plc Mendez,2
And Sons Holmes,2
Brooks-Smith,2
Brooks-Taylor,2
Fleming Sons And,2
Donovan-Johnson,2
And Sons Hutchinson,2
Plc Montes,2
Plc Montoya,2
Harper Plc,2
And Sons Jensen,2
Brooks-Williams,2
Cortez Group,2
Plc Morrison,2
Plc Morton,2
Plc Mosley,2
Inc Shelton,2
Plc Moyer,2
Plc Munoz,2
Plc Murphy,2
Inc Sheppard,2
Hood-Smith,2
Jarvis Group,2
Plc Nichols,2
Plc Norman,2
Hicks-Salas,2
Plc Nunez,2
And Sons Lawson,2
Jarvis Inc,2
Hebert Ltd,2
Plc Ortiz,2
Cortez-Dixon,2
Plc Owens,2
Hull Inc,2
Plc Patrick,2
Plc Patterson,2
Plc Pearson,2
Inc Silva,2
Plc Perkins,2
Hull Plc,2
Plc Peters,2
Gray-Howard,2
Castillo Llc,2
And Sons Martin,2
Plc Pitts,2
Plc Price,2
Plc Quinn,2
Garner And Sons,2
Inc Simmons,2
Plc Randall,2
Plc Rasmussen,2
Garner Group,2
Plc Reed,2
Plc Reid,2
Inc Gomez,2
And Sons Mcgee,2
Fletcher Inc,2
Plc Rich,2
Plc Richardson,2
Plc Riley,2
Plc Ritter,2
Fletcher Ltd,2
Plc Robinson,2
Plc Rodgers,2
Higgins Ltd,2
Fletcher Plc,2
Plc Romero,2
And Sons Mills,2
Gray-Lewis,2
Plc Ryan,2
Plc Sanchez,2
Plc Sanders,2
Plc Saunders,2
Plc Schmitt,2
Plc Schneider,2
Plc Schwartz,2
Inc Gordon,2
Douglas Group,2
Plc Shepherd,2
And Sons Moon,2
Plc Simmons,2
Plc Singh,2
Plc Small,2
And Sons Moore,2
Castillo-Lewis,2
Inc Graham,2
Plc Spencer,2
Plc Stein,2
Plc Stewart,2
Harrell Inc,2
Inc Gray,2
Gutierrez And Sons,2
Plc Swanson,2
And Sons Murphy,2
And Sons Murray,2
Harrell Sons And,2
Plc Todd,2
And Sons Nelson,2
Hoover Inc,2
Gray-Suarez,2
Henderson Group,2
Plc Vaughn,2
Plc Wade,2
And Sons Osborne,2
Barker And Sons,2
Hoover Llc,2
Barker Inc,2
Castro Group,2
Barker Ltd,2
Gutierrez Group,2
Plc Weaver,2
Cox Ltd,2
Plc Webster,2
Cox Sons And,2
And Sons Price,2
Plc Whitaker,2
And Sons Reed,2
Plc Wiley,2
And Sons Reid,2
Plc Williamson,2
Plc Willis,2
Gutierrez Llc,2
Hoover Plc,2
And Sons Richardson,2
Plc Woodard,2
Downs Plc,2
And Sons Robinson,2
Plc York,2
James Group,2
Plc Zamora,2
Plc Zhang,2
Plc Zuniga,2
Humphrey Ltd,2
Ponce Inc,2
Poole Ltd,2
Pope Group,2
Pope Inc,2
Pope Plc,2
Inc Singh,2
Porter Llc,2
Porter Ltd,2
Porter Plc,2
Porter-Moore,2
Porter-Patterson,2
Potter Inc,2
Powell Group,2
And Sons Santos,2
Powell Ltd,2
Flores Plc,2
Powell-Anderson,2
Powell-Brown,2
Powell-Hodges,2
Powers Group,2
Powers-Hawkins,2
Pratt Group,2
Pratt Ltd,2
Jennings Ltd,2
Inc Hall,2
And Sons Shaw,2
And Sons Shepherd,2
Price-Jackson,2
Prince Group,2
Proctor Group,2
Proctor Ltd,2
Quinn Group,2
Quinn Llc,2
Castro-Moore,2
Barnes Group,2
Barnes Inc,2
And Sons Thompson,2
Barnes Plc,2
Ramirez-Jackson,2
Ramirez-Perez,2
Ramirez-Phillips,2
Hopkins Ltd,2
Ramirez-Taylor,2
Ramirez-Thompson,2
Ramirez-Wilson,2
And Sons Warren,2
Cox-Johnson,2
Ramos-Johnson,2
Ramsey Llc,2
Rasmussen Ltd,2
Ray Inc,2
Ray Plc,2
Raymond Plc,2
Reed Group,2
Garrison Plc,2
Flores-Davis,2
Jimenez-Smith,2
Barnes-Alexander,2
Garrison Sons And,2
Reed-Allen,2
Reed-Mann,2
Reed-Nelson,2
Reed-Williams,2
Reese Ltd,2
Reese-Hernandez,2
Reid Inc,2
Reilly Llc,2
Reyes Group,2
And Sons Wood,2
Jennings Plc,2
Inc Hayes,2
Reynolds Group,2
Drake Ltd,2
Drake Plc,2
Reynolds Ltd,2
Inc Henderson,2
Reynolds-Brown,2
Hunt Group,2
Barnes-Hernandez,2
Rice Ltd,2
Rice Plc,2
Rice Sons And,2
Richards Group,2
Hunt Llc,2
Craig Inc,2
Garza Inc,2
Craig Llc,2
Inc Steele,2
Richardson-Smith,2
Green-Anderson,2
Riley Ltd,2
Riley Plc,2
Riley Sons And,2
Inc Hess,2
And Mahoney Sons,2
Rios Ltd,2
Rios Plc,2
Rios-Johnson,2
Rivas Plc,2
Rivas-Sanchez,2
Flores-Roman,2
Dudley-Nelson,2
Green-Brooks,2
Barnes-Williams,2
Rivera Sons And,2
Rivera-Scott,2
Robbins Inc,2
Roberson-Rodriguez,2
Chan And Sons,2
Chan Ltd,2
Chan Plc,2
Barnett Group,2
Barnett Llc,2
Inc Stevens,2
Roberts-Diaz,2
Roberts-Gonzalez,2
Roberts-Martin,2
Robertson Group,2
Robertson Llc,2
Inc Holmes,2
Robertson-Jones,2
Crane Llc,2
Guzman Group,2
Guzman Inc,2
Chan-Winters,2
Green-Garcia,2
Robinson-Allen,2
Robinson-Hall,2
Robinson-Smith,2
Robinson-Snyder,2
Robles Group,2
Robles Llc,2
Guzman Llc,2
Rodgers Ltd,2
Rodgers Plc,2
Chandler Ltd,2
Guzman Ltd,2
Johnson-Hunt,2
Crawford Group,2
Brown-Adams,2
Crawford Inc,2
Brown-Bailey,2
Rodriguez-Brown,2
Rodriguez-Burke,2
Rodriguez-Campbell,2
And Stewart Sons,2
Rodriguez-Guerra,2
Hendrix Inc,2
Rodriguez-Martin,2
Rodriguez-Martinez,2
And Carroll Sons,2
Inc House,2
Rodriguez-Wilson,2
Inc Howard,2
Brown-Bell,2
Rogers Llc,2
Inc Sullivan,2
Rogers Sons And,2
Rogers-Johnson,2
Rogers-Moore,2
Rogers-Smith,2
Rojas Inc,2
Romero Group,2
Romero Llc,2
Romero Plc,2
Rose Inc,2
Rose Ltd,2
Inc Hudson,2
Rose Sons And,2
And Martin Sons,2
Brown-Bradley,2
Inc Hughes,2
Ross Ltd,2
Ross Plc,2
Roth Ltd,2
Floyd Llc,2
Ruiz Group,2
Harris Sons And,2
Inc Hunt,2
Chang Group,2
Ruiz-Davis,2
Ruiz-Sanchez,2
Ruiz-Williams,2
Russell Group,2
Johnson-Larson,2
Crawford-Johnson,2
Duncan Llc,2
Russell-Moore,2
Ryan Group,2
Inc Jacobs,2
Ryan Ltd,2
Ryan-Miller,2
Salas Plc,2
Salazar Inc,2
Salazar Llc,2
Salazar Plc,2
Barrett Group,2
Brown-Cooley,2
Gates Sons And,2
Sanchez Ltd,2
Sanchez Sons And,2
Sanchez-Brown,2
Sanchez-Cunningham,2
Sanchez-Davis,2
Sanchez-Fischer,2
Inc Jacobson,2
Brown-Cruz,2
Sanchez-Meyer,2
Sanchez-Perez,2
Brown-Davis,2
Sanchez-Wilson,2
Sanders Group,2
Henry Ltd,2
Henry Sons And,2
Sanders Ltd,2
Inc Jarvis,2
Sanders-Ramirez,2
Gates-Green,2
Brown-Evans,2
Sanford Llc,2
Santiago Group,2
Santiago Ltd,2
Saunders Ltd,2
Savage Llc,2
Savage Ltd,2
Haas Ltd,2
Schmidt Inc,2
Schmidt Llc,2
Chapman Inc,2
Schmidt Plc,2
Schmidt-Ford,2
Hill-Brown,2
Schmitt Llc,2
Schmitt Ltd,2
Schneider And Sons,2
Inc Jensen,2
Schneider Llc,2
Schneider Plc,2
Schroeder Ltd,2
And Massey Sons,2
Schultz Group,2
Schultz Inc,2
Schultz Plc,2
Schultz-Anderson,2
Inc Jimenez,2
Schwartz Plc,2
Scott And Sons,2
Scott Group,2
Hill-Davis,2
Cross Group,2
Cross Inc,2
And Chavez Sons,2
Scott-Fuller,2
Scott-Johnson,2
Scott-King,2
Scott-Russell,2
Scott-Schneider,2
Scott-Walker,2
Brown-Hall,2
Brown-Hanson,2
Shah Llc,2
Brown-Harris,2
Gentry And Sons,2
Brown-Henry,2
Brown-Hensley,2
Shaw Ltd,2
Jarvis-Smith,2
Brown-Holmes,2
Shaw-Mullins,2
Brown-Howard,2
Shelton Ltd,2
Sheppard Plc,2
Inc Key,2
Brown-Johnson,2
Short Llc,2
Bartlett Plc,2
Silva Llc,2
Silva Ltd,2
Johnson-Harris,2
Greene Llc,2
Brown-Joyce,2
Inc Kim,2
Johnson-Davis,2
Simmons-Williams,2
Simon Group,2
Johnson-James,2
Simpson And Sons,2
Henry-Rodriguez,2
Inc Knight,2
Sims Inc,2
Sims Plc,2
Singh Ltd,2
Singleton Group,2
Harris-Bailey,2
George Inc,2
Barton Llc,2
Brown-Lewis,2
Brown-Lopez,2
Brown-Martin,2
Charles Llc,2
Hale Plc,2
Smith-Alexander,2
Smith-Allen,2
Smith-Barton,2
Smith-Benson,2
Smith-Brooks,2
Brown-Moore,2
Smith-Butler,2
Smith-Byrd,2
Smith-Caldwell,2
George Llc,2
And Mcdaniel Sons,2
Smith-Cox,2
Forbes Llc,2
Smith-Fields,2
Smith-Foster,2
Smith-Fox,2
Smith-Garcia,2
Barton-Phillips,2
Smith-Goodwin,2
Smith-Griffin,2
Smith-Hamilton,2
Barton-Sanchez,2
Smith-Hernandez,2
Smith-Holmes,2
Smith-Horne,2
Smith-Howard,2
Dunn Llc,2
Dunn Ltd,2
Smith-Kelly,2
And Coleman Sons,2
Smith-Marshall,2
Smith-Martinez,2
Smith-Mayo,2
Smith-Mendez,2
Hunter Group,2
Smith-Moore,2
Smith-Obrien,2
Smith-Parker,2
Charles-White,2
Smith-Peterson,2
Bass Inc,2
Smith-Reed,2
Smith-Reyes,2
Smith-Richardson,2
Smith-Rivera,2
Smith-Robinson,2
Hunter Inc,2
Smith-Rogers,2
Smith-Schneider,2
Smith-Shaw,2
Inc Valdez,2
Smith-Stephens,2
Smith-Stone,2
Smith-Taylor,2
Smith-Thomas,2
Hunter Llc,2
Smith-Weaver,2
Smith-Wells,2
Hensley Inc,2
Jefferson Ltd,2
Johnson-Garcia,2
Dunn-Francis,2
Inc Vaughn,2
Solomon Ltd,2
Sons Acosta And,2
Ford Group,2
Sons And Arnold,2
Sons And Bailey,2
Sons And Baker,2
Cruz-Hayes,2
Sons And Barrett,2
Sons And Bennett,2
Sons And Boyd,2
Sons And Bradford,2
Ford Inc,2
Sons And Butler,2
Cruz-Johnson,2
Sons And Clark,2
Sons And Compton,2
Sons And Cook,2
Sons And Cooper,2
Sons And Cox,2
Sons And Davis,2
Cruz-Jones,2
Sons And Edwards,2
Sons And Evans,2
Haley Inc,2
And Mclaughlin Sons,2
Sons And Francis,2
Inc Velasquez,2
Sons And Gentry,2
Sons And Gibbs,2
Sons And Gibson,2
Sons And Gonzales,2
Johnson-Dixon,2
Sons And Gray,2
Haley Plc,2
Sons And Hamilton,2
Sons And Hawkins,2
And Meadows Sons,2
Sons And Hicks,2
Sons And Hill,2
Sons And Holmes,2
Sons And Howe,2
Brown-Thomas,2
Bates-Flores,2
Plc Mercer,2
Sons And Keller,2
Sons And Kennedy,2
Sons And Kirby,2
Brown-Thompson,2
Brown-Turner,2
House-White,2
Sons And Marshall,2
Gibbs Inc,2
Sons And Mccormick,2
Sons And Medina,2
Chavez Inc,2
And Cooper Sons,2
Sons And Morton,2
Bauer Inc,2
Gibbs Plc,2
Sons And Palmer,2
Sons And Peterson,2
Sons And Phillips,2
Sons And Potter,2
Sons And Prince,2
Sons And Ramos,2
Sons And Richards,2
Chavez Ltd,2
Sons And Rose,2
Sons And Ryan,2
Inc Leonard,2
Inc Vincent,2
Sons And Shaw,2
Harris-Gonzalez,2
Bautista Sons And,2
Chavez Sons And,2
Sons And Thomas,2
Sons And Torres,2
Sons And Vargas,2
Hill-Wilson,2
Sons And Wallace,2
Sons And Waters,2
Sons And Watkins,2
Sons And Watson,2
Sons And Wheeler,2
Henson-Smith,2
Sons And Williamson,2
Sons And Wright,2
Sons And Young,2
Sons Anderson And,2
Gregory Group,2
Inc Walsh,2
Sons Boyd And,2
Sons Brooks And,2
Browning-Moore,2
Sons Burke And,2
Sons Butler And,2
Inc Walton,2
Sons Cooper And,2
Herman Llc,2
Sons Cruz And,2
Harris-Jackson,2
Sons Diaz And,2
Sons Drake And,2
Sons Ellis And,2
Baxter Inc,2
Sons Flores And,2
Sons Ford And,2
Inc Lucero,2
Sons Garrett And,2
And Crawford Sons,2
Harris-Jones,2
Sons Hall And,2
Cummings Plc,2
Harris-Lee,2
Inc Lynch,2
Sons Hodges And,2
Sons Hughes And,2
Johnson-Lee,2
Sons Hurley And,2
Sons Jackson And,2
Sons Jenkins And,2
Sons Jensen And,2
Hines Ltd,2
Inc Macias,2
Bean Plc,2
Sons Kim And,2
Sons Larson And,2
Harris-Miller,2
Inc Maldonado,2
Sons Lopez And,2
Inc Washington,2
Sons Mayo And,2
Sons Mcclure And,2
Sons Mcintyre And,2
Sons Mckenzie And,2
Sons Mclaughlin And,2
Bryan Plc,2
Sons Mitchell And,2
Sons Moore And,2
Sons Morrow And,2
Hurley Inc,2
Inc Waters,2
Sons Parker And,2
Hurley Ltd,2
Sons Peterson And,2
Foster And Sons,2
Sons Reyes And,2
Sons Reynolds And,2
Sons Rivera And,2
Sons Roberts And,2
Sons Robinson And,2
Inc Marsh,2
And Curry Sons,2
Sons Santiago And,2
Sons Schwartz And,2
Sons Shelton And,2
Cunningham Ltd,2
Sons Stephens And,2
Hall Ltd,2
Bryant Plc,2
Inc Watts,2
Beck Inc,2
Inc Webb,2
Howard Group,2
Sons Wood And,2
Gilbert Group,2
Howard Inc,2
Soto Group,2
Sparks Llc,2
Sparks Plc,2
Spence-Miller,2
Curry And Sons,2
Spencer Ltd,2
Spencer-Carr,2
Spencer-Gonzalez,2
Stafford Llc,2
Stanley Group,2
Curry Llc,2
Stanley Ltd,2
Stanton Plc,2
Stein Ltd,2
Stein-Johnson,2
Stephens Inc,2
Stephens-Davis,2
Stephenson Ltd,2
Stevens And Sons,2
Inc West,2
Stevens Inc,2
Stevens Llc,2
Howard Llc,2
Curry Plc,2
Buchanan Group,2
Stevenson Ltd,2
Stewart And Sons,2
Hurst Plc,2
Curry Sons And,2
Inc Mcintyre,2
Choi Ltd,2
Griffin-Flores,2
Stewart Sons And,2
Stewart-Clark,2
Stewart-Perez,2
Jackson-Gonzalez,2
Stewart-Williams,2
Stokes Group,2
Becker Group,2
Edwards Sons And,2
Inc Meadows,2
Griffin-Lee,2
Stone-Davis,2
Stone-Warren,2
Stone-West,2
Suarez Group,2
Suarez-Bryan,2
Sullivan Group,2
Sullivan Llc,2
Inc Wilkinson,2
Inc Mendoza,2
Curtis Plc,2
Harrison Group,2
Swanson Plc,2
Tanner-Cox,2
Tate Group,2
Tate Plc,2
Inc Miles,2
Griffin-Wilson,2
Giles Ltd,2
Harrison Plc,2
Curtis-Hernandez,2
Taylor-Hart,2
Taylor-Jones,2
Taylor-Nguyen,2
Fowler Group,2
Taylor-Sanchez,2
Taylor-Taylor,2
Taylor-Valenzuela,2
Taylor-Wilson,2
Terrell Inc,2
Terrell-Gonzalez,2
Terry Ltd,2
Griffith Group,2
Fowler Llc,2
Griffith Plc,2
And Wang Sons,2
Inc Mitchell,2
Inc Monroe,2
Dalton Inc,2
Dalton Llc,2
Thomas-Johnson,2
Christian Group,2
Thomas-Nielsen,2
Thomas-Perry,2
Thomas-Ramirez,2
Bell Inc,2
Thomas-Turner,2
Thomas-Watson,2
Thomas-White,2
And Diaz Sons,2
Edwards-Gordon,2
Dalton-Davis,2
Hodge Plc,2
Christian-Davis,2
Gill Group,2
Edwards-Miller,2
Hernandez Sons And,2
Edwards-Patel,2
Thompson-Davis,2
Thompson-Ortega,2
Harrison-Allen,2
Thompson-Walker,2
Todd-Holmes,2
Inc Morris,2
Burgess Ltd,2
Edwards-Smith,2
Inc Moss,2
Torres Ltd,2
Huynh Ltd,2
Torres-Kane,2
Torres-Lopez,2
Torres-Martin,2
Torres-Smith,2
Torres-White,2
Townsend-Harris,2
Tran Group,2
Tran Inc,2
Fox Group,2
Tran Ltd,2
Tran-Gonzalez,2
Travis Inc,2
Fox Ltd,2
Trujillo Inc,2
Tucker Inc,2
Jennings-Smith,2
Elliott And Sons,2
Tucker-Robinson,2
Fox Plc,2
Howard-Rodriguez,2
Turner Llc,2
Bell-Flores,2
Gillespie Llc,2
Turner-Russell,2
Turner-Taylor,2
Turner-Wood,2
Tyler Plc,2
Underwood Llc,2
Elliott Ltd,2
Valdez-Hamilton,2
Valencia Group,2
Valentine Ltd,2
Valenzuela Group,2
Vance Plc,2
Vang Inc,2
Vargas Group,2
Vargas Plc,2
Vargas-Cohen,2
Elliott Plc,2
Vasquez Inc,2
Hodges Plc,2
Bell-Jimenez,2
Bell-Kelly,2
Vazquez Group,2
Vega-White,2
Velasquez Ltd,2
And Munoz Sons,2
Inc Navarro,2
Villanueva-Scott,2
Vincent Llc,2
Vincent Ltd,2
Wade Group,2
Wade Ltd,2
Wade-Garcia,2
Wagner Inc,2
Burke Inc,2
Inc Newman,2
Wagner-Petersen,2
Hall-Roberts,2
And Murphy Sons,2
Inc Newton,2
Walker Llc,2
Howard-Williams,2
Inc Nichols,2
Walker Sons And,2
Walker-Butler,2
Walker-Hayes,2
Walker-Johnson,2
Walker-Jones,2
Walker-Mason,2
Walker-Olson,2
Walker-Porter,2
Walker-Ray,2
Walker-Schneider,2
Walker-Smith,2
And Edwards Sons,2
Wallace Inc,2
Inc Zavala,2
Johnson-Burns,2
Hall-Vasquez,2
Wallace Sons And,2
Wallace-Henry,2
Wallace-Johnson,2
Wallace-Smith,2
Waller-Miller,2
Walls Group,2
Daniels-Rodriguez,2
Ibarra Plc,2
Hart Group,2
Walters Inc,2
Hart Inc,2
Walton Group,2
Walton Inc,2
Wang Llc,2
Hart Llc,2
Hart Ltd,2
Hart Plc,2
Burnett Llc,2
Hoffman And Sons,2
Ware Inc,2
Ware Ltd,2
Warner And Sons,2
Warner Llc,2
Warner Ltd,2
Warren Group,2
Hernandez-Anderson,2
Davenport And Sons,2
Ellis Inc,2
Warren-Brown,2
Washington Group,2
Washington Inc,2
Inc Obrien,2
Waters Group,2
Watkins Group,2
Benitez Ltd,2
Burns Ltd,2
Watkins Ltd,2
Watson Group,2
Watson Inc,2
Hamilton Inc,2
And White Sons,2
Watson Plc,2
Franco Llc,2
Weaver Group,2
Burns Plc,2
Weaver-Parker,2
Webb Inc,2
Webb Llc,2
Ingram Inc,2
Webb-Davis,2
Glenn Group,2
Group Atkins,2
Weber Ltd,2
Glenn Plc,2
Weeks Llc,2
Weiss Group,2
Welch Group,2
Welch Inc,2
Welch Llc,2
Benjamin Plc,2
Group Atkinson,2
Group Austin,2
Inc Oliver,2
Howe Sons And,2
David Sons And,2
Whitaker Group,2
Whitaker-Wright,2
Group Ballard,2
Hamilton Plc,2
Group Barnett,2
Group Barrera,2
Inc Olson,2
Burns-Hill,2
White-Cruz,2
White-Jackson,2
White-Johnson,2
White-Levine,2
White-Meyers,2
White-Miller,2
White-Moreno,2
White-Morgan,2
Inc Acevedo,2
Group Bauer,2
Bennett Llc,2
Wiggins Inc,2
And Norris Sons,2
Wiley Plc,2
Wilkerson Group,2
Wilkerson Inc,2
Wilkerson Llc,2
Wilkins Group,2
Wilkins Inc,2
Bennett Ltd,2
Wilkins Plc,2
Bennett Sons And,2
Glover Plc,2
Burns-Smith,2
Hernandez-Brown,2
Group Bell,2
Clark-Castillo,2
Williams-Brewer,2
Hoffman Llc,2
Williams-Carlson,2
Williams-Carr,2
Williams-Cervantes,2
Williams-Cole,2
Williams-Cook,2
Williams-Cooke,2
Williams-Davis,2
Frank-Jackson,2
Williams-Floyd,2
Davidson-Davis,2
Williams-Gonzalez,2
Inc Adkins,2
Williams-Harmon,2
Bennett-Brown,2
Williams-Hernandez,2
Burton Llc,2
Williams-Johnson,2
Williams-Johnston,2
Group Bentley,2
Williams-Larson,2
Williams-Leonard,2
Williams-Lewis,2
Williams-Lopez,2
Davidson-James,2
Williams-Mccoy,2
Williams-Murphy,2
Williams-Perez,2
Group Bernard,2
Group Berry,2
Hoffman Ltd,2
Williams-Richards,2
Williams-Robinson,2
Williams-Rodgers,2
Williams-Rodriguez,2
Williams-Smith,2
Williams-Thompson,2
Williams-Walker,2
Williams-White,2
Williams-Williams,2
Johnson-Campbell,2
Williamson Group,2
Willis Group,2
Willis Llc,2
Hernandez-Campbell,2
Davidson-Shaw,2
Willis-Moore,2
Ellis-Thomas,2
Hamilton-Davis,2
And Olsen Sons,2
Franklin Ltd,2
Howell Plc,2
And Flores Sons,2
Clark-Henry,2
Wilson-Bennett,2
Wilson-Gomez,2
Wilson-Gonzalez,2
Wilson-Miller,2
Wilson-Murphy,2
Wilson-Rivera,2
Clark-Hill,2
Wilson-Taylor,2
Wilson-Thomas,2
Wilson-Torres,2
Burton-Garcia,2
Wilson-Williams,2
Wilson-Wilson,2
Winters Group,2
Wise Group,2
Wise Inc,2
Wise Ltd,2
Inc Ortiz,2
Wolf Plc,2
Wolfe Inc,2
Golden Plc,2
Hernandez-Cunningham,2
Group Boyer,2
Group Brady,2
Inc Alvarado,2
Clark-Johnson,2
Wood-Lee,2
Wood-Martinez,2
Wood-Ramos,2
Bennett-Vang,2
Woods Group,2
Clark-Jones,2
Woods Plc,2
Woodward Plc,2
Clark-Lee,2
Benson Group,2
Inc Andrews,2
Bush Llc,2
Inc Pace,2
Wright Sons And,2
Wright-Jimenez,2
Group Bush,2
Wright-Nguyen,2
Wyatt Plc,2
Inc Arnold,2
York Plc,2
Inc Pacheco,2
Hogan Inc,2
Clark-Perry,2
Group Caldwell,2
Johnson-Hill,2
Erickson Inc,2
Young-Brown,2
Young-Carr,2
Young-Hernandez,2
Group Campbell,2
Young-Lee,2
Young-Lewis,2
Young-Miller,2
Young-Montgomery,2
Hartman-Dunn,2
Young-Thomas,2
Young-Warren,2
Young-White,2
Young-Williams,2
Zamora Plc,2
Zhang Inc,2
Group Cardenas,2
Zimmerman Ltd,2
Zimmerman Plc,2
"And Jones Lawson White,",1
"And Jones Mahoney, Robinson",1
"And Jones Meadows Jimenez,",1
"And Jones Morales Ruiz,",1
"And Jones Morris, Bernard",1
"And Jones Perez Gregory,",1
"And Jones Perez, Brown",1
"And Jones Perry, Hill",1
"And Jones Phillips Garner,",1
"And Jones Rodriguez Mccoy,",1
"And Jones Rose, Reynolds",1
"And Jones Roth Keith,",1
"And Jones Sherman, Miller",1
"And Jones Stevens Tyler,",1
"And Jones Sutton Nichols,",1
"And Jones Valenzuela Sanders,",1
"And Jones Wilson, Kelly",1
"And Jones, Brown Anderson",1
"And Jones, Brown Fisher",1
"And Jones, Burns Cantrell",1
"And Jones, Carrillo Stanton",1
"And Jones, Dixon Armstrong",1
"And Jones, Evans Williams",1
"And Jones, Gibson Jones",1
"And Jones, Marshall Jackson",1
"And Jones, Martin Newman",1
"And Jones, Mendoza Sims",1
"And Jones, Rojas Robles",1
"And Jones, Spencer Hernandez",1
"And Jones, Tran Schultz",1
"And Jordan Cowan, Glass",1
"And Jordan Hansen, Hall",1
"And Jordan Hoffman, Turner",1
"And Jordan Mccann Wood,",1
"And Jordan White, Welch",1
"And Jordan, Maynard Jackson",1
"And Jordan, Roberts Matthews",1
"And Jordan, Smith Smith",1
"And Joseph Kelly Blake,",1
"And Joseph Thomas, Luna",1
"And Joseph Yu Robinson,",1
"And Joseph, Roberson Wang",1
"And Joyce, Holland Jensen",1
"And Juarez Johnson, Stone",1
"And Kane Moody, Velasquez",1
"And Kaufman Christian Harris,",1
"And Keith Barnes, Spencer",1
And Keith Sons,1
"And Keller Rodriguez, Thomas",1
"And Keller, Garcia Rios",1
"And Keller, Ortega Miller",1
"And Kelley Bryant Baker,",1
"And Kelley Durham, Stevens",1
"And Kelley Miller Baldwin,",1
"And Kelley Roberts, Campbell",1
And Kelley Sons,1
"And Kelley, Brown Johnson",1
"And Kelley, Paul Sullivan",1
"And Kelley, Thomas Oconnor",1
"And Kelly Hancock, Fitzgerald",1
"And Kelly Jackson, Thomas",1
"And Kelly Johnson Nielsen,",1
"And Kelly Reed Adams,",1
And Kelly Sons,1
"And Kemp Murphy, Lewis",1
"And Kennedy Baker, Mann",1
"And Kennedy Montgomery Horne,",1
"And Kennedy Schmidt, Campbell",1
And Kennedy Sons,1
"And Kennedy White, Garcia",1
"And Kennedy, Craig Watkins",1
"And Kent, Collins Herrera",1
"And Key, Thomas Wright",1
"And Khan, Foster Beard",1
"And Kidd Singh Cameron,",1
"And Kidd, Jenkins Mitchell",1
"And Kidd, Martinez Acevedo",1
"And Kim Anderson Adams,",1
"And Kim Brown, Jackson",1
"And Kim Price Smith,",1
And Kim Sons,1
"And Kim Sullivan Perkins,",1
"And Kim Tucker Hayes,",1
"And Kim, Alvarado Whitaker",1
"And Kim, Brown Blackburn",1
"And Kim, Cox Pearson",1
"And Kim, Kennedy Brennan",1
"And King Anderson, Scott",1
"And King Carter Kaufman,",1
"And King Greene Lang,",1
"And King Herring, Johnson",1
"And King Hicks, Mullins",1
"And King Johnson, Lawrence",1
"And King Jordan Johnson,",1
"And King Miranda, Shelton",1
"And King Olson Thompson,",1
"And King Sanchez, Lee",1
And King Sons,1
"And King Walker Moore,",1
"And King, Burnett Ward",1
"And King, Fuller Chavez",1
"And King, King White",1
"And King, Robinson Valentine",1
"And King, Rodriguez Swanson",1
"And King, Vega Jones",1
"And King, Weeks Cole",1
"And Kirby Ballard Williams,",1
And Kirk Sons,1
"And Kirk Wheeler, Davenport",1
"And Klein Phillips Obrien,",1
"And Klein Thomas, Hatfield",1
"And Klein Thomas, Miller",1
"And Knight Howe Humphrey,",1
"And Knight, Sandoval Black",1
"And Knox Butler Perkins,",1
"And Knox Flores, Christian",1
"And Koch Newton Sanders,",1
And Koch Sons,1
"And Kramer Miller Anderson,",1
And Kramer Sons,1
"And Kramer Ward, White",1
"And Kramer, Diaz Brooks",1
"And Krause Atkinson, Rodgers",1
"And Krause Martin, Bass",1
"And Krause Walters Bird,",1
"And Krueger Chavez, Williams",1
"And Lam Reyes, Smith",1
"And Lam Valentine, Stewart",1
"And Lam, Davis Thompson",1
"And Lamb, Fernandez Gomez",1
"And Lambert Pope, Snow",1
"And Lambert Price Adams,",1
And Lambert Sons,1
"And Lambert White, Vargas",1
"And Lambert Wilson, Cooper",1
"And Landry Trujillo, Neal",1
"And Lane Jones, Hill",1
"And Lane Mills Gomez,",1
"And Lane Monroe Boyd,",1
"And Lane Taylor Fuentes,",1
"And Lane, Sellers Hill",1
"And Lang Frye Bradford,",1
"And Lang Grant, King",1
"And Lang, Brown Jackson",1
"And Lara Collins, Soto",1
"And Lara White, Warren",1
"And Lara, Rivas Wilson",1
"And Larsen, Kelly Ibarra",1
"And Larson Gillespie Lester,",1
"And Larson Moyer Patrick,",1
"And Larson Romero Odom,",1
And Larson Sons,1
"And Larson, Neal Young",1
"And Larson, White Carr",1
"And Lawrence Brown Petty,",1
"And Lawrence Combs Carpenter,",1
"And Lawrence Medina Ellis,",1
"And Lawrence Schwartz, Dennis",1
"And Lawrence, Higgins Anderson",1
"And Lawrence, Reyes Nguyen",1
"And Lawrence, Williams Thomas",1
"And Lawson Garcia, Wilson",1
"And Lawson Meyer Armstrong,",1
And Lawson Sons,1
"And Lawson, Hampton Carpenter",1
"And Le Martin Young,",1
"And Le, Estes Evans",1
"And Le, Jenkins Sawyer",1
"And Leach Bradley Wade,",1
"And Leblanc Jordan, Matthews",1
"And Leblanc Soto, King",1
"And Lee Castillo, Johnson",1
"And Lee Cobb, Haynes",1
"And Lee Farmer Wilcox,",1
"And Lee Harper, Mccoy",1
"And Lee Jones, Coleman",1
"And Lee Lopez, Wells",1
"And Lee Martin Miller,",1
"And Lee Nguyen Gonzalez,",1
"And Lee Peck Alexander,",1
"And Lee Peterson Williams,",1
"And Lee Rodriguez Morris,",1
"And Lee Rodriguez, Dyer",1
"And Lee Schneider, Kelley",1
"And Lee Walter, Anderson",1
"And Lee Wu Mejia,",1
"And Lee Zamora Horton,",1
"And Lee, Berry Johnson",1
"And Lee, Bishop Nelson",1
"And Lee, Diaz Lewis",1
"And Lee, Fletcher Davis",1
"And Lee, Gardner Anderson",1
"And Lee, George Holland",1
"And Lee, Martinez Taylor",1
"And Lee, Ramirez Taylor",1
"And Lee, Scott Miller",1
"And Leon Anderson, Arnold",1
"And Leon Cooper, Smith",1
"And Leon, Casey Walls",1
"And Leonard Brown George,",1
"And Leonard Graham Bryant,",1
And Leonard Sons,1
"And Leonard Valenzuela, Anderson",1
"And Leonard, Fitzgerald Wells",1
"And Lester Griffith, Weiss",1
"And Levine, Rodriguez Boone",1
"And Levy Patterson, Farley",1
And Levy Sons,1
"And Lewis Arnold Davis,",1
"And Lewis Bailey, Pope",1
"And Lewis Blanchard, Mendoza",1
"And Lewis Bush Kelley,",1
"And Lewis Butler York,",1
"And Lewis Cohen, Buck",1
"And Lewis Fischer, Harrell",1
"And Lewis Glass Rios,",1
"And Lewis Hamilton Roach,",1
"And Lewis Hernandez, Harrison",1
"And Lewis Jones Taylor,",1
"And Lewis Miller, Taylor",1
"And Lewis Patel, Kim",1
"And Lewis Rose, Thompson",1
"And Lewis Stanton, Peters",1
"And Lewis Terrell Baker,",1
"And Lewis Thomas Carter,",1
"And Lewis Walker, Butler",1
"And Lewis Wheeler Moon,",1
"And Lewis Wilson Wright,",1
"And Lewis Wright James,",1
"And Lewis Young Hartman,",1
"And Lewis, Booth Burke",1
"And Lewis, Douglas Rodriguez",1
"And Lewis, Edwards Harvey",1
"And Lewis, Griffin Graham",1
"And Lewis, Hardy Cooper",1
"And Lewis, Johnson Townsend",1
"And Lewis, Morgan Foster",1
"And Lewis, Wilson Moody",1
And Lin Sons,1
"And Lin, Friedman Lopez",1
"And Lindsey Alvarado Bailey,",1
"And Lindsey Evans Steele,",1
"And Lindsey Smith, Gay",1
"And Little Fowler Bush,",1
"And Little Hoffman Baker,",1
"And Little Roberts, Watson",1
"And Little Simmons Kelly,",1
"And Little Tanner, Gonzalez",1
"And Little Taylor Stewart,",1
"And Liu Everett Allison,",1
"And Liu Martinez Burnett,",1
"And Liu Turner Richards,",1
"And Liu, Crane Lewis",1
"And Liu, Thompson Mooney",1
"And Liu, Williams Wiggins",1
"And Lloyd Kline Parker,",1
"And Lloyd Mason Johnson,",1
"And Lloyd Wells Smith,",1
"And Logan Mejia Johnson,",1
"And Logan Murray Mathews,",1
"And Long Carr, Johnson",1
"And Long Clark, Carroll",1
"And Long Deleon, Hobbs",1
"And Long Fitzgerald, Huber",1
"And Long Oneill, Knapp",1
"And Long Rush, Robinson",1
"And Long Simmons Clark,",1
"And Long, Bryan Gross",1
"And Long, Green Carroll",1
"And Lopez Alvarez, Bishop",1
"And Lopez Bennett, Ross",1
"And Lopez Cross, Marshall",1
"And Lopez Cummings Harris,",1
"And Lopez Dean, Rowland",1
"And Lopez Deleon Nichols,",1
"And Lopez Edwards, Robinson",1
"And Lopez Fields, Fletcher",1
"And Lopez Gonzalez, Harding",1
"And Lopez Jensen Hernandez,",1
"And Lopez Lee, Schmitt",1
"And Lopez Mann Patterson,",1
"And Lopez Miller, Mccarty",1
"And Lopez Moore Evans,",1
"And Lopez Moreno Mcpherson,",1
"And Lopez Phillips, King",1
"And Lopez Phillips, Mason",1
"And Lopez Phillips, Rodriguez",1
"And Lopez Sanchez, Davies",1
"And Lopez Singleton Boyle,",1
"And Lopez Stevens, Johnson",1
"And Lopez Tyler Vasquez,",1
"And Lopez Villegas French,",1
"And Lopez Wood Hopkins,",1
"And Lopez, Allen Kelly",1
"And Lopez, Archer Miller",1
"And Lopez, Arroyo Thornton",1
"And Lopez, Bowen Barrett",1
"And Lopez, Campbell Cooley",1
"And Lopez, Dyer Lee",1
"And Lopez, Fisher Wall",1
"And Lopez, Moss Robles",1
"And Lopez, Oconnor Perkins",1
"And Lopez, Sullivan Newman",1
"And Lowe Johnson, Yang",1
"And Lozano Carpenter, Erickson",1
"And Lozano Hill Moore,",1
And Lucas Sons,1
"And Lucas, Owens Graves",1
"And Lucas, Wong Fernandez",1
And Lucero Sons,1
"And Lucero Wang Graves,",1
"And Luna Castro, Stevens",1
"And Luna Johnson Chavez,",1
"And Luna Ochoa, Welch",1
"And Luna, Francis Reynolds",1
"And Lutz, Smith White",1
"And Lynch Brown, Stewart",1
"And Lynch Dean Young,",1
"And Lynch Fernandez Curtis,",1
"And Lynch Rodriguez Clark,",1
"And Lynch, Griffin Sanchez",1
"And Lynch, Lewis Turner",1
"And Lynn Hicks Hayes,",1
"And Lyons Young Morton,",1
"And Lyons, Clayton Herman",1
"And Lyons, Johnson Fisher",1
"And Lyons, Perry Davis",1
"And Lyons, Washington Horne",1
"And Macdonald Campbell, Walker",1
"And Mack Davis, Smith",1
"And Mack Williams, Cline",1
"And Mack, Avery Livingston",1
"And Mack, Garrett Grant",1
"And Madden Paul Kim,",1
"And Maddox, Parks Smith",1
"And Mahoney Johnson Vasquez,",1
"And Mahoney Watts, Ellis",1
"And Mahoney, Cabrera Thomas",1
"And Maldonado Davenport, Brown",1
"And Maldonado Mora Gonzalez,",1
"And Maldonado Soto Carpenter,",1
"And Maldonado, Owens Wright",1
"And Malone Holt Lopez,",1
"And Malone Johnson, Moore",1
And Malone Sons,1
"And Mann Ball Guerrero,",1
"And Mann Beltran, Perkins",1
"And Mann Cain, Clark",1
"And Mann Turner, Goodman",1
And Manning Sons,1
"And Manning Stephenson Jenkins,",1
"And Manning Vang, Zamora",1
"And Manning Williams, Warren",1
"And Marks Arnold Alvarez,",1
"And Marks Brown Owens,",1
"And Marquez Silva Smith,",1
"And Marquez, Delacruz Davila",1
"And Marsh Swanson, Castillo",1
"And Marshall Brown Moore,",1
"And Marshall Garcia, Fletcher",1
"And Marshall Harris Marks,",1
"And Marshall Johnson Williams,",1
"And Marshall Kelley Tapia,",1
"And Marshall Townsend, Butler",1
"And Marshall Wilkins, Carlson",1
"And Marshall, Burton Mueller",1
"And Marshall, Carter Gilbert",1
"And Marshall, Dudley Jones",1
"And Marshall, Kennedy Wilkinson",1
"And Marshall, Wood Lee",1
"And Martin Abbott Jackson,",1
"And Martin Anderson, Gibson",1
"And Martin Ferguson, Warner",1
"And Martin Garrett Hall,",1
"And Martin Johnson, Ochoa",1
"And Martin Logan, Case",1
"And Martin Marsh Wall,",1
"And Martin Olson, Hurst",1
"And Martin Rodgers, Delgado",1
"And Martin Rosario, Waller",1
"And Martin Santos Smith,",1
"And Martin Smith Walker,",1
"And Martin Williams Walker,",1
"And Martin Wilson Henderson,",1
"And Martin, Brown Walsh",1
"And Martin, Clark Smith",1
"And Martin, Davidson Cox",1
"And Martin, Jones Moody",1
"And Martin, Jones Zamora",1
"And Martin, Simpson Hall",1
"And Martin, Stone Ferrell",1
"And Martinez Brown, Grant",1
"And Martinez Burton Weaver,",1
"And Martinez Carr Mullins,",1
"And Martinez Gibson, Sanders",1
"And Martinez Johnson Michael,",1
"And Martinez Jones Bates,",1
"And Martinez Little Campbell,",1
"And Martinez Logan, Andrade",1
"And Martinez Nguyen, Velez",1
"And Martinez Padilla, Barnett",1
"And Martinez Perkins Gibson,",1
"And Martinez Reyes, Rhodes",1
"And Martinez Rivera Lang,",1
"And Martinez Skinner Good,",1
"And Martinez Stevenson, Montoya",1
"And Martinez Sullivan, Ward",1
"And Martinez Wright, Kline",1
"And Martinez, Brown Trevino",1
"And Martinez, Davis Luna",1
"And Martinez, Decker Mccarthy",1
"And Martinez, Flores Rasmussen",1
"And Martinez, Jennings Pearson",1
"And Martinez, Mckinney Winters",1
"And Martinez, Shaw Abbott",1
"And Mason Hampton Kidd,",1
"And Mason Robles Perez,",1
"And Mason Smith Chase,",1
And Mason Sons,1
"And Mason Stewart Gardner,",1
"And Mason, Conway Scott",1
"And Mason, Lam Roy",1
"And Massey Grant, Vega",1
"And Massey May Lopez,",1
"And Massey Pitts Lang,",1
"And Massey, Shaffer Simmons",1
"And Mata Glenn, Smith",1
"And Mathews, Williams Mcdowell",1
"And Mathis, Chen Nash",1
"And Mathis, Garcia Bell",1
"And Mathis, Leach Davis",1
"And Mathis, Lewis Hudson",1
And Matthews Sons,1
"And Matthews Stone, Oconnor",1
"And Matthews, Mcguire Williams",1
"And Matthews, Wright Lambert",1
"And Maxwell Elliott Moore,",1
"And Maxwell Herring, Chapman",1
"And Maxwell Vega, Ferguson",1
"And Maxwell, Alvarez Turner",1
"And Maxwell, Barton Jones",1
"And May Chavez Collins,",1
"And May Cox, Miller",1
"And May Douglas, Perry",1
"And May Lewis Cook,",1
And May Sons,1
"And May, Evans Murillo",1
"And May, Olson Wright",1
"And Mayer Chavez Cooper,",1
"And Maynard Anderson Bender,",1
"And Maynard, Edwards Adams",1
"And Mayo Chen, Murray",1
"And Mayo Griffin, Franklin",1
"And Mayo Thomas, Schneider",1
"And Mayo, Juarez Wade",1
"And Mays Johnson Daugherty,",1
And Mays Sons,1
"And Mays, Conner Gibson",1
"And Mcbride Thompson Carter,",1
"And Mccann Hess Jones,",1
"And Mccann Snow, Fisher",1
"And Mccarthy Hernandez House,",1
"And Mccarty Mata Lewis,",1
"And Mccarty, Boyle Webster",1
"And Mcclain Jones, Case",1
"And Mcclain, Ramos Salas",1
"And Mcclain, Vasquez Villanueva",1
"And Mcclain, Williams Davis",1
"And Mcclure White Boone,",1
"And Mcconnell Thomas Bennett,",1
"And Mcconnell, Johnson Kim",1
"And Mccormick Nelson, Parker",1
And Mccormick Sons,1
"And Mccormick, Green Wallace",1
"And Mccormick, Lucas Lowery",1
And Mccoy Sons,1
"And Mccoy, Brooks Rivera",1
"And Mccoy, Wyatt Williams",1
"And Mcdaniel Swanson Carter,",1
"And Mcdaniel, Levy Webb",1
"And Mcdonald Bridges, Turner",1
"And Mcdonald King Dunn,",1
"And Mcdonald Miller Hernandez,",1
"And Mcdonald Patterson Patel,",1
"And Mcdonald Taylor, Pitts",1
"And Mcdonald Williams Bentley,",1
"And Mcdonald, Clark Martin",1
"And Mcdowell, Cook Green",1
"And Mcfarland Baker Wright,",1
And Mcgee Sons,1
"And Mcgee Sullivan Green,",1
"And Mcgrath Rice Wilson,",1
"And Mcgrath Zamora, Parker",1
"And Mcguire Gallegos, Martinez",1
"And Mcguire Smith, Smith",1
And Mcguire Sons,1
"And Mcguire Thomas, Martinez",1
And Mcintosh Sons,1
"And Mcintosh Stone, Serrano",1
"And Mcintyre Alexander Graham,",1
"And Mcintyre Russell, Tucker",1
"And Mckay Norris Wall,",1
"And Mckay, Morrow Myers",1
And Mckee Sons,1
"And Mckenzie Frazier, Paul",1
"And Mckenzie Mullen Moore,",1
"And Mckenzie, Rodriguez Crawford",1
"And Mckinney Herring, Hodges",1
"And Mckinney, Ruiz Evans",1
"And Mcknight Robinson, Castro",1
"And Mcknight, Wilson Acevedo",1
"And Mclaughlin Cruz Schmidt,",1
"And Mclaughlin Johnson Baker,",1
"And Mclaughlin Martin Morrow,",1
"And Mclaughlin Powers Stevens,",1
"And Mclean Brown, Martinez",1
"And Mclean White Wilson,",1
And Mcmahon Sons,1
And Mcneil Sons,1
"And Mcpherson Butler, Robinson",1
"And Mcpherson Hinton Koch,",1
"And Mcpherson, Reyes Davis",1
"And Meadows Watkins Lyons,",1
"And Meadows, Thomas Vaughn",1
"And Medina Anderson, Brown",1
"And Medina Morgan, Whitehead",1
"And Medina Rhodes, Griffin",1
"And Medina, Martinez Sanchez",1
"And Mejia Johnson Clark,",1
"And Mejia Vincent Young,",1
"And Melendez Franco Mcclure,",1
And Melendez Sons,1
"And Melton English West,",1
"And Melton, Evans Foley",1
"And Melton, Lee Williams",1
"And Mendez Brown Reed,",1
And Mendez Sons,1
"And Mendoza Banks, Moore",1
"And Mendoza Clarke Tucker,",1
"And Mendoza Mathews, Holloway",1
"And Mendoza Mcclain, Steele",1
"And Mendoza Rich Morales,",1
And Mendoza Sons,1
"And Mendoza, Keith Johnson",1
"And Mendoza, Taylor Joseph",1
"And Mendoza, Thomas Little",1
"And Merritt Lowe Martin,",1
"And Merritt Shannon Duncan,",1
"And Merritt Turner, Sanders",1
"And Meyer Lewis Davis,",1
"And Meyer Mcintyre, Gardner",1
"And Meyer Salazar Harrison,",1
"And Meyer, Clark Contreras",1
"And Meyer, Snow Atkinson",1
"And Meyers, Curtis Bowers",1
"And Meyers, Gonzalez Green",1
"And Meyers, Mckinney Reed",1
"And Meza, King Green",1
"And Michael, Rogers Smith",1
"And Michael, Wagner Clarke",1
"And Miles King, Hancock",1
"And Miles, Lyons Foster",1
"And Miller Braun Benjamin,",1
"And Miller Brown Peters,",1
"And Miller Brown, Cannon",1
"And Miller Clark Evans,",1
"And Miller Collins Greene,",1
"And Miller Davis Luna,",1
"And Miller Davis, Oconnor",1
"And Miller Dyer Black,",1
"And Miller Franklin, Marshall",1
"And Miller Gill Davenport,",1
"And Miller Gonzales Estrada,",1
"And Miller Hamilton Woodard,",1
"And Miller Hammond, Hill",1
"And Miller Hancock, Contreras",1
"And Miller Jacobs, Miller",1
"And Miller Lewis Rodriguez,",1
"And Miller Maynard, King",1
"And Miller Montoya, Small",1
"And Miller Morris, Young",1
"And Miller Pierce, Morales",1
"And Miller Prince Rodriguez,",1
"And Miller Pugh, Cervantes",1
"And Miller Reed Jacobs,",1
"And Miller Scott, Williams",1
"And Miller Thomas, Lucero",1
"And Miller Velazquez Lambert,",1
"And Miller Williams, Phillips",1
"And Miller, Bass Morris",1
"And Miller, Berry Hall",1
"And Miller, Calhoun Riley",1
"And Miller, Chavez Meyers",1
"And Miller, Ford Williams",1
"And Miller, Golden Gibbs",1
"And Miller, Gonzales Rodriguez",1
"And Miller, Gonzalez Hall",1
"And Miller, Griffith Ochoa",1
"And Miller, Guzman Jones",1
"And Miller, Johnson Hays",1
"And Miller, Murphy Taylor",1
"And Miller, Olson Olson",1
"And Miller, Patton Hartman",1
"And Miller, Porter Mason",1
"And Miller, Reed Thompson",1
"And Miller, Smith Wall",1
"And Miller, Stewart Palmer",1
"And Miller, Vega Jones",1
"And Miller, Wallace Lucas",1
"And Mills Brooks Trujillo,",1
"And Mills Hall, Arnold",1
"And Mills, Williams Elliott",1
"And Miranda Kane Fuentes,",1
"And Miranda Pacheco Whitehead,",1
"And Miranda Pacheco, Drake",1
"And Miranda Smith Reese,",1
"And Mitchell Clayton, White",1
"And Mitchell Dean Coleman,",1
"And Mitchell Hayes Jones,",1
"And Mitchell Johnson, Brown",1
"And Mitchell Kelly, Walker",1
"And Mitchell Nelson, Levy",1
"And Mitchell Scott Cruz,",1
"And Mitchell Snyder Miller,",1
And Mitchell Sons,1
"And Mitchell White Mendez,",1
"And Mitchell, Alvarez Wilson",1
"And Mitchell, Elliott Ali",1
"And Mitchell, Kirby Hayes",1
"And Mitchell, Lopez Nunez",1
"And Mitchell, Miller Warner",1
"And Mitchell, Ryan Ramirez",1
"And Mitchell, Yang Garner",1
"And Molina Cameron Evans,",1
"And Molina Foley Valdez,",1
"And Molina Hernandez, Rhodes",1
"And Molina Mcguire Watson,",1
And Molina Sons,1
"And Molina, Gilmore Sims",1
"And Monroe Bartlett, Lawson",1
And Monroe Sons,1
"And Monroe, Murphy Deleon",1
"And Montes Graves, Thomas",1
"And Montes Marshall Valdez,",1
"And Montgomery Day Pierce,",1
"And Montgomery Travis Maxwell,",1
"And Montgomery, Gonzalez Montgomery",1
"And Montoya Flores, Boyer",1
"And Montoya Taylor Barnett,",1
"And Montoya, Walters Williams",1
"And Moody Ferguson Baldwin,",1
"And Moody Jones, Carney",1
"And Moody Landry, Miller",1
And Moody Sons,1
"And Moody, Cochran Alexander",1
"And Moody, Lowe Rivera",1
"And Moody, Smith Flores",1
"And Moon, Moss Ray",1
"And Moore Anderson, Hardin",1
"And Moore Baker Lee,",1
"And Moore Cox, Duffy",1
"And Moore Elliott, Bush",1
"And Moore Galloway Moss,",1
"And Moore Hansen, Pena",1
"And Moore Hughes, White",1
"And Moore Hunt Mccullough,",1
"And Moore Hunter, Jenkins",1
"And Moore Jackson, Rojas",1
"And Moore Keller Zimmerman,",1
"And Moore Manning Adkins,",1
"And Moore Martinez Owens,",1
"And Moore Osborne, Hanson",1
"And Moore Park Smith,",1
"And Moore Rodriguez Jensen,",1
"And Moore Rollins, Martin",1
"And Moore Tate, Hooper",1
"And Moore Tyler, Robertson",1
"And Moore Wiggins, Rubio",1
"And Moore Williams Moore,",1
"And Moore, Ballard Johnson",1
"And Moore, Cunningham Clayton",1
"And Moore, Davis Olson",1
"And Moore, Hunt Allen",1
"And Moore, Johnson Curry",1
"And Moore, Larson Moore",1
"And Moore, Logan Patel",1
"And Moore, Lucas Harris",1
"And Moore, Murphy Murphy",1
"And Moore, Price White",1
"And Moore, Spence Miller",1
"And Moore, Williams Edwards",1
"And Mora Galloway Aguirre,",1
"And Mora, Edwards Skinner",1
"And Morales Castillo, Gonzalez",1
"And Morales Jennings Cook,",1
"And Morales Mcdowell, Mccarthy",1
"And Morales Noble Walton,",1
"And Morales Palmer Thompson,",1
"And Morales Wright Travis,",1
"And Morales, Davis Gross",1
"And Morales, Johnson Davidson",1
"And Morales, Olson Norris",1
"And Morales, Romero Rhodes",1
"And Moran, Wallace Quinn",1
"And Moreno Crosby Young,",1
"And Moreno Fields Sutton,",1
And Moreno Sons,1
"And Morgan Johnson, Williams",1
"And Morgan Jones, Matthews",1
"And Morgan Oconnor, Olson",1
"And Morgan Sims Harris,",1
"And Morgan Williams Wilson,",1
"And Morgan, Anderson Atkins",1
"And Morgan, Holmes Hamilton",1
"And Morgan, Rowland Herman",1
"And Morgan, Scott Martinez",1
"And Morgan, Smith Patterson",1
"And Morris Anderson, Prince",1
"And Morris Bonilla, Ross",1
"And Morris Davis, Soto",1
"And Morris Mullins, Hernandez",1
"And Morris Smith Wall,",1
"And Morris Spence Gonzalez,",1
"And Morris Wallace Duncan,",1
"And Morris, Baker Rodgers",1
"And Morris, Hoffman Clarke",1
"And Morris, Kim Nelson",1
"And Morrison Christensen, Kent",1
"And Morrison Gomez Gonzalez,",1
"And Morrison Ho Woods,",1
"And Morrison Lang Foley,",1
"And Morrison Wright, Mcfarland",1
"And Morrison, Stewart Conley",1
"And Morrow, Jennings Fisher",1
"And Morse King Combs,",1
"And Morse May Vance,",1
"And Morton, Thompson Wilson",1
"And Moses Mccall Acosta,",1
"And Mosley Williams Cameron,",1
"And Mosley, Bennett Fletcher",1
"And Mosley, Williams Russell",1
"And Moss Garcia, Williams",1
"And Moyer Holden Bishop,",1
"And Moyer Powell, Padilla",1
"And Moyer, Robinson Henry",1
"And Mueller Thompson, Abbott",1
"And Mueller, Griffin Casey",1
"And Mullen Jackson Sanders,",1
"And Mullins Burns, Fry",1
"And Munoz Choi, Owen",1
"And Munoz Foster, Bird",1
"And Munoz Perry, Burns",1
"And Munoz Woods, Gordon",1
"And Munoz, Stevens Adkins",1
"And Munoz, Washington Ho",1
"And Murphy Doyle, Johnson",1
"And Murphy Garcia Scott,",1
"And Murphy Nguyen, Davis",1
"And Murphy Phillips Cunningham,",1
"And Murphy Williams, Reyes",1
"And Murphy, Elliott Mccarty",1
"And Murphy, Nguyen George",1
"And Murphy, Reed Stevens",1
"And Murray Clark, Bradley",1
"And Murray Greene Wolfe,",1
"And Murray Huang, Wilson",1
"And Murray Jackson Reyes,",1
"And Murray Parrish, Jones",1
And Murray Sons,1
"And Murray Williams, Sellers",1
"And Myers Blanchard Walker,",1
"And Myers Collins, Griffin",1
"And Myers Crawford Scott,",1
"And Myers Hernandez, Moore",1
"And Myers Jimenez, Gray",1
"And Myers Johnson Cummings,",1
"And Myers Jones, Lee",1
"And Myers Martin Glover,",1
"And Myers Murray Alvarez,",1
"And Myers Robbins, Frank",1
And Myers Sons,1
"And Myers Thomas, Burns",1
"And Myers Turner, Garcia",1
"And Myers, Lopez Perkins",1
"And Myers, Smith Miller",1
"And Myers, Vargas Sharp",1
"And Navarro Dean Scott,",1
"And Navarro, Santana Young",1
"And Neal Barrett, Bailey",1
"And Neal Bowen, Snyder",1
"And Neal Vargas, Welch",1
"And Neal, Cook Garcia",1
"And Neal, Jones White",1
"And Nelson Blake, Gutierrez",1
"And Nelson Cox Hoover,",1
"And Nelson Franklin Hale,",1
"And Nelson Graves, Clay",1
"And Nelson Jacobs Johnson,",1
"And Nelson Mcdonald, Cooper",1
"And Nelson Parker Williams,",1
"And Nelson Price, Parker",1
"And Nelson Rice, Hamilton",1
"And Nelson Robinson, Tanner",1
"And Nelson Taylor, Gordon",1
"And Nelson, Cain Salazar",1
"And Nelson, Cantrell Herman",1
"And Nelson, Graves Flowers",1
"And Nelson, Mitchell Powers",1
"And Nelson, Montgomery Murphy",1
"And Newman Cruz Hayes,",1
"And Newman Perez Cunningham,",1
And Newman Sons,1
"And Newman, James Edwards",1
"And Newton Campbell Sullivan,",1
"And Newton, Cook Moreno",1
"And Newton, Ramirez Smith",1
"And Nguyen Boyer Davis,",1
"And Nguyen Monroe Lang,",1
"And Nguyen Morris, Carter",1
"And Nguyen Ortega Harris,",1
"And Nguyen Rodriguez, Elliott",1
"And Nguyen Salazar Johnson,",1
"And Nguyen Williams, Watson",1
"And Nguyen, Garner Johnson",1
"And Nguyen, Nguyen Frank",1
"And Nguyen, Santiago Richardson",1
"And Nguyen, Williams Holmes",1
"And Nichols, Carlson Bridges",1
"And Nichols, Henry Clark",1
"And Nichols, Zuniga White",1
"And Nicholson Ellis Moreno,",1
"And Nicholson Olson, Reed",1
"And Nicholson, Payne Richmond",1
"And Nixon, Kerr Henderson",1
"And Noble Williams Gonzalez,",1
And Nolan Sons,1
"And Nolan Wilson Mitchell,",1
"And Norris Hill, Sanders",1
"And Norris Jackson Zimmerman,",1
"And Norris Wilson Shah,",1
"And Norris, Duncan Marshall",1
"And Norris, Fuller Gray",1
"And Norris, Reyes Ramirez",1
"And Norton Simon, Wolf",1
And Norton Sons,1
"And Novak Lee Fernandez,",1
"And Nunez Dixon Gonzalez,",1
"And Nunez Watson, Brown",1
"And Nunez, Knapp Diaz",1
"And Obrien Cuevas, Rogers",1
"And Obrien Estrada Douglas,",1
"And Obrien Huynh Mason,",1
"And Obrien Moore, Mccann",1
And Obrien Sons,1
"And Obrien, Tucker Andrews",1
"And Ochoa Brown Patterson,",1
"And Ochoa Collins Hawkins,",1
And Ochoa Sons,1
"And Ochoa Weaver Moore,",1
"And Ochoa Wright Brown,",1
"And Oconnor Martin Wilson,",1
And Odom Sons,1
"And Odonnell Williams Blake,",1
"And Odonnell, Jordan Bryant",1
"And Oliver Acevedo, Livingston",1
"And Oliver Lewis, Smith",1
"And Oliver Mcknight, Houston",1
And Oliver Sons,1
"And Oliver Stevenson, Hill",1
"And Oliver Warren, Trujillo",1
"And Olsen Hinton, Mccoy",1
"And Olsen Wiggins, Collins",1
"And Olson Decker Blair,",1
"And Olson Edwards Davis,",1
"And Olson Moore Simpson,",1
"And Olson Morton, Alvarez",1
And Olson Sons,1
"And Olson Williams, Harris",1
"And Olson, Daniel Lyons",1
"And Olson, Nguyen Rodriguez",1
"And Olson, Williams Keller",1
"And Oneal Harding Jones,",1
"And Oneal Turner, Ross",1
"And Oneill Lee Martinez,",1
"And Oneill, Smith Herrera",1
"And Orozco Greene, Decker",1
"And Orozco Henry Harris,",1
"And Orr Moss Alvarez,",1
"And Orr, Aguirre Bryant",1
"And Ortega Harrell Thomas,",1
"And Ortega Scott, Smith",1
"And Ortega, Andrade Tran",1
"And Ortiz Fields Coleman,",1
"And Ortiz Jordan Thomas,",1
"And Ortiz Mathews James,",1
"And Ortiz Miller, Stevens",1
"And Ortiz Murphy Dodson,",1
"And Ortiz Ortiz, James",1
"And Ortiz Schneider Alvarez,",1
"And Ortiz Thomas Perez,",1
"And Ortiz, Riggs Garcia",1
"And Osborn, Werner Hunter",1
"And Osborne Allen Wagner,",1
"And Osborne Hicks Farmer,",1
"And Osborne Lopez, Castillo",1
"And Osborne Scott Lee,",1
And Osborne Sons,1
"And Osborne, Garcia Mckinney",1
"And Owen Cortez Scott,",1
"And Owen White Gonzalez,",1
"And Owens Bailey Rivera,",1
"And Owens Byrd Turner,",1
"And Owens Clements, Cross",1
"And Owens Harris Murray,",1
"And Owens Smith Johnson,",1
And Owens Sons,1
"And Owens Taylor Brady,",1
"And Owens Tran Trujillo,",1
"And Owens, Hansen Allen",1
"And Owens, Vaughn Hernandez",1
"And Pace Johnson, Arnold",1
"And Pace, Gamble Lyons",1
"And Pacheco Adams, Taylor",1
"And Pacheco Barker, Turner",1
"And Pacheco Wilkins, Lee",1
"And Padilla Clark Harris,",1
"And Padilla Johnson Nguyen,",1
"And Palmer Carter Robinson,",1
"And Palmer Castro, Cabrera",1
"And Palmer Cisneros, Hernandez",1
"And Palmer Miller, Morris",1
"And Palmer Schaefer, Sullivan",1
"And Palmer Underwood, Smith",1
"And Palmer, Freeman Manning",1
"And Palmer, Gilmore Camacho",1
"And Park Burke, Weber",1
"And Park Nelson Decker,",1
"And Park, Garcia Lam",1
"And Parker Austin, Perez",1
"And Parker Harris, Fitzgerald",1
"And Parker Hill, Price",1
"And Parker Jackson Gilbert,",1
"And Parker Manning, Webb",1
"And Parker Mccann Jackson,",1
And Parker Sons,1
"And Parker Walsh Marquez,",1
"And Parker Wright, Miles",1
"And Parker, Giles Moses",1
"And Parker, Holt Winters",1
"And Parker, Juarez Ochoa",1
"And Parker, Osborne Myers",1
"And Parker, Stout Chase",1
"And Parker, Wells Burton",1
"And Parks Choi Drake,",1
"And Parks Ortiz, Velasquez",1
And Parks Sons,1
"And Parks, Massey Clark",1
"And Parsons Allison Johns,",1
"And Parsons Williams, Russell",1
"And Parsons, Chandler Dalton",1
"And Parsons, Moore Lee",1
"And Patel Barnes, Goodwin",1
"And Patel Owens Dominguez,",1
"And Patel Russo Foster,",1
"And Patel, Richards Ingram",1
"And Patel, Sanchez Kennedy",1
"And Patel, Williams Taylor",1
"And Patrick Moore Morrow,",1
"And Patrick Stanley, Lloyd",1
"And Patrick Wright Munoz,",1
"And Patrick, Solis Jones",1
"And Patterson Baker Swanson,",1
"And Patterson Cortez, Ryan",1
"And Patterson Kidd Kennedy,",1
"And Patterson Newton Espinoza,",1
And Patterson Sons,1
"And Patterson Taylor, Gomez",1
"And Patterson, Benson Potter",1
"And Patterson, Chen Alexander",1
"And Patterson, Lam Coleman",1
"And Patterson, Martinez Arellano",1
"And Patterson, Mckinney Schmidt",1
"And Patton Patterson, Gonzalez",1
"And Patton Ramirez, Blair",1
"And Patton, Henry Thomas",1
"And Paul Frederick, Johnson",1
"And Paul King Mora,",1
"And Paul, Harris Sparks",1
"And Payne Ayers, Clay",1
"And Payne Brock, Navarro",1
"And Payne Coleman Fox,",1
"And Payne Graves Torres,",1
"And Payne Hall, Miller",1
"And Payne Sanford, Sanchez",1
"And Payne Vincent Davis,",1
"And Payne, Robertson Murphy",1
"And Payne, Stewart Davis",1
"And Pearson Chan, Martin",1
"And Pearson Mullins, Kennedy",1
"And Pearson Sexton, Rodriguez",1
"And Peck Braun Simmons,",1
"And Peck, Bell Peters",1
"And Pena Hale, Anderson",1
"And Pena Pierce Salazar,",1
"And Pena Rivera Henderson,",1
"And Pena, Olson Rodriguez",1
"And Pennington Carter, Lewis",1
"And Pennington Clark, Lyons",1
"And Pennington, Bender Morrison",1
"And Pennington, Sweeney Lin",1
"And Perez Barber Rogers,",1
"And Perez Bell, Wood",1
"And Perez Hale Knapp,",1
"And Perez Johnson Horn,",1
"And Perez Johnson, Alexander",1
"And Perez Johnson, Foster",1
"And Perez Mckinney, Torres",1
"And Perez Moore Hunt,",1
"And Perez Pacheco, Smith",1
"And Perez Phillips Brown,",1
"And Perez Rodriguez, Potts",1
"And Perez Smith, Kim",1
"And Perez Wong Williams,",1
"And Perez, Bennett Townsend",1
"And Perez, Bradford Evans",1
"And Perez, Graham Herrera",1
"And Perez, Harrison Mason",1
"And Perez, Hernandez Gonzalez",1
"And Perez, Morales Solomon",1
"And Perez, Snyder Smith",1
"And Perkins Collins, Davis",1
"And Perkins Johnson, Bryant",1
And Perkins Sons,1
"And Perkins, Bell Carrillo",1
"And Perkins, Johnson Burke",1
"And Perkins, Long Herring",1
"And Perry Boyd Williams,",1
"And Perry Lambert Mcdaniel,",1
"And Perry Leach, Alexander",1
"And Perry Simpson Conner,",1
"And Perry, Park Mclean",1
"And Perry, Wilson Bowen",1
"And Peters May, Mitchell",1
"And Peters Nguyen, Lewis",1
"And Peters, Mills Diaz",1
"And Peters, Rivera Valdez",1
"And Petersen Ramsey Walters,",1
"And Petersen Ward Jenkins,",1
"And Peterson Christian Clark,",1
"And Peterson Clark, Huynh",1
"And Peterson Fisher, Fleming",1
"And Peterson Jimenez, Ortiz",1
"And Peterson Kent Anthony,",1
"And Peterson Matthews Robinson,",1
"And Peterson Rodriguez, Daniel",1
"And Peterson, Price Schmitt",1
"And Peterson, Rodriguez Murphy",1
"And Peterson, Taylor Bridges",1
"And Petty Smith, Oneill",1
"And Pham Castro Johnson,",1
"And Pham Hill, Duncan",1
"And Pham Sanchez, Johnson",1
"And Pham, Delgado Walker",1
"And Phelps Burke Fields,",1
"And Phelps Miller Buchanan,",1
"And Phillips Cooper Clay,",1
"And Phillips Davis Harris,",1
"And Phillips Floyd, Jackson",1
"And Phillips Ingram Peters,",1
"And Phillips Mckay, Reynolds",1
"And Phillips Moran, Mcdonald",1
"And Phillips Peterson Hicks,",1
"And Phillips Robinson, Smith",1
"And Phillips Rodriguez Golden,",1
"And Phillips Thomas Herrera,",1
"And Phillips Thomas Richardson,",1
"And Phillips Wells, Williamson",1
"And Phillips, Collins Doyle",1
"And Phillips, Johnson Ayers",1
"And Phillips, Miller Wheeler",1
"And Phillips, Pugh Bradford",1
"And Phillips, Rivera Pitts",1
"And Pierce Drake, Hoffman",1
"And Pierce Johnson, Williams",1
"And Pierce Woods Hall,",1
"And Pineda Allen, Jackson",1
"And Pineda Jennings, White",1
"And Pittman Park, Rice",1
"And Pittman Thomas, Stein",1
"And Pitts Garrison Johnston,",1
"And Pitts Odom, Jones",1
"And Pollard Drake, Gutierrez",1
"And Poole Hernandez Pitts,",1
"And Poole Mercado, Frazier",1
And Pope Sons,1
"And Pope Weber, Stewart",1
"And Pope, Weeks Patterson",1
"And Porter Davis Floyd,",1
And Porter Sons,1
"And Porter Turner, Hill",1
"And Porter Warner, Buchanan",1
"And Porter, Hanson Byrd",1
"And Potter Miller Daniel,",1
"And Potts Herman Anderson,",1
"And Potts Wagner Gonzalez,",1
"And Powell Liu Kelly,",1
"And Powell Ortega Mitchell,",1
"And Powell, Fields Evans",1
"And Powell, Gates Gray",1
"And Powell, Jackson Brown",1
"And Powell, Leon Ellison",1
"And Powers Benitez, Hogan",1
"And Powers Wilson Fernandez,",1
"And Pratt Brown Thomas,",1
"And Pratt Rogers Weber,",1
"And Pratt Turner, Roth",1
"And Pratt, Boyd Zamora",1
"And Pratt, Sanchez Rodriguez",1
"And Preston Ayala, Floyd",1
"And Preston, Wallace Berger",1
"And Price Barnes, Smith",1
"And Price Combs Horton,",1
"And Price Peters, Sims",1
"And Price, Patel Khan",1
"And Price, Stanley Morrow",1
"And Price, Summers Brown",1
"And Price, Thompson Bennett",1
And Prince Sons,1
"And Prince, Moody Perez",1
"And Prince, Spencer Jennings",1
"And Proctor Jones, James",1
"And Proctor Melendez, Ho",1
"And Proctor, Jimenez Miles",1
"And Pruitt Gonzales Perez,",1
"And Pruitt Pineda Sanchez,",1
"And Quinn Grimes, Barnes",1
"And Quinn Macias, Vazquez",1
"And Quinn Robinson, Warner",1
"And Ramirez Chan Oliver,",1
"And Ramirez Cole Murray,",1
"And Ramirez Duncan Johnson,",1
"And Ramirez Figueroa May,",1
"And Ramirez Frazier Hernandez,",1
"And Ramirez Johnson, Day",1
"And Ramirez Leach Davis,",1
"And Ramirez Murray Stone,",1
"And Ramirez Richards, Lyons",1
"And Ramirez Robinson, Parsons",1
"And Ramirez Sampson, Cobb",1
And Ramirez Sons,1
"And Ramirez Thompson Haynes,",1
"And Ramirez Williams, Harper",1
"And Ramirez Wilson Wolfe,",1
"And Ramirez, May Golden",1
"And Ramirez, Stewart Carter",1
"And Ramirez, Thompson Mckinney",1
"And Ramos Beck Solomon,",1
"And Ramos Brown Edwards,",1
"And Ramos Sawyer, Vasquez",1
"And Ramos Smith Vaughn,",1
And Ramos Sons,1
And Ramsey Sons,1
"And Ramsey Wong, Cox",1
"And Ramsey, Cherry Johnson",1
"And Randall Martinez, Luna",1
"And Randall Patel Smith,",1
"And Rangel Gonzalez Turner,",1
"And Rangel Rodriguez, Johnson",1
"And Rangel Scott Garza,",1
"And Rangel Scott, Lowe",1
"And Rasmussen King Davis,",1
"And Ray Porter, Coleman",1
"And Ray Williams, Jimenez",1
"And Ray Wood Barrett,",1
"And Ray, Phillips Macias",1
"And Reed Brooks Sanchez,",1
"And Reed Davis, Rodriguez",1
"And Reed Dunlap, Wright",1
"And Reed Flores, George",1
"And Reed Francis, Rodriguez",1
"And Reed Frye Mata,",1
And Reed Sons,1
"And Reed Stewart Sexton,",1
"And Reed Williams, Hernandez",1
"And Reese Hunt, Reeves",1
"And Reese Sloan, Cole",1
"And Reese, Hansen Hart",1
"And Reeves Adkins, King",1
"And Reeves Hess Miller,",1
"And Reeves Jones Conway,",1
"And Reeves Klein, Smith",1
And Reeves Sons,1
"And Reeves, Rosales Hernandez",1
"And Reid Dominguez, Baker",1
"And Reid Holloway Bender,",1
"And Reid Keith, Blackwell",1
"And Reid Levy, Reilly",1
"And Reid, Johnson Dean",1
"And Reid, Williams Hernandez",1
"And Reilly, Palmer Price",1
"And Reyes Gonzalez Richardson,",1
"And Reyes Haley Petersen,",1
"And Reyes Phillips, Miller",1
And Reyes Sons,1
"And Reyes Stephens, Anderson",1
"And Reyes, Williams Soto",1
"And Reynolds Combs, Cabrera",1
"And Reynolds Lewis, Smith",1
"And Reynolds Lynch Waller,",1
"And Reynolds Miller Clayton,",1
"And Reynolds Moore Martin,",1
"And Reynolds Potter, Ryan",1
"And Reynolds, Barnes Martinez",1
"And Reynolds, Patrick Ray",1
"And Reynolds, Pope King",1
"And Rhodes Sutton Hudson,",1
"And Rhodes Trujillo, Booth",1
"And Rhodes Williams, Davis",1
"And Rhodes, Johnston West",1
"And Rhodes, Olson Farley",1
"And Rice Gonzalez White,",1
"And Rice Wheeler, Jennings",1
"And Rice, Thomas Hoffman",1
"And Rich Warner, Martin",1
"And Rich Washington, Mcguire",1
"And Richard White, Sullivan",1
"And Richards Aguilar Moody,",1
"And Richards Barrera, Olson",1
"And Richards Huynh, Anderson",1
"And Richards Lewis, Hunt",1
"And Richards Mueller Brown,",1
"And Richards Paul, Fitzpatrick",1
"And Richards Pena Best,",1
"And Richards Ramirez Chavez,",1
And Richards Sons,1
"And Richards Todd Wright,",1
"And Richards, Roach Vaughan",1
"And Richards, Smith Brown",1
"And Richards, Torres Simon",1
"And Richardson Cobb Miller,",1
"And Richardson Curtis Moore,",1
"And Richardson Hart Larson,",1
"And Richardson Kline Kemp,",1
"And Richardson Lang, Harper",1
"And Richardson Pennington Evans,",1
"And Richardson Smith Gibson,",1
"And Richardson Webster Smith,",1
"And Richardson, Allen Webb",1
"And Richardson, Coleman Bauer",1
"And Richardson, Gomez Reynolds",1
"And Richardson, Johnson Ellison",1
"And Richmond Burton, Navarro",1
"And Riddle Lowe Lawson,",1
"And Riddle Warren Ford,",1
"And Riley Anderson, Smith",1
"And Riley Calderon, Hill",1
"And Riley Compton, Morris",1
"And Riley Myers Day,",1
"And Rios, Jones Wilson",1
"And Rios, Stout Moran",1
"And Ritter, Lozano Johnson",1
"And Rivas James Davis,",1
"And Rivas, Guerrero Wright",1
"And Rivas, Trujillo Watts",1
"And Rivera Arnold Snyder,",1
"And Rivera Barnes Bradshaw,",1
"And Rivera Coleman, Friedman",1
"And Rivera Hardy Massey,",1
"And Rivera Hudson Myers,",1
"And Rivera Hudson, Rowe",1
"And Rivera Hunt, Hill",1
"And Rivera Leonard, Robinson",1
"And Rivera Mccoy Foley,",1
"And Rivera Mosley Torres,",1
"And Rivera, Allen Weeks",1
"And Rivera, Barnett Sharp",1
"And Rivera, Jackson Ewing",1
"And Rivera, Mccoy Rivera",1
"And Rivera, Ramos Rivers",1
"And Rivera, White Manning",1
"And Rivers, Rivas Medina",1
"And Roach Paul, Grant",1
"And Robbins Callahan, Landry",1
"And Robbins Clark, Armstrong",1
"And Robbins Martinez Schwartz,",1
"And Robbins Mooney Powers,",1
And Robbins Sons,1
"And Robbins Williams, Ramirez",1
"And Robbins Wood Brown,",1
"And Robbins, Baker Smith",1
"And Roberson Brooks, Thompson",1
"And Roberson Lee Young,",1
"And Roberson Lewis, Brown",1
"And Roberts Cook Reilly,",1
"And Roberts Jackson, Adkins",1
"And Roberts Jones, Evans",1
"And Roberts Maldonado, Taylor",1
"And Roberts Martinez, Ramirez",1
"And Roberts Rivera Murillo,",1
"And Roberts Roberts, Wright",1
And Roberts Sons,1
"And Roberts, Deleon Nash",1
"And Roberts, Gutierrez Wilkinson",1
"And Roberts, Thomas Davis",1
"And Roberts, Williams Smith",1
"And Robertson Armstrong Pittman,",1
"And Robertson Hernandez, Bridges",1
"And Robertson Moore Nelson,",1
And Robertson Sons,1
"And Robertson Wagner Moss,",1
"And Robertson Young, Peterson",1
"And Robinson Clark Davenport,",1
"And Robinson Clay Ferguson,",1
"And Robinson Davis, Schmitt",1
"And Robinson Fitzgerald, Bryant",1
"And Robinson Gray, Maldonado",1
"And Robinson Jones Harris,",1
"And Robinson Roberts Perkins,",1
"And Robinson Roth Evans,",1
"And Robinson Sanders Perkins,",1
"And Robinson Santiago George,",1
"And Robinson Santos Lewis,",1
"And Robinson White, Haynes",1
"And Robinson, Chapman Salazar",1
"And Robinson, Goodman Wheeler",1
"And Robinson, Harmon Carpenter",1
"And Robinson, Hinton Logan",1
"And Robinson, Schroeder Kim",1
"And Robles Burgess, Gibson",1
"And Rocha Rodriguez, Valencia",1
And Rocha Sons,1
"And Rocha Wilson, Vargas",1
"And Rocha, Barber Jefferson",1
"And Rodriguez Alvarez Gonzalez,",1
"And Rodriguez Anderson, Kennedy",1
"And Rodriguez Bell, Short",1
"And Rodriguez David Miller,",1
"And Rodriguez Gallegos Henry,",1
"And Rodriguez Hamilton Phillips,",1
"And Rodriguez Hernandez, Gibson",1
"And Rodriguez Ibarra Carroll,",1
"And Rodriguez Long Jones,",1
"And Rodriguez Miller, Espinoza",1
"And Rodriguez Ramos Summers,",1
"And Rodriguez Robinson Johnson,",1
"And Rodriguez Rogers Sanchez,",1
"And Rodriguez Santana Morrison,",1
"And Rodriguez Smith Murray,",1
"And Rodriguez Smith, Williams",1
"And Rodriguez Turner, Reese",1
"And Rodriguez, Cain Brewer",1
"And Rodriguez, Casey Black",1
"And Rodriguez, Dunn Edwards",1
"And Rodriguez, Flores Hess",1
"And Rodriguez, Garcia Graham",1
"And Rodriguez, Lee Hahn",1
"And Rodriguez, Lucas Frank",1
"And Rodriguez, Richards Strickland",1
"And Rodriguez, Rogers Harrison",1
"And Rodriguez, Strickland Robinson",1
"And Rogers Benjamin, Carpenter",1
"And Rogers Castro, Bell",1
"And Rogers Dougherty, Hunt",1
"And Rogers Huang Pittman,",1
"And Rogers Martin, Montoya",1
"And Rogers Moore Reed,",1
"And Rogers Moore, Rodgers",1
"And Rogers Myers, Massey",1
"And Rogers Nelson Kemp,",1
"And Rogers Powell Bennett,",1
"And Rogers Scott, Snyder",1
And Rogers Sons,1
"And Rogers Vasquez, Harris",1
"And Rogers, Crane Munoz",1
"And Rogers, Rivera Thomas",1
"And Rogers, Ryan Benton",1
"And Rogers, Scott Ortega",1
"And Rollins Lynch, Bartlett",1
"And Rollins Mullins, Miller",1
"And Rollins Ortega, Wright",1
"And Roman Baker, Gonzales",1
"And Roman Byrd, Porter",1
"And Roman Fernandez Payne,",1
"And Roman Kim Martin,",1
"And Roman Roman Payne,",1
And Roman Sons,1
"And Roman, Floyd Duncan",1
"And Roman, Montgomery Krueger",1
"And Romero Garcia, Moore",1
"And Romero Gibson Perez,",1
"And Romero Lee, Fields",1
"And Romero Simpson Turner,",1
"And Romero Wade Stafford,",1
"And Romero, Lozano Myers",1
"And Romero, Meyers Davis",1
"And Romero, Thompson Brock",1
"And Rosales, Macdonald Hanson",1
"And Rosales, Ray Valdez",1
And Rosario Sons,1
"And Rosario, Kim Glass",1
"And Rose Dunn, Santos",1
"And Rose Marquez Johnson,",1
And Rose Sons,1
"And Rose Stewart, Davis",1
"And Ross Blair Rodriguez,",1
"And Ross Howell Martinez,",1
"And Ross Owen Barber,",1
"And Ross Thomas Hardin,",1
"And Ross, Crosby Caldwell",1
"And Ross, Douglas Marshall",1
"And Roth Edwards, Black",1
"And Roth Flores, Foster",1
"And Roth, Young Smith",1
"And Rowe Knapp, Benson",1
"And Rowe Wood Reyes,",1
"And Rowe, Decker Brown",1
"And Rowland, Martin Hancock",1
"And Roy Johnson, Hanson",1
"And Roy Lucas Gray,",1
"And Roy Torres, Nelson",1
"And Rubio Owens Barron,",1
"And Ruiz Davis, Stewart",1
"And Ruiz Holmes, Simpson",1
"And Ruiz Krueger, Brewer",1
"And Ruiz Pope Huffman,",1
"And Ruiz Wiley Long,",1
"And Ruiz, Banks Bates",1
"And Rush Beasley, Ray",1
"And Rush Rollins, Gibson",1
"And Rush, Moore Murillo",1
"And Rush, Morales Turner",1
"And Russell Barnes, Ward",1
"And Russell Duarte Lewis,",1
"And Russell Jackson, Willis",1
"And Russell Mcdowell Delgado,",1
"And Russell Smith Snyder,",1
And Russell Sons,1
"And Russell, Lindsey Sanchez",1
"And Russo Noble Gonzalez,",1
"And Russo Ruiz Barron,",1
"And Russo, Duncan Morris",1
"And Ryan Alvarez, Obrien",1
"And Ryan Mcmahon, Davis",1
"And Ryan Owens Smith,",1
And Ryan Sons,1
"And Ryan, Browning Vargas",1
"And Ryan, Pope Mosley",1
"And Salas, Craig Carlson",1
"And Salazar Brennan Edwards,",1
"And Salazar Garrett Crawford,",1
"And Salazar Lewis Silva,",1
"And Salazar Smith, Walker",1
And Salazar Sons,1
"And Salazar Thompson, Gray",1
"And Salazar, Gonzales Jones",1
"And Salazar, Salazar Baker",1
"And Salinas Hawkins, Murphy",1
"And Salinas Smith Roberts,",1
"And Salinas, Harris Ray",1
"And Salinas, Li Hayden",1
"And Salinas, Mullins Mendez",1
"And Salinas, Wang Lucas",1
"And Sanchez Carlson Carter,",1
"And Sanchez Chandler, Yang",1
"And Sanchez Flores Walker,",1
"And Sanchez Gonzales Bray,",1
"And Sanchez Hansen Black,",1
"And Sanchez Lindsey, Holland",1
"And Sanchez Perez Petersen,",1
"And Sanchez Phillips, Brown",1
"And Sanchez Scott, Bailey",1
"And Sanchez Sullivan Rose,",1
"And Sanchez Werner Mejia,",1
"And Sanchez, Boyle Craig",1
"And Sanchez, Ellison Davidson",1
"And Sanchez, Ford Ryan",1
"And Sanchez, Johnson Parker",1
"And Sanchez, West Ruiz",1
"And Sanders Mays Mcfarland,",1
"And Sanders Price, Anderson",1
"And Sanders Webster Burnett,",1
"And Sanders, Phillips Hernandez",1
"And Sandoval Harris Henry,",1
"And Sandoval Palmer Hill,",1
"And Sandoval Patterson, Jackson",1
"And Sandoval Reed Ellis,",1
And Sandoval Sons,1
"And Sandoval, Nichols Banks",1
"And Sanford, Simpson Larson",1
"And Santana Mccall Bean,",1
"And Santana Short Meza,",1
"And Santiago Day, Caldwell",1
"And Santiago Spencer Morrison,",1
"And Santiago, Garcia Snyder",1
"And Santos Hart Rodgers,",1
"And Santos Keller Alvarez,",1
"And Santos Williams, Johnson",1
"And Santos, Fox Williams",1
"And Santos, Roberts Thomas",1
"And Saunders Franco, Morgan",1
"And Saunders Gomez Morse,",1
"And Saunders, Hernandez Adams",1
"And Saunders, Parsons Mcclain",1
"And Saunders, Willis Garcia",1
"And Savage Luna, Nichols",1
"And Savage Lyons, Perry",1
"And Savage, Wade Miller",1
"And Schmidt Black, Wells",1
"And Schmidt Douglas Smith,",1
"And Schmidt Peters Ward,",1
"And Schmidt Schultz, Smith",1
"And Schmidt, Williams Davis",1
"And Schmitt Sweeney, Camacho",1
"And Schneider Guerra Mason,",1
"And Schneider, Scott Jackson",1
"And Schroeder Fuller Jones,",1
"And Schroeder Hill Johnson,",1
"And Schroeder Woods Carter,",1
"And Schroeder, Hill Erickson",1
"And Schultz Alvarez, Spencer",1
"And Schultz Bolton Frazier,",1
"And Schultz Leon, Graves",1
"And Schultz, Harris Levine",1
"And Schwartz Rice Ramirez,",1
"And Schwartz Schneider, Harris",1
"And Schwartz Smith, Johnson",1
And Schwartz Sons,1
"And Schwartz Sweeney, Huang",1
"And Schwartz, Rogers Parker",1
"And Scott Beard Mckenzie,",1
"And Scott Buchanan Cooper,",1
"And Scott Gibson Carpenter,",1
"And Scott Johnson, Smith",1
"And Scott Lambert, Brown",1
"And Scott Miller Hammond,",1
"And Scott Newman, Delacruz",1
"And Scott Paul Salazar,",1
"And Scott Peterson Mosley,",1
"And Scott Ward, Davis",1
"And Scott Warner, Bauer",1
"And Scott Woods Pierce,",1
"And Scott, Brown Dyer",1
"And Scott, Cameron Meyer",1
"And Scott, Downs George",1
"And Scott, Hall Carr",1
"And Scott, Martinez Wilcox",1
"And Scott, Payne Robinson",1
"And Scott, Rodriguez Nguyen",1
"And Scott, Ryan King",1
"And Scott, Skinner Mccormick",1
"And Sellers Allen Lam,",1
"And Serrano Peters Romero,",1
"And Serrano Walker Hudson,",1
"And Sexton Cline Horton,",1
"And Shaffer Jackson Mcmillan,",1
"And Shaffer Mitchell Andrews,",1
"And Shaffer Williams Leon,",1
"And Shaffer, Oconnor Allison",1
And Shah Sons,1
"And Shannon Glenn, Morrow",1
"And Shannon Gomez, Lindsey",1
"And Shannon Mendoza Stephens,",1
"And Shannon Owen, Dalton",1
"And Shannon Stevens, Johnson",1
And Sharp Sons,1
"And Sharp, Boyle Oconnell",1
"And Shaw Chase Dunn,",1
"And Shaw Sanchez Carroll,",1
"And Shaw Sanchez Johnson,",1
"And Shaw, Davis Pollard",1
"And Shaw, Edwards Duffy",1
"And Shaw, Franco Armstrong",1
"And Shaw, Page Banks",1
"And Shaw, Pena Smith",1
"And Shaw, Ross Smith",1
"And Shea Pope, Hoffman",1
"And Shelton Gonzalez Vance,",1
"And Shelton Wright, Walter",1
"And Shelton, Jones Perry",1
"And Shepard Ramirez Yates,",1
"And Shepard Ramos, Saunders",1
"And Shepard, Garcia Garcia",1
"And Shepherd Spencer Ellis,",1
"And Shepherd Wilson, Williams",1
"And Sheppard Lambert, Christian",1
"And Sheppard, Haas Weeks",1
"And Sherman Leblanc, Moreno",1
"And Sherman Mack, Wallace",1
"And Shields Williams, James",1
"And Shields, Doyle Perkins",1
"And Shields, Hanson Marshall",1
"And Short Davis, Romero",1
And Short Sons,1
And Silva Sons,1
"And Silva, King Hampton",1
"And Simmons Benson Moore,",1
"And Simmons Burch Avila,",1
"And Simmons Gonzalez Martin,",1
"And Simmons Holland, Nelson",1
"And Simmons Lopez Chavez,",1
"And Simmons Simmons Valdez,",1
"And Simmons Zuniga Sanchez,",1
"And Simmons, Jones Liu",1
"And Simmons, Kennedy Smith",1
"And Simmons, Mills Weaver",1
"And Simmons, Patel Hale",1
"And Simmons, Pennington Cervantes",1
"And Simon Parks, Brown",1
"And Simpson Brewer, Blair",1
"And Simpson Gonzalez Johnson,",1
"And Simpson, Castro Phillips",1
"And Sims Martin Grant,",1
"And Sims Robinson Martin,",1
"And Sims, Gonzalez Huff",1
"And Singh Scott King,",1
"And Singh, Hall Nichols",1
"And Singh, Kelley Mack",1
"And Singleton Jordan, Thornton",1
"And Singleton Thomas, Wilson",1
"And Singleton Wells, Glass",1
"And Skinner, Simmons Scott",1
"And Sloan Torres, Lucas",1
"And Sloan, Myers Mosley",1
"And Sloan, Ruiz Medina",1
"And Small Gonzalez Smith,",1
"And Small Gonzalez, Kaufman",1
And Small Sons,1
"And Small Stephens Harrington,",1
"And Small, Crane Hill",1
"And Small, Ross Summers",1
"And Smith Allen David,",1
"And Smith Berg, Garza",1
"And Smith Bowman, Bartlett",1
"And Smith Brown, Grant",1
"And Smith Bruce, Welch",1
"And Smith Bryant, Gonzalez",1
"And Smith Burton, Roberts",1
"And Smith Clark Ibarra,",1
"And Smith Cole Smith,",1
"And Smith Conway, Byrd",1
"And Smith Dickerson Hart,",1
"And Smith Dudley Jones,",1
"And Smith Dyer Vargas,",1
"And Smith Escobar Brennan,",1
"And Smith Flores Obrien,",1
"And Smith Fowler, Williams",1
"And Smith Fritz, Duncan",1
"And Smith Gibson Taylor,",1
"And Smith Greene, Lucero",1
"And Smith Harmon, Marshall",1
"And Smith Harris, Clark",1
"And Smith Harris, Kim",1
"And Smith Hernandez Graham,",1
"And Smith Hogan, Weeks",1
"And Smith Johnson, Clayton",1
"And Smith Johnson, Johnson",1
"And Smith Jordan, Rodriguez",1
"And Smith Knox Brady,",1
"And Smith Lewis Cherry,",1
"And Smith Lewis Green,",1
"And Smith Martin Yang,",1
"And Smith Mccoy, Kline",1
"And Smith Myers, Taylor",1
"And Smith Navarro, Scott",1
"And Smith Oneill Sanders,",1
"And Smith Owens, Floyd",1
"And Smith Pacheco Nguyen,",1
"And Smith Patton, Stone",1
"And Smith Reed, Garcia",1
"And Smith Riddle, Reynolds",1
"And Smith Riley, Gray",1
"And Smith Rodriguez, Simpson",1
"And Smith Saunders Johnson,",1
"And Smith Scott Mahoney,",1
"And Smith Simmons, Wise",1
"And Smith Smith Collins,",1
"And Smith Smith, Ryan",1
"And Smith Sosa, Miller",1
"And Smith Stewart Lee,",1
"And Smith Thomas Snyder,",1
"And Smith Thomas, Lee",1
"And Smith Wang, Pham",1
"And Smith Waters Stewart,",1
"And Smith Wheeler, Stafford",1
"And Smith Wilson Dougherty,",1
"And Smith Wilson, Ortiz",1
"And Smith Woods, Frost",1
"And Smith, Alvarez Ellis",1
"And Smith, Anderson White",1
"And Smith, Ball Gregory",1
"And Smith, Choi Reid",1
"And Smith, Church Ortiz",1
"And Smith, Clark Gaines",1
"And Smith, Davis Morse",1
"And Smith, Day Barnett",1
"And Smith, Evans Stevens",1
"And Smith, Fisher Kelly",1
"And Smith, Fleming Little",1
"And Smith, Foster Ellison",1
"And Smith, Grant Zhang",1
"And Smith, Gray Horton",1
"And Smith, Hamilton Spencer",1
"And Smith, Johnson Lamb",1
"And Smith, Johnson Wilson",1
"And Smith, Mayo Ware",1
"And Smith, Morales Hammond",1
"And Smith, Owens Cross",1
"And Smith, Porter Rivas",1
"And Smith, Russo Molina",1
"And Smith, Sanders Carey",1
"And Smith, Sanders Walker",1
"And Smith, Soto Rogers",1
"And Smith, Tucker Cross",1
"And Smith, Walker Hernandez",1
"And Smith, Wallace Wong",1
"And Smith, White Lawson",1
"And Smith, Wood Mendoza",1
"And Snow Martin Brown,",1
And Snow Sons,1
"And Snyder Arnold, Sims",1
"And Snyder Cameron Adams,",1
"And Snyder Ortiz Erickson,",1
"And Snyder, Kennedy Rodriguez",1
"And Snyder, Whitaker Preston",1
"And Solis Fisher Davidson,",1
"And Solis, Bauer Allen",1
"And Solomon Leon, Suarez",1
And Sons Acosta,1
And Sons Adams,1
And Sons Aguilar,1
And Sons Alexander,1
And Sons Allen,1
And Sons Andrade,1
And Sons Ayala,1
And Sons Ayers,1
And Sons Barnes,1
And Sons Barnett,1
And Sons Beasley,1
And Sons Benson,1
And Sons Berger,1
And Sons Bernard,1
And Sons Blackburn,1
And Sons Blackwell,1
And Sons Blake,1
And Sons Bonilla,1
And Sons Bowers,1
And Sons Bradley,1
And Sons Brewer,1
And Sons Brooks,1
And Sons Bruce,1
And Sons Bryan,1
And Sons Bryant,1
And Sons Burns,1
And Sons Carlson,1
And Sons Carr,1
And Sons Carrillo,1
And Sons Carroll,1
And Sons Carson,1
And Sons Castro,1
And Sons Chandler,1
And Sons Chapman,1
And Sons Chen,1
And Sons Christian,1
And Sons Cisneros,1
And Sons Clark,1
And Sons Cole,1
And Sons Collins,1
And Sons Colon,1
And Sons Conner,1
And Sons Cook,1
And Sons Cooley,1
And Sons Cortez,1
And Sons Costa,1
And Sons Cox,1
And Sons Craig,1
And Sons Cunningham,1
And Sons Curry,1
And Sons Daniels,1
And Sons Daugherty,1
And Sons Day,1
And Sons Deleon,1
And Sons Delgado,1
And Sons Dennis,1
And Sons Diaz,1
And Sons Dillon,1
And Sons Dixon,1
And Sons Donovan,1
And Sons Drake,1
And Sons Duke,1
And Sons Durham,1
And Sons Dyer,1
And Sons Eaton,1
And Sons Edwards,1
And Sons Elliott,1
And Sons Erickson,1
And Sons Espinoza,1
And Sons Everett,1
And Sons Ferguson,1
And Sons Flores,1
And Sons Ford,1
And Sons Franco,1
And Sons Gallegos,1
And Sons Galloway,1
And Sons Gillespie,1
And Sons Golden,1
And Sons Gordon,1
And Sons Gregory,1
And Sons Griffith,1
And Sons Guerrero,1
And Sons Harrington,1
And Sons Hart,1
And Sons Hartman,1
And Sons Hawkins,1
And Sons Hayes,1
And Sons Hebert,1
And Sons Hendrix,1
And Sons Hicks,1
And Sons Hines,1
And Sons Hogan,1
And Sons Houston,1
And Sons Howard,1
And Sons Hubbard,1
And Sons Huber,1
And Sons Hudson,1
And Sons Jackson,1
And Sons Jenkins,1
And Sons Keith,1
And Sons Keller,1
And Sons Kidd,1
And Sons Kim,1
And Sons King,1
And Sons Kramer,1
And Sons Lane,1
And Sons Larson,1
And Sons Leach,1
And Sons Li,1
And Sons Lin,1
And Sons Lindsey,1
And Sons Livingston,1
And Sons Lloyd,1
And Sons Lowery,1
And Sons Luna,1
And Sons Lynch,1
And Sons Mahoney,1
And Sons Maldonado,1
And Sons Marsh,1
And Sons Martinez,1
And Sons Mathis,1
And Sons Matthews,1
And Sons Maxwell,1
And Sons Mays,1
And Sons Mcbride,1
And Sons Mccall,1
And Sons Mcclain,1
And Sons Mcdaniel,1
And Sons Mckay,1
And Sons Mckinney,1
And Sons Mcknight,1
And Sons Meadows,1
And Sons Melton,1
And Sons Mendez,1
And Sons Mitchell,1
And Sons Montes,1
And Sons Montgomery,1
And Sons Montoya,1
And Sons Mora,1
And Sons Morales,1
And Sons Moran,1
And Sons Morgan,1
And Sons Morris,1
And Sons Morrison,1
And Sons Morton,1
And Sons Mullins,1
And Sons Myers,1
And Sons Nguyen,1
And Sons Norris,1
And Sons Oneal,1
And Sons Ortega,1
And Sons Ortiz,1
And Sons Owens,1
And Sons Pacheco,1
And Sons Padilla,1
And Sons Parrish,1
And Sons Patel,1
And Sons Payne,1
And Sons Perkins,1
And Sons Peterson,1
And Sons Pham,1
And Sons Phelps,1
And Sons Phillips,1
And Sons Pierce,1
And Sons Pitts,1
And Sons Pope,1
And Sons Powell,1
And Sons Powers,1
And Sons Pruitt,1
And Sons Ramirez,1
And Sons Rangel,1
And Sons Reyes,1
And Sons Reynolds,1
And Sons Rhodes,1
And Sons Richard,1
And Sons Rios,1
And Sons Rivas,1
And Sons Rivera,1
And Sons Robbins,1
And Sons Roberts,1
And Sons Rodgers,1
And Sons Romero,1
And Sons Ross,1
And Sons Rowe,1
And Sons Rubio,1
And Sons Salas,1
And Sons Saunders,1
And Sons Schmidt,1
And Sons Schmitt,1
And Sons Shaffer,1
And Sons Sherman,1
And Sons Simmons,1
And Sons Singh,1
And Sons Sloan,1
And Sons Sparks,1
And Sons Stafford,1
And Sons Stephens,1
And Sons Stevens,1
And Sons Stokes,1
And Sons Sutton,1
And Sons Trujillo,1
And Sons Tucker,1
And Sons Turner,1
And Sons Valencia,1
And Sons Valentine,1
And Sons Vazquez,1
And Sons Vega,1
And Sons Velasquez,1
And Sons Villanueva,1
And Sons Walters,1
And Sons Watkins,1
And Sons Weber,1
And Sons Webster,1
And Sons West,1
And Sons White,1
And Sons Wilkerson,1
And Sons Wilkinson,1
And Sons Wilson,1
And Sons Wise,1
And Sons Yates,1
And Sons Zhang,1
"And Soto Benson Bailey,",1
"And Soto Bishop, Thompson",1
"And Soto Watts Fitzgerald,",1
"And Soto, Patterson Allison",1
"And Soto, Stone Phillips",1
"And Sparks Perkins, Smith",1
"And Sparks, Simmons Miles",1
"And Spears Donaldson Mcmillan,",1
"And Spears, Mathis Clark",1
"And Spence Armstrong Moreno,",1
"And Spence Hendricks Hampton,",1
"And Spencer Beck Decker,",1
"And Spencer Graves Norris,",1
"And Spencer Johnson Lewis,",1
"And Spencer Pratt Garner,",1
"And Spencer Shepherd Carter,",1
"And Spencer, Richards Bryant",1
"And Stafford Johnson, Spears",1
"And Stafford Lee Price,",1
"And Stafford Walker, Hawkins",1
"And Stanley Murray, Conley",1
"And Stanley Schneider, Webster",1
And Stanley Sons,1
"And Stanley, Mitchell Lindsey",1
"And Stanton Singleton Kim,",1
"And Stark Bailey, Carey",1
"And Steele Cross Sanchez,",1
"And Steele Howard, Blair",1
"And Steele Miller Butler,",1
"And Steele, Bush Turner",1
"And Steele, Herrera Mendoza",1
And Stein Sons,1
"And Stein Velez, Turner",1
"And Stein Wood Johnson,",1
"And Stephens Elliott, Fox",1
"And Stephens Guzman, Petersen",1
"And Stephens Kelly, Meyer",1
"And Stephens Ortiz Campbell,",1
"And Stephens Sawyer, Collins",1
And Stephens Sons,1
"And Stephens Wilson Perez,",1
"And Stephens, Barnett Robinson",1
"And Stephens, Owen Sullivan",1
"And Stevens Clark Rodriguez,",1
"And Stevens Fernandez, Davis",1
"And Stevens Nichols, Gardner",1
And Stevens Sons,1
"And Stevens, Nash Macias",1
"And Stevenson Leblanc Hawkins,",1
"And Stevenson Morton, Barnett",1
"And Stevenson Pineda, Spencer",1
"And Stevenson Thomas Bennett,",1
"And Stevenson, Lopez Richardson",1
"And Stevenson, Ochoa Harrington",1
"And Stewart Brown Perez,",1
"And Stewart Burton, Skinner",1
"And Stewart Campos Spears,",1
"And Stewart Duncan Wilson,",1
"And Stewart Norris, Love",1
"And Stewart Phelps, Potts",1
"And Stewart Phillips, Kim",1
"And Stewart Rodgers, Hernandez",1
"And Stewart Smith, Leach",1
"And Stewart Smith, Perez",1
"And Stewart Vaughn, Brown",1
"And Stewart, Garcia Johnson",1
"And Stewart, Howard Obrien",1
"And Stewart, Price Johnson",1
"And Stewart, Smith Atkinson",1
"And Stokes Allen, Khan",1
"And Stone Booth, Garcia",1
"And Stone Rogers, James",1
"And Stone Smith, Jones",1
And Stone Sons,1
"And Stone Wright, Moore",1
"And Stone, Brown Singleton",1
"And Stone, Flores Schmitt",1
"And Stone, Moore Fisher",1
"And Stone, Smith Matthews",1
"And Stout Armstrong, Jones",1
"And Stout, Berg Sampson",1
"And Stout, Harrison Peterson",1
"And Strong Cline Roberts,",1
"And Strong Garrett, Jones",1
And Suarez Sons,1
"And Sullivan Carroll Fox,",1
"And Sullivan Jackson, Johnson",1
"And Sullivan Martinez Abbott,",1
And Sullivan Sons,1
"And Sullivan Stephenson Evans,",1
"And Sullivan Welch, Johnson",1
"And Sullivan, Anderson Hayes",1
"And Sullivan, Gardner Stevenson",1
"And Sullivan, Jackson Moran",1
"And Sullivan, Jones Michael",1
"And Sullivan, Mcclure Shields",1
"And Summers Day Espinoza,",1
"And Summers Edwards, Bailey",1
"And Summers, Boyd Nichols",1
"And Summers, Smith Saunders",1
"And Sutton Christensen Freeman,",1
"And Sutton Frank Rojas,",1
"And Sutton Gomez, Clark",1
And Sutton Sons,1
"And Sutton Yates Powers,",1
"And Sutton, Caldwell Moore",1
"And Sutton, Powell Patterson",1
"And Swanson Mejia Lawson,",1
"And Swanson Norris Thomas,",1
"And Swanson Proctor Daniels,",1
"And Swanson Wiley, Kirby",1
"And Sweeney Moore Jackson,",1
"And Sweeney, Black Richards",1
"And Sweeney, Leblanc Hall",1
"And Tanner Ramsey Price,",1
"And Tapia Anderson Mcdonald,",1
"And Tapia Cole, Casey",1
"And Tapia, Thompson Gonzalez",1
"And Tate Richardson King,",1
"And Tate Smith, Garcia",1
And Tate Sons,1
"And Tate, Harding Spencer",1
"And Tate, White Long",1
"And Taylor Casey Moore,",1
"And Taylor Davis, Oneal",1
"And Taylor Evans, Valenzuela",1
"And Taylor Glover, Jackson",1
"And Taylor Howe Shelton,",1
"And Taylor Jackson, Thomas",1
"And Taylor Kelly, King",1
"And Taylor Lambert Herrera,",1
"And Taylor Lewis, Evans",1
"And Taylor Morgan, Simpson",1
"And Taylor Murillo Estrada,",1
"And Taylor Phillips Martinez,",1
"And Taylor Ramirez Ross,",1
"And Taylor Summers, Powell",1
"And Taylor Walker, Stokes",1
"And Taylor West, Bradley",1
"And Taylor, Bishop Dillon",1
"And Taylor, Castillo Perry",1
"And Taylor, Lin Wells",1
"And Taylor, Miller Mckinney",1
"And Taylor, Ramirez Bray",1
"And Taylor, Thomas Adams",1
"And Taylor, Townsend Kennedy",1
"And Terry Preston Ross,",1
"And Terry, Little Hernandez",1
"And Thomas Anderson, Wilson",1
"And Thomas Ballard, Stewart",1
"And Thomas Brooks Owens,",1
"And Thomas Butler, Crawford",1
"And Thomas Cunningham, Curtis",1
"And Thomas Davila, Mccoy",1
"And Thomas Dawson, Riley",1
"And Thomas Duncan, Schneider",1
"And Thomas Foster Butler,",1
"And Thomas Giles Brooks,",1
"And Thomas Hogan, Austin",1
"And Thomas Johnson, Stein",1
"And Thomas Lopez Lamb,",1
"And Thomas Palmer Cooke,",1
"And Thomas Robinson Lopez,",1
"And Thomas Sawyer, Watkins",1
"And Thomas Soto Williams,",1
"And Thomas Strong, Cook",1
"And Thomas Williams Harris,",1
"And Thomas, Brown Shepherd",1
"And Thomas, Chapman Martinez",1
"And Thomas, Contreras King",1
"And Thomas, Cooper Chambers",1
"And Thomas, Sampson Brown",1
"And Thomas, Smith Bailey",1
"And Thomas, White Davila",1
"And Thompson Bailey, Martinez",1
"And Thompson Barajas Chandler,",1
"And Thompson Briggs, Estes",1
"And Thompson Brock, Castro",1
"And Thompson Burke, Harrington",1
"And Thompson Campbell, Steele",1
"And Thompson Cook Wiggins,",1
"And Thompson Evans, Garcia",1
"And Thompson Johnson, Thomas",1
"And Thompson Kelly Sanders,",1
"And Thompson Kelly, Smith",1
"And Thompson Marquez, Sanchez",1
"And Thompson Mccall, Brooks",1
"And Thompson Moore, Torres",1
"And Thompson Phillips Morris,",1
"And Thompson Rodriguez, Murphy",1
"And Thompson Sandoval Smith,",1
"And Thompson Schultz Johnson,",1
"And Thompson Stone Coleman,",1
"And Thompson Thompson White,",1
"And Thompson Warren Potts,",1
"And Thompson Wright Johnson,",1
"And Thompson, Mendez Hunter",1
"And Thompson, Mendez Sweeney",1
"And Thompson, Miller Conley",1
"And Thompson, Miller Gordon",1
"And Thompson, Thornton Hester",1
"And Thornton Goodwin, Garcia",1
"And Thornton Wells Morton,",1
"And Thornton, Fuller Brandt",1
"And Todd George Webb,",1
"And Todd Munoz Foster,",1
"And Torres Coleman, Hancock",1
"And Torres Evans, Kane",1
"And Torres Hart, White",1
"And Torres Johnson Tran,",1
"And Torres Martinez Stewart,",1
"And Torres Newman Reed,",1
"And Torres Phillips, Hardy",1
And Torres Sons,1
"And Torres Wilson, Mann",1
"And Torres Wilson, Moreno",1
"And Torres, Lopez Dean",1
"And Torres, Rios Park",1
"And Torres, Shepard Boyd",1
"And Townsend Daniels, Smith",1
"And Townsend, Gonzalez Walker",1
"And Tran Evans Fowler,",1
"And Tran Fields, Harris",1
"And Tran Lara, Nguyen",1
"And Tran Miller, Lee",1
"And Tran Olsen Curry,",1
"And Tran Patrick Hull,",1
"And Tran Rhodes, Kelly",1
And Tran Sons,1
"And Tran Tucker Barr,",1
"And Tran Wall Harvey,",1
"And Tran, Parker Hamilton",1
"And Travis, Allen Holloway",1
"And Trevino Nicholson Martinez,",1
"And Trevino Ross Garrison,",1
And Trevino Sons,1
"And Trevino, Russell Johnson",1
"And Trujillo Delgado, Williams",1
"And Trujillo, Velazquez Sandoval",1
"And Tucker Contreras, Ramirez",1
"And Tucker Klein, Wells",1
"And Tucker Knox, Gill",1
"And Tucker Myers, Jennings",1
"And Tucker Roberts Stewart,",1
"And Tucker Sutton, Norris",1
"And Tucker Torres, Monroe",1
"And Tucker Wilson, Wheeler",1
"And Tucker Wright, Best",1
"And Tucker, Crawford Roach",1
"And Turner Le, Raymond",1
"And Turner Martinez, Conrad",1
"And Turner Morales Cole,",1
"And Turner Powell, Keller",1
"And Turner Richard Roberts,",1
"And Turner Shannon, Smith",1
"And Turner Torres, Garrison",1
"And Turner Watkins Haynes,",1
"And Turner Wilkins, Good",1
"And Turner, Beasley White",1
"And Turner, Collins Holder",1
"And Turner, Holt Oconnor",1
"And Turner, Williams Hall",1
"And Turner, Zhang Love",1
"And Tyler Burns Garcia,",1
"And Tyler Nelson, Rodriguez",1
"And Tyler, Gomez Chavez",1
"And Tyler, Morgan Nelson",1
"And Underwood Evans Morgan,",1
"And Underwood Humphrey Vasquez,",1
And Underwood Sons,1
"And Underwood, Benjamin Baker",1
And Valdez Sons,1
"And Valdez Watkins Andrews,",1
"And Valencia Flores, Byrd",1
"And Valencia Gallagher, Salazar",1
"And Valencia Rivera Vaughn,",1
"And Valentine, Benitez Carey",1
"And Valenzuela, Davidson Bishop",1
"And Vance Berry Hernandez,",1
And Vang Sons,1
"And Vargas English Johnson,",1
"And Vargas Hall, Chapman",1
"And Vargas Hardin, Miller",1
"And Vargas Morgan Ferguson,",1
"And Vargas Reynolds Evans,",1
"And Vargas Sampson Young,",1
"And Vasquez Byrd Payne,",1
"And Vasquez Cox, Miller",1
"And Vasquez, Smith Riley",1
"And Vaughan Green, Cruz",1
"And Vaughan Williams Powers,",1
"And Vaughn Kerr Ewing,",1
"And Vazquez Arias Chan,",1
"And Vazquez Tyler, Quinn",1
"And Vazquez Ward Banks,",1
"And Vazquez, Burns Smith",1
"And Vega Gonzales, Coffey",1
"And Vega Jones, Bautista",1
"And Vega Peterson James,",1
"And Velasquez Fletcher James,",1
"And Velasquez Freeman, Roberts",1
"And Velasquez Marshall, Contreras",1
And Velasquez Sons,1
"And Velasquez, Byrd Fitzgerald",1
"And Velasquez, Oneal Kennedy",1
"And Velasquez, Rodgers Leach",1
"And Velazquez, Cunningham Brown",1
"And Villa Gonzalez, Mueller",1
"And Villa Maddox Hall,",1
"And Villarreal Estrada Hamilton,",1
"And Villarreal, Buckley Kelly",1
"And Vincent Lee, Lee",1
"And Vincent, Taylor Stewart",1
"And Wade Moore, Weeks",1
And Wade Sons,1
"And Wade, Huffman Arnold",1
"And Wade, Rodriguez Acosta",1
"And Wagner Davis Williams,",1
"And Wagner, Lee Klein",1
"And Wagner, Lee Underwood",1
"And Wagner, Marshall Burns",1
"And Walker Brown Johnson,",1
"And Walker Brown Lee,",1
"And Walker Caldwell, Dunlap",1
"And Walker Fleming Wong,",1
"And Walker Glenn, Long",1
"And Walker Kennedy, Miller",1
"And Walker Martin, Hood",1
"And Walker Mcintosh Dickerson,",1
"And Walker Rivera, Powell",1
"And Walker Santana, Cunningham",1
"And Walker Schmidt, Soto",1
"And Walker Smith Cannon,",1
And Walker Sons,1
"And Walker Walker Salinas,",1
"And Walker, Davis Craig",1
"And Walker, Deleon Anderson",1
"And Walker, Li Gomez",1
"And Walker, Rojas Martin",1
"And Wall Carpenter Bishop,",1
"And Wall Mcclain Valdez,",1
"And Wall Parks Martin,",1
"And Wall, Williams Jensen",1
"And Wallace Cummings, Byrd",1
"And Wallace David, White",1
"And Wallace Larson, Berry",1
"And Wallace Nguyen, Myers",1
"And Wallace Oconnor Weeks,",1
"And Wallace Rodriguez, Jones",1
"And Wallace, Tucker Palmer",1
"And Waller Ross Oconnor,",1
"And Walls Black Morgan,",1
"And Walsh Bell Wong,",1
"And Walsh Green Williams,",1
"And Walsh Marquez Williams,",1
And Walsh Sons,1
"And Walsh, Floyd Owens",1
"And Walsh, Jennings Lee",1
"And Walsh, Montoya Peterson",1
"And Walter Jackson Kelly,",1
"And Walter Shaw, Cook",1
"And Walter, Cruz Miller",1
"And Walter, Lang Jones",1
"And Walters Craig Collins,",1
"And Walters Huff Reed,",1
"And Walters Mcclure, Cox",1
"And Walters Walker, Black",1
"And Walters, Mcconnell Figueroa",1
"And Walters, Thomas White",1
"And Walton Rowe, Hubbard",1
"And Walton Sanchez White,",1
And Walton Sons,1
"And Walton, Aguilar Lopez",1
"And Wang Pruitt Kelley,",1
"And Wang, Jackson David",1
"And Wang, Stephens Patton",1
"And Ward Cooper, Wright",1
"And Ward Foster, Wagner",1
"And Ward Hansen Martin,",1
"And Ward Hensley Mcmillan,",1
"And Ward Jones Young,",1
"And Ward Liu, Wilson",1
"And Ward Lucas, Smith",1
"And Ward Morales, Bishop",1
"And Ward Sharp Fitzgerald,",1
"And Ward Smith, Villanueva",1
"And Ward Whitney Jones,",1
"And Ward, Jones Jackson",1
"And Ward, Whitehead Ellison",1
"And Ward, Williamson Johnson",1
"And Ware, Gonzalez Jones",1
"And Ware, Sheppard Gray",1
"And Warner Hahn Gray,",1
"And Warner Hoover Weber,",1
"And Warner, Morgan Jones",1
"And Warner, Price Vasquez",1
"And Warren Hurst, Nelson",1
"And Warren Peck, Hendricks",1
"And Washington Chaney, Weaver",1
"And Washington Hernandez, King",1
"And Washington Morgan Tanner,",1
"And Washington Peterson, Riley",1
"And Washington Scott Butler,",1
And Washington Sons,1
"And Washington, Henderson Esparza",1
"And Waters Bennett Greene,",1
"And Waters Boyd, Sheppard",1
"And Waters, Williams Daugherty",1
"And Watkins Estrada, Butler",1
"And Watkins, Benson Wilson",1
"And Watkins, Shaw Nguyen",1
"And Watkins, White Montgomery",1
"And Watson Clayton Carr,",1
"And Watson Gill Faulkner,",1
"And Watson Lee, Sexton",1
"And Watson Mcdonald, Davis",1
"And Watson Sims Jenkins,",1
And Watson Sons,1
"And Watson Vazquez Trevino,",1
"And Watson, Allen Bentley",1
"And Watson, Garcia Davis",1
"And Watts Avery Marquez,",1
"And Watts Butler, Bates",1
"And Watts Gardner Smith,",1
And Watts Sons,1
"And Watts Terry, Fields",1
"And Weaver Gregory, Murphy",1
"And Weaver Morse, Daniel",1
"And Weaver, Lee Baxter",1
"And Weaver, Williams Harris",1
"And Webb Chandler, Perez",1
"And Webb Knapp Williams,",1
"And Webb Robinson, Hicks",1
And Webb Sons,1
"And Webb Wheeler Fisher,",1
"And Webb, Anderson Garza",1
"And Weber Miles, Nixon",1
And Weber Sons,1
"And Weber, West Deleon",1
And Webster Sons,1
"And Webster Wilson, Cook",1
"And Webster, Martinez Wolfe",1
"And Weeks, Green Jordan",1
"And Weiss Hill, Kennedy",1
And Weiss Sons,1
"And Weiss Thomas, Finley",1
"And Welch Montes, Hayes",1
"And Welch Smith, Thomas",1
"And Wells Huff, Hall",1
"And Wells Larson Malone,",1
"And Wells Mcdonald Frye,",1
"And Wells Murphy, Valdez",1
"And Wells, Acosta Moore",1
"And Wells, Hernandez Salinas",1
"And Wells, Kelly Watson",1
"And Wells, Thomas Kline",1
"And West Andrade, Moody",1
"And West Evans Marquez,",1
"And West Johnson, Morrison",1
"And West Mann, Adams",1
"And West Rodriguez Parks,",1
"And West Smith Peters,",1
And West Sons,1
"And West Sullivan Wallace,",1
"And West Villanueva, Evans",1
"And West Wilkerson, Foster",1
"And West, Wagner Gonzalez",1
"And Wheeler Armstrong, Vazquez",1
"And Wheeler Garcia Garcia,",1
And Wheeler Sons,1
"And Wheeler Tran Cole,",1
"And Wheeler, Dawson Scott",1
"And Wheeler, Gates White",1
"And Whitaker Howe, Thomas",1
"And Whitaker, Alexander English",1
"And Whitaker, Long Bryant",1
"And White Anderson Rodriguez,",1
"And White Brown Ball,",1
"And White Brown, Smith",1
"And White Campbell, Castillo",1
"And White Dixon Powers,",1
"And White Harper, Barnes",1
"And White Harris, Aguilar",1
"And White Hodges Johnson,",1
"And White Holmes Smith,",1
"And White King Moore,",1
"And White Leon, Jones",1
"And White Malone Crawford,",1
"And White Pena Mendoza,",1
"And White Rowe Gray,",1
"And White Smith, Carroll",1
"And White Smith, Walls",1
"And White Wilson Morse,",1
"And White, Beck Trevino",1
"And White, Fisher Anderson",1
"And White, Haas Jones",1
"And White, Harris Moore",1
"And White, Johnson Mcgee",1
"And White, Martin Strickland",1
"And White, Pena Lane",1
"And White, Porter Barrett",1
"And White, Sherman Hartman",1
"And White, Stone Frank",1
"And White, Wall Charles",1
"And White, Wall Hurst",1
"And White, Williams Little",1
"And White, Wood Wagner",1
"And Whitehead, Schultz Ramirez",1
"And Wiggins Thornton Cunningham,",1
"And Wilcox Clay Johnson,",1
"And Wilcox, Knox Bates",1
"And Wilkerson Roberson, Meyers",1
"And Wilkerson, Rogers Rodriguez",1
"And Wilkins Davis Silva,",1
"And Wilkins Jackson, Everett",1
"And Wilkinson Gonzales, Smith",1
"And Wilkinson Hudson Bennett,",1
"And Williams Adams, Floyd",1
"And Williams Aguilar Jones,",1
"And Williams Austin, Lee",1
"And Williams Baker Patel,",1
"And Williams Brown, Hayes",1
"And Williams Butler, Knight",1
"And Williams Cameron, Gordon",1
"And Williams Chavez, Stark",1
"And Williams Cobb Rivera,",1
"And Williams Davis Smith,",1
"And Williams Davis, Alvarado",1
"And Williams Davis, Fernandez",1
"And Williams Day, Tyler",1
"And Williams Deleon, Washington",1
"And Williams Ellis Schneider,",1
"And Williams Erickson Krause,",1
"And Williams Fowler Horn,",1
"And Williams Garcia, Fletcher",1
"And Williams Garcia, Mathis",1
"And Williams Garza Smith,",1
"And Williams Garza, Herman",1
"And Williams Hammond Hebert,",1
"And Williams Harris Ramos,",1
"And Williams Hart, Lucas",1
"And Williams Holt, Velasquez",1
"And Williams Howard, Walker",1
"And Williams Hunt Wright,",1
"And Williams Leach Flores,",1
"And Williams Lopez Conrad,",1
"And Williams May Burgess,",1
"And Williams Mcknight Brown,",1
"And Williams Miller Hale,",1
"And Williams Miller, Holder",1
"And Williams Miller, Mercer",1
"And Williams Nash Bowman,",1
"And Williams Parks, Meyer",1
"And Williams Perez, Howard",1
"And Williams Phillips Garcia,",1
"And Williams Rodriguez Johnson,",1
"And Williams Rubio, Arroyo",1
"And Williams Salinas, Baker",1
"And Williams Sanchez, Obrien",1
"And Williams Schmidt, Jennings",1
And Williams Sons,1
"And Williams Stevens Hall,",1
"And Williams Walters Mcbride,",1
"And Williams Wilson, Brown",1
"And Williams, Alexander Thompson",1
"And Williams, Anderson Stout",1
"And Williams, Anthony Diaz",1
"And Williams, Brooks Acevedo",1
"And Williams, Brown Mckenzie",1
"And Williams, Hall Allen",1
"And Williams, Hays Neal",1
"And Williams, Hoover Maldonado",1
"And Williams, Kim Burch",1
"And Williams, Martinez Chambers",1
"And Williams, Mccoy Atkinson",1
"And Williams, Morgan Willis",1
"And Williams, Robertson Wong",1
"And Williams, Ruiz Gonzalez",1
"And Williams, Sandoval Castillo",1
"And Williams, Young Maddox",1
"And Williams, Young Reid",1
"And Williamson Barnes Johnson,",1
"And Williamson Cunningham, Anderson",1
"And Williamson Moore, Hawkins",1
"And Willis Leblanc Turner,",1
"And Willis Mullins, Bowers",1
"And Willis Nunez, Le",1
"And Wilson Bradley Johnson,",1
"And Wilson Doyle, Hill",1
"And Wilson Eaton Sullivan,",1
"And Wilson Garcia Rojas,",1
"And Wilson Glover Smith,",1
"And Wilson Hampton Roberts,",1
"And Wilson Haynes Jensen,",1
"And Wilson Horton, Cortez",1
"And Wilson Johnson, Spencer",1
"And Wilson Jones Velez,",1
"And Wilson Lambert Atkinson,",1
"And Wilson Madden Jimenez,",1
"And Wilson Matthews, Faulkner",1
"And Wilson Mccall, Duke",1
"And Wilson Miller Wagner,",1
"And Wilson Peters Velazquez,",1
"And Wilson Powell, Flynn",1
"And Wilson Santiago, Moore",1
"And Wilson Swanson, Griffin",1
"And Wilson Thompson, Daniel",1
"And Wilson Walters, Chandler",1
"And Wilson Wells, Johnson",1
"And Wilson West Gardner,",1
"And Wilson Williams Estes,",1
"And Wilson Wilson Huang,",1
"And Wilson Wilson, Villarreal",1
"And Wilson Wright, Ryan",1
"And Wilson, Allen Rodriguez",1
"And Wilson, Ball Walsh",1
"And Wilson, Bradley Mccoy",1
"And Wilson, Cox Wade",1
"And Wilson, Davis Nguyen",1
"And Wilson, Fowler Warren",1
"And Wilson, Gonzalez Patton",1
"And Wilson, Stevens Grant",1
"And Wilson, Wright Moore",1
"And Winters Sawyer, Williams",1
"And Winters Wagner, Escobar",1
"And Wise Dunlap, Wagner",1
"And Wise Williams Shepherd,",1
"And Wolfe Collins Williams,",1
"And Wolfe Johnson Snow,",1
"And Wolfe Morgan Lloyd,",1
"And Wolfe, Perez Dennis",1
"And Wong, Young Rodriguez",1
"And Wood Contreras Harris,",1
"And Wood Lewis, Monroe",1
"And Wood Mclaughlin Young,",1
"And Wood Rios Graham,",1
"And Wood Sanders, Spencer",1
And Wood Sons,1
"And Wood Walters, Reid",1
"And Wood, Ryan Lopez",1
"And Wood, Smith Fisher",1
"And Woodard Juarez Martinez,",1
"And Woodard Martin Silva,",1
"And Woodard Martin Wells,",1
"And Woods Guerrero Alexander,",1
"And Woods Lane Cole,",1
"And Woods Liu, Berry",1
"And Woods Moss Petersen,",1
"And Woods Roberts, Green",1
"And Woods Watkins Jackson,",1
"And Woods, French Camacho",1
"And Woods, Rodriguez Williams",1
"And Woodward Allen Lambert,",1
"And Woodward, Hall Baird",1
"And Wright Branch, Mendoza",1
"And Wright Carr, Marshall",1
"And Wright Fox, Sullivan",1
"And Wright Garrett Lewis,",1
"And Wright Garrett Rogers,",1
"And Wright Hughes, Ortiz",1
"And Wright Lopez, Lopez",1
"And Wright Moore, Brown",1
"And Wright Phillips Dunn,",1
"And Wright Robinson, Fuller",1
"And Wright Torres, Campbell",1
"And Wright Williams Benjamin,",1
"And Wright, Coffey Eaton",1
"And Wright, Fletcher King",1
"And Wright, Jenkins Norton",1
"And Wright, Johnson Williams",1
"And Wright, Jones Sanders",1
"And Wright, Long Schroeder",1
"And Wright, Pham Nguyen",1
"And Wright, Sims Jenkins",1
"And Wu Baker, Ray",1
And Wu Sons,1
"And Wu, Johns Elliott",1
"And Wu, Rodriguez Barnes",1
"And Yang Bonilla Nicholson,",1
"And Yang Fox Scott,",1
"And Yang Schultz Monroe,",1
"And Yang, Taylor Lewis",1
"And Yates Moore Hunt,",1
"And Yates Serrano, Henderson",1
"And Yoder Edwards Williams,",1
"And Yoder Hayes Thomas,",1
"And Yoder Peterson, Nunez",1
"And York Jones, Jimenez",1
"And York Reyes Day,",1
"And York, Bell Smith",1
"And York, Martin Martin",1
"And Young Gonzalez Simmons,",1
"And Young Hooper, Brooks",1
"And Young King, Faulkner",1
"And Young Knight, Butler",1
"And Young Malone Doyle,",1
"And Young Powell Mitchell,",1
"And Young Smith, Nguyen",1
"And Young Sullivan, Ali",1
"And Young Taylor, Ball",1
"And Young Wood, Oliver",1
"And Young, Carpenter Henry",1
"And Young, Dorsey Hill",1
"And Young, Padilla Hunter",1
"And Young, Spencer Byrd",1
"And Young, Torres Figueroa",1
"And Young, White Adams",1
"And Young, Williams Simpson",1
"And Yu Herrera, Harper",1
"And Zhang Brooks, Hamilton",1
"And Zhang Hansen, Davis",1
"And Zhang Heath, Stafford",1
"And Zhang Underwood, Martin",1
"And Zimmerman Carter Brooks,",1
"And Zimmerman Castillo, Santos",1
"And Zimmerman Davenport, Martin",1
And Zimmerman Sons,1
"And Zuniga Davis Carlson,",1
"And Zuniga Francis Peterson,",1
And Zuniga Sons,1
"And Zuniga Thompson, Blake",1
"Andersen And Porter Bennett,",1
"Andersen Jenkins Nguyen, And",1
Andersen Llc,1
Andersen-Jones,1
Andersen-Jordan,1
Andersen-Martinez,1
Andersen-Thompson,1
Andersen-Walker,1
Andersen-Waters,1
"Anderson Allison, Brown And",1
"Anderson And Alvarez Boone,",1
"Anderson And Collins Campos,",1
"Anderson And Cooley Lee,",1
"Anderson And Farley, George",1
"Anderson And Fernandez Burns,",1
"Anderson And Fletcher, Brown",1
"Anderson And Gibson Snyder,",1
"Anderson And Giles Johnson,",1
"Anderson And Higgins Galvan,",1
"Anderson And Howell Fry,",1
"Anderson And Humphrey Diaz,",1
"Anderson And Medina, Sullivan",1
"Anderson And Miller, Day",1
"Anderson And Nichols, Arias",1
"Anderson And Perry, Pacheco",1
"Anderson And Ray Nunez,",1
"Anderson And Sullivan Rivera,",1
"Anderson And Thompson, Santos",1
"Anderson And Webb, Stanton",1
"Anderson Andrews, Henry And",1
"Anderson Avila, And Brown",1
"Anderson Baker, And Gross",1
"Anderson Brown And Manning,",1
"Anderson Carroll Welch, And",1
"Anderson Cochran Smith, And",1
"Anderson Cohen, Orr And",1
"Anderson Craig And Berry,",1
"Anderson Dunn Sanchez, And",1
"Anderson Fischer Thompson, And",1
"Anderson Fleming, And Anderson",1
"Anderson Hall Johnson, And",1
"Anderson Hess, Ferguson And",1
"Anderson Holmes And Smith,",1
"Anderson Holmes, Meadows And",1
"Anderson James, Miller And",1
"Anderson Johnson, And Morgan",1
"Anderson Joseph, And Medina",1
"Anderson Keller Lewis, And",1
"Anderson Kim, Brooks And",1
"Anderson King, White And",1
"Anderson Massey Johnson, And",1
"Anderson Moore And Hill,",1
"Anderson Morales And Baker,",1
"Anderson Morris And Ramirez,",1
"Anderson Morrison Hahn, And",1
"Anderson Morse, Torres And",1
"Anderson Morton And Vang,",1
"Anderson Ortiz, Freeman And",1
"Anderson Patel Sanders, And",1
"Anderson Peterson And Jones,",1
"Anderson Peterson, Case And",1
"Anderson Price, And Wells",1
"Anderson Richards, And Smith",1
"Anderson Rivera, And Thornton",1
"Anderson Rodriguez, Taylor And",1
"Anderson Ruiz, And Alvarez",1
"Anderson Scott, Ramos And",1
"Anderson Simmons, George And",1
"Anderson Smith, Smith And",1
"Anderson Solis, Spencer And",1
"Anderson Stone Sutton, And",1
"Anderson Walton And Barton,",1
"Anderson Watson Moody, And",1
"Anderson Williams, And Mccarthy",1
"Anderson Wright, And Lucas",1
"Anderson Young, Rodriguez And",1
"Anderson, And Cruz Eaton",1
"Anderson, And Frazier Lowery",1
"Anderson, And Hill Kelley",1
"Anderson, And Johnson Greene",1
"Anderson, And Johnson Solomon",1
"Anderson, And Lyons Hart",1
"Anderson, And Matthews Pham",1
"Anderson, And Taylor Price",1
"Anderson, And Walker Campbell",1
"Anderson, And Young Wright",1
"Anderson, Barry Davila And",1
"Anderson, Bell And Santiago",1
"Anderson, Bishop And Fuller",1
"Anderson, Brown And Poole",1
"Anderson, Fisher Skinner And",1
"Anderson, Freeman And Whitney",1
"Anderson, Gardner And Walker",1
"Anderson, Green And Freeman",1
"Anderson, Gregory Hall And",1
"Anderson, Hill Garner And",1
"Anderson, Hopkins Parsons And",1
"Anderson, Howard Black And",1
"Anderson, Johnson George And",1
"Anderson, Long And Soto",1
"Anderson, Mitchell And Walker",1
"Anderson, Novak Adams And",1
"Anderson, Parker And Woods",1
"Anderson, Smith And Chavez",1
"Anderson, Smith Smith And",1
"Anderson, Walker And Rubio",1
"Anderson, Washington Bowman And",1
Anderson-Adams,1
Anderson-Anderson,1
Anderson-Ball,1
Anderson-Barnes,1
Anderson-Becker,1
Anderson-Bowen,1
Anderson-Boyd,1
Anderson-Bradley,1
Anderson-Brandt,1
Anderson-Brown,1
Anderson-Campbell,1
Anderson-Chandler,1
Anderson-Chung,1
Anderson-Cohen,1
Anderson-Collins,1
Anderson-Contreras,1
Anderson-Cook,1
Anderson-Cooper,1
Anderson-Cox,1
Anderson-Cruz,1
Anderson-Davis,1
Anderson-Douglas,1
Anderson-Duncan,1
Anderson-Edwards,1
Anderson-Ellis,1
Anderson-Estes,1
Anderson-Estrada,1
Anderson-Forbes,1
Anderson-Fowler,1
Anderson-Francis,1
Anderson-Franklin,1
Anderson-Frederick,1
Anderson-Gaines,1
Anderson-Grant,1
Anderson-Grimes,1
Anderson-Hardy,1
Anderson-Harrell,1
Anderson-Hart,1
Anderson-Hernandez,1
Anderson-Higgins,1
Anderson-Hoover,1
Anderson-Howe,1
Anderson-Jackson,1
Anderson-Jarvis,1
Anderson-Jefferson,1
Anderson-Jenkins,1
Anderson-Jimenez,1
Anderson-Jones,1
Anderson-Jordan,1
Anderson-Lane,1
Anderson-Le,1
Anderson-Lewis,1
Anderson-Lucas,1
Anderson-Marshall,1
Anderson-Matthews,1
Anderson-Mckee,1
Anderson-Mckinney,1
Anderson-Melendez,1
Anderson-Mercado,1
Anderson-Mitchell,1
Anderson-Morgan,1
Anderson-Moses,1
Anderson-Mueller,1
Anderson-Mullins,1
Anderson-Norris,1
Anderson-Oconnor,1
Anderson-Olsen,1
Anderson-Patel,1
Anderson-Perez,1
Anderson-Peters,1
Anderson-Peterson,1
Anderson-Phillips,1
Anderson-Pierce,1
Anderson-Ramos,1
Anderson-Reyes,1
Anderson-Richardson,1
Anderson-Rivera,1
Anderson-Roberts,1
Anderson-Sanchez,1
Anderson-Schmitt,1
Anderson-Schroeder,1
Anderson-Smith,1
Anderson-Tate,1
Anderson-Thomas,1
Anderson-Thompson,1
Anderson-Warner,1
Anderson-Waters,1
Anderson-West,1
Anderson-Woodward,1
Anderson-Wright,1
Anderson-Young,1
Andrade And Sons,1
Andrade Group,1
"Andrade Hart, And Diaz",1
"Andrade Henderson Martinez, And",1
Andrade Inc,1
"Andrade Morrow And Hodge,",1
"Andrade Rios Williams, And",1
"Andrade Stewart Gordon, And",1
"Andrade, And Wagner Schneider",1
"Andrade, Johnson Watts And",1
Andrade-Campbell,1
Andrade-French,1
Andrade-Lee,1
Andrade-Shields,1
Andrade-Stone,1
Andrade-Taylor,1
Andrade-Williams,1
"Andrews And Jackson Singh,",1
"Andrews And Juarez Parks,",1
"Andrews And Morrison, Ramirez",1
Andrews And Sons,1
"Andrews And Thompson, Reese",1
"Andrews And Wright Hernandez,",1
"Andrews Compton, And Gibson",1
Andrews Group,1
"Andrews Lewis Rivas, And",1
"Andrews Mcgee, And Robertson",1
"Andrews, Lowe Cross And",1
Andrews-Andersen,1
Andrews-Ayers,1
Andrews-Bates,1
Andrews-Calhoun,1
Andrews-Cantu,1
Andrews-Carter,1
Andrews-Cohen,1
Andrews-Dunn,1
Andrews-Evans,1
Andrews-Gross,1
Andrews-Huffman,1
Andrews-Jackson,1
Andrews-Martinez,1
Andrews-Woods,1
Anthony Llc,1
"Anthony Moore, Turner And",1
Anthony Plc,1
"Anthony, Schmidt Taylor And",1
Anthony-Becker,1
Anthony-Clark,1
Anthony-Davis,1
Anthony-Mcconnell,1
Anthony-Nelson,1
Anthony-Ortiz,1
Anthony-Smith,1
Anthony-Torres,1
"Archer And Ferguson, Hayes",1
"Archer And Lara, Ayala",1
"Archer And Meyer, Kline",1
"Archer And Wall Bell,",1
"Archer And Wallace Fleming,",1
Archer Ltd,1
"Archer Thompson Mahoney, And",1
Archer-Grant,1
Archer-Hicks,1
Archer-Powers,1
"Arellano And Armstrong Hensley,",1
"Arellano And Davis, Woodward",1
"Arellano And Martinez Casey,",1
"Arellano, And Burch Walsh",1
"Arellano, And Mcconnell Oconnor",1
"Arellano, Thomas And Cohen",1
Arellano-Kelly,1
Arellano-Lopez,1
Arellano-Ramirez,1
Arellano-Ritter,1
Arellano-Rivera,1
Arias Inc,1
"Arias, Rogers Gould And",1
Arias-Adkins,1
Arias-Allen,1
Arias-Cooper,1
Arias-Galvan,1
Arias-Huff,1
Arias-Rivera,1
"Armstrong And David Roman,",1
"Armstrong And Fox, Perez",1
"Armstrong Everett, Adams And",1
"Armstrong Foster Lynch, And",1
"Armstrong Guerrero, Vance And",1
Armstrong Inc,1
"Armstrong, And Clayton Nguyen",1
"Armstrong, Johnson And Dyer",1
Armstrong-Allen,1
Armstrong-Baker,1
Armstrong-Bernard,1
Armstrong-Carpenter,1
Armstrong-Cooper,1
Armstrong-Ferrell,1
Armstrong-Fox,1
Armstrong-Gilbert,1
Armstrong-Hines,1
Armstrong-Hubbard,1
Armstrong-James,1
Armstrong-Lewis,1
Armstrong-Miller,1
Armstrong-Patterson,1
Armstrong-Poole,1
Armstrong-Wagner,1
Armstrong-Wheeler,1
Armstrong-Williams,1
Armstrong-Williamson,1
"Arnold And Green, Green",1
Arnold And Sons,1
"Arnold Bishop And Ray,",1
"Arnold Gill, And Johnson",1
"Arnold Graham, And Barnes",1
Arnold Ltd,1
"Arnold Morgan, And Moore",1
"Arnold Schmidt, Golden And",1
"Arnold Steele, Maldonado And",1
"Arnold Walters Roth, And",1
"Arnold Williams Baker, And",1
"Arnold, Barajas Robles And",1
"Arnold, Franco Tran And",1
"Arnold, Horne And Peterson",1
"Arnold, Porter Gordon And",1
"Arnold, Steele Scott And",1
"Arnold, West Juarez And",1
Arnold-Aguirre,1
Arnold-Baker,1
Arnold-Charles,1
Arnold-Cooper,1
Arnold-Hurst,1
Arnold-Kelly,1
Arnold-Lopez,1
Arnold-Lowe,1
Arnold-Miles,1
Arnold-Navarro,1
Arnold-Nguyen,1
Arnold-Rivera,1
Arnold-Rodriguez,1
Arnold-Thompson,1
Arnold-Washington,1
"Arroyo And Wright, Brown",1
Arroyo Inc,1
"Arroyo Park, And Richards",1
"Arroyo Ware And Montgomery,",1
"Arroyo, Henry And Michael",1
Arroyo-Alvarado,1
Arroyo-Cervantes,1
Arroyo-Ingram,1
Arroyo-Jackson,1
Arroyo-Nielsen,1
Arroyo-Taylor,1
"Ashley And Diaz, Cameron",1
"Ashley Gonzalez, And Ward",1
Ashley Inc,1
"Ashley Miller, And Hamilton",1
"Ashley Murray, Maldonado And",1
"Ashley Newton Smith, And",1
Ashley Sons And,1
"Ashley, Barnes Castillo And",1
"Ashley, Taylor And Walker",1
Ashley-Burton,1
Ashley-Davis,1
Ashley-Hernandez,1
Ashley-Holland,1
Ashley-Johnson,1
Ashley-Kane,1
Ashley-Medina,1
Ashley-Ramsey,1
"Atkins And Morris, Harrell",1
Atkins Ltd,1
"Atkins Mahoney, And Kidd",1
"Atkins Martinez And Duncan,",1
Atkins Plc,1
"Atkins, Vega Davis And",1
Atkins-Berg,1
Atkins-Braun,1
Atkins-Clements,1
Atkins-Crawford,1
Atkins-Higgins,1
Atkins-Phillips,1
Atkins-Villegas,1
Atkinson Group,1
Atkinson Inc,1
Atkinson Llc,1
"Atkinson Mason Guerrero, And",1
"Atkinson, Hernandez Montoya And",1
Atkinson-Brady,1
Atkinson-Franklin,1
Atkinson-Hernandez,1
Atkinson-Howard,1
Atkinson-King,1
Atkinson-Patrick,1
Atkinson-Phillips,1
Atkinson-Ramirez,1
"Austin And Kennedy Murphy,",1
"Austin And Lowery, Robinson",1
"Austin Cisneros And Montgomery,",1
Austin Ltd,1
"Austin Watson Garcia, And",1
"Austin, And Mclaughlin Gibson",1
"Austin, And Reynolds Duran",1
"Austin, And Salas Blair",1
"Austin, Barr And Berry",1
"Austin, Barron And Moore",1
"Austin, Davis And Ramirez",1
"Austin, Morgan And Ellis",1
Austin-Anderson,1
Austin-Bradshaw,1
Austin-Evans,1
Austin-Farmer,1
Austin-Fletcher,1
Austin-Galvan,1
Austin-Gonzalez,1
Austin-Lin,1
Austin-Moore,1
Austin-Perez,1
Austin-Reid,1
Austin-Ross,1
Austin-Scott,1
Austin-Shannon,1
Austin-Shepherd,1
Austin-Shields,1
Austin-Taylor,1
Austin-Thompson,1
Austin-Wade,1
Austin-Ward,1
Austin-Watson,1
Austin-Webb,1
"Avery And French, Collins",1
Avery And Sons,1
"Avery Freeman Sandoval, And",1
"Avery Hamilton, And Sanchez",1
Avery Ltd,1
"Avery Mclaughlin, And Reed",1
"Avery White, And Santos",1
"Avery, And Mckenzie Kim",1
"Avery, Doyle Wells And",1
Avery-Alvarez,1
Avery-Kelly,1
Avery-Orozco,1
Avery-Reed,1
Avery-Reid,1
Avery-Roy,1
Avery-Smith,1
Avery-Wilson,1
"Avila And Knight Lindsey,",1
"Avila And Robertson Thompson,",1
"Avila Hernandez, Jones And",1
Avila Llc,1
Avila Plc,1
"Avila Ramirez, Duncan And",1
"Avila Washington, Burton And",1
"Avila, Smith And Meyer",1
"Avila, Wood Floyd And",1
Avila-Coleman,1
Avila-Fischer,1
Avila-Lewis,1
Avila-Lindsey,1
Avila-Patel,1
Avila-Reeves,1
"Ayala And Cruz, Wall",1
"Ayala Clark, Buchanan And",1
Ayala Llc,1
"Ayala Miller And Beck,",1
"Ayala Rose And Castillo,",1
"Ayala, And Rangel Costa",1
"Ayala, Keller Mcgee And",1
"Ayala, Snyder And Rivera",1
Ayala-Abbott,1
Ayala-Armstrong,1
Ayala-Boone,1
Ayala-Chavez,1
Ayala-Lewis,1
Ayala-Meyer,1
Ayala-Mitchell,1
Ayala-Moore,1
Ayala-Nixon,1
Ayala-Rivera,1
Ayala-Sandoval,1
Ayala-Stewart,1
Ayala-Townsend,1
Ayala-Woods,1
"Ayers And Garcia, Foster",1
Ayers Sons And,1
"Ayers Tran Brown, And",1
"Ayers, And Green Hall",1
"Ayers, Coleman Garcia And",1
"Ayers, Davis Parker And",1
Ayers-Alvarez,1
Ayers-Bowers,1
Ayers-Hess,1
Ayers-Smith,1
Ayers-Thomas,1
"Bailey And Davis Barry,",1
"Bailey And Hill Anderson,",1
"Bailey And Jacobson Spence,",1
"Bailey And Meadows, Wheeler",1
"Bailey And Meza Davis,",1
"Bailey And Ortiz, Garcia",1
"Bailey And Taylor Blackburn,",1
"Bailey And Wilson, Scott",1
"Bailey Beck And Riley,",1
"Bailey Combs, And Anderson",1
"Bailey Decker Hayes, And",1
"Bailey Gibbs Curtis, And",1
"Bailey Harrison And Pratt,",1
"Bailey Ingram, Tanner And",1
"Bailey Mason, Larsen And",1
"Bailey Morgan Frey, And",1
"Bailey Pena, And Cross",1
"Bailey Perry And Hill,",1
"Bailey Roberts, Nguyen And",1
"Bailey, And Miller Moreno",1
"Bailey, Chandler Knight And",1
"Bailey, Ferguson Hobbs And",1
"Bailey, Jones And Cobb",1
"Bailey, Marquez Smith And",1
"Bailey, Romero And Tucker",1
"Bailey, Vasquez And Robinson",1
Bailey-Bean,1
Bailey-Buckley,1
Bailey-Craig,1
Bailey-Dixon,1
Bailey-Duran,1
Bailey-Edwards,1
Bailey-English,1
Bailey-Flynn,1
Bailey-Freeman,1
Bailey-Gardner,1
Bailey-Gonzales,1
Bailey-Herman,1
Bailey-Hernandez,1
Bailey-Herrera,1
Bailey-Hood,1
Bailey-Hunt,1
Bailey-Jackson,1
Bailey-Jenkins,1
Bailey-Jordan,1
Bailey-Juarez,1
Bailey-Leach,1
Bailey-Logan,1
Bailey-Long,1
Bailey-Martinez,1
Bailey-Moore,1
Bailey-Murray,1
Bailey-Peterson,1
Bailey-Phillips,1
Bailey-Richmond,1
Bailey-Roberts,1
Bailey-Sandoval,1
Bailey-Smith,1
Bailey-Stewart,1
Bailey-Sullivan,1
Bailey-Tucker,1
Bailey-Turner,1
Bailey-Vance,1
Bailey-Vaughn,1
Bailey-Wallace,1
"Baird Bryant, Kim And",1
Baird-Coleman,1
Baird-Weber,1
Baird-West,1
Baird-Wood,1
Baird-Young,1
"Baker Alvarez, Pham And",1
"Baker And Barber Baxter,",1
"Baker And Boyd, Floyd",1
"Baker And Byrd, Bautista",1
"Baker And Carlson Boyle,",1
"Baker And Hamilton Bonilla,",1
"Baker And Le Dunn,",1
"Baker And Riddle Ellis,",1
"Baker And Rodriguez Garner,",1
"Baker And Thompson, Johnson",1
"Baker And White, Smith",1
"Baker And Wright Pitts,",1
"Baker And Zimmerman, Powell",1
"Baker Andrade, And Johnson",1
"Baker Armstrong, And Schneider",1
"Baker Bautista And Benitez,",1
"Baker Conrad And Andrews,",1
"Baker Elliott And Miller,",1
"Baker Gardner Pearson, And",1
"Baker Hernandez And Scott,",1
"Baker Hoffman Carpenter, And",1
"Baker Jenkins And Anderson,",1
"Baker Jones, Brown And",1
"Baker Knight, Liu And",1
"Baker Larson, Berg And",1
"Baker Leon, And Johnson",1
"Baker Mills And Cobb,",1
"Baker Rollins, Taylor And",1
"Baker Taylor, Wilson And",1
"Baker Tucker Webster, And",1
"Baker, And Brown Carroll",1
"Baker, And Hughes Little",1
"Baker, And Padilla Mclaughlin",1
"Baker, And Perez Silva",1
"Baker, And Smith Robinson",1
"Baker, Arellano Diaz And",1
"Baker, Davis Hill And",1
"Baker, Johnson Rich And",1
"Baker, Padilla Anderson And",1
"Baker, Weber Patton And",1
Baker-Aguilar,1
Baker-Anderson,1
Baker-Arellano,1
Baker-Austin,1
Baker-Bauer,1
Baker-Beck,1
Baker-Bennett,1
Baker-Burke,1
Baker-Castillo,1
Baker-Collins,1
Baker-Combs,1
Baker-Davis,1
Baker-Duffy,1
Baker-Ellis,1
Baker-Evans,1
Baker-Frank,1
Baker-Gill,1
Baker-Gregory,1
Baker-Griffith,1
Baker-Haas,1
Baker-Hall,1
Baker-Hamilton,1
Baker-Hernandez,1
Baker-Hill,1
Baker-Hogan,1
Baker-Hudson,1
Baker-Jackson,1
Baker-Jones,1
Baker-Joyce,1
Baker-Kaiser,1
Baker-Krause,1
Baker-Mann,1
Baker-Mcintosh,1
Baker-Moore,1
Baker-Moran,1
Baker-Morrison,1
Baker-Murphy,1
Baker-Myers,1
Baker-Nelson,1
Baker-Ortiz,1
Baker-Pineda,1
Baker-Prince,1
Baker-Quinn,1
Baker-Rice,1
Baker-Sanchez,1
Baker-Shaw,1
Baker-Simon,1
Baker-Soto,1
Baker-Stokes,1
Baker-Turner,1
Baker-Wagner,1
Baker-Watkins,1
"Baldwin And Chaney Gomez,",1
"Baldwin And Perez Cook,",1
"Baldwin And Santos Potter,",1
"Baldwin Fernandez And Ayala,",1
Baldwin Group,1
"Baldwin Kent Archer, And",1
"Baldwin Rowe Browning, And",1
"Baldwin Skinner And Berger,",1
"Baldwin, And Roberts Ray",1
"Baldwin, Cook And King",1
"Baldwin, Flores Bennett And",1
Baldwin-Allen,1
Baldwin-Carroll,1
Baldwin-Lindsey,1
Baldwin-Marshall,1
Baldwin-Mendez,1
Baldwin-Schultz,1
Baldwin-Wheeler,1
"Ball And Jimenez Hines,",1
"Ball And Martinez, Rowe",1
"Ball And Potter, Dickerson",1
Ball And Sons,1
Ball Inc,1
Ball Plc,1
Ball Sons And,1
"Ball Velez, And Ramirez",1
"Ball, Parker And Summers",1
Ball-Bell,1
Ball-Brown,1
Ball-Browning,1
Ball-Elliott,1
Ball-Myers,1
Ball-Nguyen,1
Ball-Oliver,1
Ball-Peck,1
Ball-Stevens,1
Ball-Willis,1
"Ballard And Pearson, Nelson",1
Ballard Inc,1
Ballard Plc,1
"Ballard Price Collins, And",1
"Ballard, And Avery Hickman",1
"Ballard, Baker And Cross",1
"Ballard, Silva Anderson And",1
Ballard-Glenn,1
Ballard-Hancock,1
Ballard-Jackson,1
Ballard-Nixon,1
Ballard-Valdez,1
"Banks Austin, And Carter",1
"Banks Cole Michael, And",1
"Banks Diaz And Peters,",1
"Banks Flowers Weaver, And",1
"Banks Gordon And Browning,",1
"Banks Huynh Brooks, And",1
"Banks Johnson And Dennis,",1
Banks Llc,1
Banks Ltd,1
"Banks Marks And Gordon,",1
"Banks Molina Moody, And",1
"Banks Sawyer, Manning And",1
"Banks, Davis And Morales",1
"Banks, Thomas And Robertson",1
Banks-Anderson,1
Banks-Callahan,1
Banks-Freeman,1
Banks-Gay,1
Banks-Higgins,1
Banks-Howard,1
Banks-Johnson,1
Banks-Martin,1
Banks-Montgomery,1
Banks-Petersen,1
Banks-Quinn,1
Banks-Shepard,1
Banks-Smith,1
Banks-Wallace,1
Banks-Washington,1
Banks-West,1
"Barajas And Byrd, Wolf",1
"Barajas And Preston Martinez,",1
"Barajas Wood, And Shaw",1
"Barajas, Smith And Young",1
Barajas-Hughes,1
Barajas-Whitney,1
"Barber And Anderson, Ali",1
"Barber And Johnson Williams,",1
"Barber And Olsen Baker,",1
"Barber And Rodriguez Thomas,",1
"Barber And Scott Hartman,",1
"Barber And Smith Mason,",1
"Barber Benson, And Perry",1
"Barber Bryant Mason, And",1
Barber Group,1
Barber Ltd,1
"Barber Mcdowell And Thompson,",1
"Barber Mendoza, Myers And",1
Barber Plc,1
"Barber Waters Castillo, And",1
"Barber White, And Kirk",1
"Barber, Rojas Carlson And",1
Barber-Adams,1
Barber-Boone,1
Barber-Chandler,1
Barber-Clark,1
Barber-Hernandez,1
Barber-Lang,1
Barber-Lopez,1
Barber-Maynard,1
Barber-Miller,1
Barber-Nunez,1
Barber-Page,1
Barber-Perry,1
Barber-Powers,1
"Barker And Tapia, Parsons",1
"Barker And Walker, Pena",1
"Barker Campbell Miles, And",1
Barker Group,1
"Barker Hammond Rogers, And",1
Barker Llc,1
"Barker Rivera, And Hernandez",1
"Barker, And Cox Rangel",1
"Barker, And Harrington Roberts",1
"Barker, Costa Hahn And",1
"Barker, Moody And Johnson",1
"Barker, Nguyen Long And",1
"Barker, Sanders Thomas And",1
Barker-Adams,1
Barker-Arnold,1
Barker-Dixon,1
Barker-Escobar,1
Barker-Freeman,1
Barker-Hill,1
Barker-Hoffman,1
Barker-Hogan,1
Barker-Hull,1
Barker-Marshall,1
Barker-Miller,1
Barker-Mitchell,1
Barker-Ochoa,1
Barker-Wise,1
"Barnes And Brown, Hart",1
"Barnes And Harris, Byrd",1
"Barnes And Hopkins Huynh,",1
"Barnes And Ramsey, Carter",1
Barnes And Sons,1
"Barnes And Taylor, Graham",1
"Barnes And Thompson, Coffey",1
"Barnes Anderson, Martin And",1
"Barnes Brooks, And Barnes",1
"Barnes Cervantes And Myers,",1
"Barnes Cummings And Marshall,",1
"Barnes Green, Gonzalez And",1
"Barnes Jackson And Alvarado,",1
"Barnes Jackson, And White",1
"Barnes Jensen, And Kennedy",1
"Barnes Kennedy Thomas, And",1
"Barnes Perez, Jackson And",1
"Barnes Rodriguez, And Stephens",1
"Barnes Santos Andrews, And",1
"Barnes Soto, And Andrade",1
"Barnes Woods, Meyer And",1
"Barnes, And Daugherty Huber",1
"Barnes, And Johnson Alexander",1
"Barnes, And Martin Perez",1
"Barnes, And Wilson Golden",1
"Barnes, Lawson And Rivera",1
"Barnes, Murray And Meyer",1
"Barnes, Pollard And Mueller",1
"Barnes, Rodriguez Anderson And",1
"Barnes, Wiggins Anderson And",1
Barnes-Anderson,1
Barnes-Arroyo,1
Barnes-Bradley,1
Barnes-Butler,1
Barnes-Campbell,1
Barnes-Cardenas,1
Barnes-Chang,1
Barnes-Chase,1
Barnes-Day,1
Barnes-Dillon,1
Barnes-Floyd,1
Barnes-Gordon,1
Barnes-Graham,1
Barnes-Griffin,1
Barnes-Hatfield,1
Barnes-Henry,1
Barnes-Hill,1
Barnes-Hurst,1
Barnes-Kelley,1
Barnes-King,1
Barnes-Lucas,1
Barnes-Luna,1
Barnes-Mayer,1
Barnes-Morris,1
Barnes-Mosley,1
Barnes-Nelson,1
Barnes-Nguyen,1
Barnes-Norris,1
Barnes-Obrien,1
Barnes-Ruiz,1
Barnes-Ryan,1
Barnes-Sanchez,1
Barnes-Shah,1
Barnes-Sheppard,1
Barnes-Steele,1
Barnes-Vargas,1
Barnes-Walker,1
"Barnett And Berger Rangel,",1
"Barnett And Richards, Avila",1
"Barnett And Wilkerson, Davis",1
"Barnett Bailey And Fleming,",1
"Barnett Bass, Pacheco And",1
Barnett Plc,1
"Barnett Robinson, Williams And",1
"Barnett Wheeler And Norman,",1
"Barnett Young, And Garcia",1
"Barnett, And Kelly Klein",1
"Barnett, Cunningham Bauer And",1
"Barnett, Lopez Johnson And",1
"Barnett, Noble Miller And",1
"Barnett, Ramirez And Davis",1
Barnett-Adams,1
Barnett-Brown,1
Barnett-Cruz,1
Barnett-Francis,1
Barnett-Garcia,1
Barnett-Gonzalez,1
Barnett-Harris,1
Barnett-Long,1
Barnett-Lopez,1
Barnett-Matthews,1
Barnett-Patton,1
Barnett-Shah,1
Barnett-Simmons,1
Barnett-Solomon,1
Barnett-Tanner,1
"Barr And Fitzgerald Newton,",1
"Barr Cox And Webb,",1
Barr Group,1
Barr Inc,1
Barr-Fowler,1
Barr-Horne,1
Barr-Hutchinson,1
Barr-Le,1
Barr-Leonard,1
Barr-Ramirez,1
Barr-Richardson,1
Barr-Warren,1
"Barrera And Turner Edwards,",1
"Barrera And Valencia, Rangel",1
"Barrera Braun And Powell,",1
"Barrera Brown, And Beck",1
"Barrera Long And Vargas,",1
"Barrera, Lynch And Austin",1
"Barrera, Miller And Black",1
"Barrera, Ramos And Gomez",1
Barrera-Campbell,1
Barrera-Nash,1
Barrera-Reyes,1
Barrera-Vargas,1
Barrera-Woodard,1
"Barrett And Hayes Contreras,",1
"Barrett And Rivers Scott,",1
"Barrett Johnson King, And",1
"Barrett Johnson, Fischer And",1
"Barrett Lee And Ramos,",1
Barrett Llc,1
"Barrett Owens, And Fisher",1
"Barrett Parker And Wright,",1
"Barrett Robles Bennett, And",1
"Barrett Williams And Ball,",1
"Barrett, And Perry Bailey",1
"Barrett, And Quinn Mann",1
"Barrett, Thomas And Johnson",1
Barrett-Barrera,1
Barrett-Barron,1
Barrett-Clark,1
Barrett-Farmer,1
Barrett-Foster,1
Barrett-Grimes,1
Barrett-Hoover,1
Barrett-Johnson,1
Barrett-Jones,1
Barrett-Pope,1
Barrett-Robinson,1
Barrett-Sanford,1
Barrett-Stark,1
Barrett-Williams,1
Barrett-Wright,1
"Barron And Davis Whitehead,",1
"Barron Giles, And Morris",1
Barron Group,1
Barron Ltd,1
"Barron Smith, Sullivan And",1
"Barron, And Hall Brewer",1
"Barron, Schwartz Williams And",1
Barron-Jarvis,1
Barron-Pennington,1
Barron-Phillips,1
"Barry Blackwell, And Abbott",1
Barry Group,1
Barry-Barron,1
Barry-Cabrera,1
Barry-Whitaker,1
"Bartlett Brown, Miranda And",1
"Bartlett Carpenter And Heath,",1
"Bartlett Crane, Petersen And",1
"Bartlett Hays Shelton, And",1
Bartlett Llc,1
"Bartlett Owens And Hardy,",1
"Bartlett Shelton, Lewis And",1
"Bartlett, Baker And Fowler",1
Bartlett-Huffman,1
Bartlett-Logan,1
Bartlett-Martinez,1
Bartlett-Richards,1
Barton And Sons,1
"Barton And Tanner, White",1
"Barton Campbell Smith, And",1
"Barton Dunn, And Flores",1
"Barton Goodwin And Hunt,",1
Barton Group,1
"Barton Mccann, King And",1
Barton Plc,1
Barton Sons And,1
"Barton Torres, Sutton And",1
"Barton Williams And Lewis,",1
"Barton, And Howe Rivera",1
"Barton, And Morris Olson",1
"Barton, And Morrison Dean",1
"Barton, Fowler May And",1
"Barton, Phillips And Smith",1
Barton-Carr,1
Barton-Collins,1
Barton-Johnson,1
Barton-Kelley,1
Barton-Mckay,1
Barton-Myers,1
Barton-Vaughan,1
Barton-Waller,1
Barton-Webb,1
"Bass And Hernandez Taylor,",1
"Bass And Hudson, Pittman",1
Bass Llc,1
Bass Ltd,1
"Bass Martinez Watson, And",1
Bass Plc,1
"Bass Weeks, Howard And",1
"Bass, Martinez And Carpenter",1
Bass-Armstrong,1
Bass-Bell,1
Bass-Black,1
Bass-Davis,1
Bass-Howe,1
Bass-Hunt,1
Bass-Price,1
Bates And Sons,1
"Bates Anderson And Carpenter,",1
"Bates Barnes Jones, And",1
"Bates Gomez, And Larson",1
Bates Llc,1
Bates Plc,1
"Bates Raymond Robinson, And",1
"Bates Stanley Alexander, And",1
"Bates, And Jones Gutierrez",1
"Bates, Cabrera Cooper And",1
"Bates, Jarvis And Moore",1
"Bates, Moody And Walsh",1
Bates-Ashley,1
Bates-Brown,1
Bates-Clark,1
Bates-Davis,1
Bates-Johnson,1
Bates-Jones,1
Bates-Mckinney,1
Bates-Torres,1
Bates-White,1
"Bauer And Anderson Davis,",1
"Bauer And Stewart, Flores",1
"Bauer Camacho, Keith And",1
"Bauer, And Watson Little",1
Bauer-Cunningham,1
Bauer-Hawkins,1
Bauer-Hill,1
Bauer-King,1
Bauer-Logan,1
Bauer-Mayer,1
Bauer-Roberts,1
Bauer-Santos,1
Bauer-Sutton,1
Bauer-Torres,1
"Bautista And Evans Blevins,",1
"Bautista Dickerson, Gomez And",1
"Bautista Torres Powell, And",1
"Bautista, And Grimes Burgess",1
"Bautista, And Lam Velazquez",1
"Bautista, Hernandez And Smith",1
Bautista-Calderon,1
Bautista-Carney,1
Bautista-Hawkins,1
Bautista-Moore,1
Bautista-Murray,1
Bautista-Poole,1
Baxter And Sons,1
Baxter Group,1
"Baxter Khan, And Jarvis",1
Baxter-Collins,1
Baxter-Crawford,1
Baxter-Garcia,1
Baxter-Hughes,1
Baxter-Murphy,1
Baxter-Taylor,1
Baxter-Wilkerson,1
Baxter-Young,1
"Bean And Morrow, Ingram",1
Bean And Sons,1
"Bean Clark, Lamb And",1
Bean Inc,1
"Bean Jimenez, And Blake",1
"Bean, And Wilson Holmes",1
Bean-Dickson,1
"Beard And Johnson Boyd,",1
"Beard And Pham Williams,",1
"Beard Gill White, And",1
Beard Plc,1
"Beard, Porter And Wolfe",1
Beard-Bell,1
Beard-Burke,1
Beard-Burns,1
Beard-Chandler,1
Beard-Freeman,1
Beard-Johnson,1
Beard-Jones,1
Beard-Leon,1
Beard-Michael,1
Beard-Oconnor,1
Beard-Price,1
Beard-Santos,1
Beard-Valdez,1
"Beasley Huff, And Allen",1
Beasley Inc,1
"Beasley James Wolfe, And",1
"Beasley King, Richmond And",1
"Beasley Martin, King And",1
"Beasley Monroe, Thomas And",1
Beasley Sons And,1
"Beasley, Osborn Rodriguez And",1
Beasley-Cain,1
Beasley-Caldwell,1
Beasley-Ellison,1
Beasley-Mcintosh,1
Beasley-Smith,1
"Beck And Carlson, Barajas",1
"Beck And Clark, Hernandez",1
"Beck And Hopkins Vasquez,",1
"Beck And Martinez, Salinas",1
"Beck And Mason Cooper,",1
"Beck Cook, And Clark",1
"Beck Dennis Summers, And",1
Beck Group,1
"Beck Howe And Mcgrath,",1
Beck Plc,1
"Beck Roberson, And Stanley",1
"Beck Ross, Brown And",1
Beck Sons And,1
"Beck Terrell, Williams And",1
"Beck White Anderson, And",1
"Beck Young Rogers, And",1
"Beck, Malone Braun And",1
Beck-Anderson,1
Beck-Bell,1
Beck-Blanchard,1
Beck-Calhoun,1
Beck-Chavez,1
Beck-Davis,1
Beck-Dominguez,1
Beck-Duke,1
Beck-Galloway,1
Beck-Griffin,1
Beck-Haynes,1
Beck-Howard,1
Beck-Kim,1
Beck-Martinez,1
Beck-Nelson,1
Beck-Ortega,1
Beck-Romero,1
Beck-Thomas,1
Beck-Turner,1
Beck-Wade,1
Beck-Wells,1
"Becker And Hancock Baker,",1
"Becker And Martinez Romero,",1
"Becker And Spears Mata,",1
"Becker Baldwin And Miller,",1
"Becker Cruz, And Alvarez",1
Becker Inc,1
Becker Ltd,1
Becker Plc,1
"Becker Smith Carlson, And",1
Becker Sons And,1
"Becker, And Cochran Walker",1
"Becker, Anderson And Holmes",1
"Becker, Humphrey Carter And",1
"Becker, Snyder Buchanan And",1
"Becker, Sullivan And Watson",1
"Becker, Thompson And Mcbride",1
Becker-Clayton,1
Becker-Cummings,1
Becker-Hensley,1
Becker-King,1
Becker-Lopez,1
Becker-Meyer,1
Becker-Perez,1
Becker-Peters,1
Becker-Robinson,1
Becker-Welch,1
"Bell Allen And Smith,",1
"Bell And Archer, Jimenez",1
"Bell And Brown, Edwards",1
"Bell And Cook, Kemp",1
"Bell And Davis Ross,",1
"Bell And Fields, Bennett",1
"Bell And Guerrero, Marshall",1
"Bell And Little Romero,",1
"Bell And Lutz Roy,",1
"Bell And Olson, Herrera",1
"Bell And Phillips, Davis",1
"Bell And Sawyer Vincent,",1
Bell And Sons,1
"Bell Daniels, And Hurst",1
"Bell Davis, Montes And",1
"Bell Gonzalez, And Smith",1
"Bell Henry, Russell And",1
"Bell Johnson Gordon, And",1
"Bell King And Williams,",1
"Bell Long And Fox,",1
Bell Ltd,1
"Bell Meyer Stein, And",1
"Bell Mills And Saunders,",1
"Bell Parrish, And Reeves",1
"Bell Patel, And Barker",1
"Bell Peterson And Hall,",1
"Bell Pham, Cruz And",1
"Bell Phillips, Hoffman And",1
"Bell Preston Washington, And",1
"Bell Rivera, And Browning",1
"Bell Rodriguez, Weaver And",1
Bell Sons And,1
"Bell Wallace, And Perkins",1
"Bell, And Chaney Garcia",1
"Bell, And Craig Brewer",1
"Bell, And Long King",1
"Bell, And Page Jacobs",1
"Bell, And Rodriguez Gutierrez",1
"Bell, And Shaw Mason",1
"Bell, Bean Rosario And",1
"Bell, Carroll And Mendoza",1
"Bell, Choi And Nguyen",1
"Bell, Dorsey Mendoza And",1
"Bell, Hill And Cobb",1
"Bell, Levine And Reeves",1
"Bell, Smith And Rodriguez",1
"Bell, Wilson Jones And",1
"Bell, Wright And Brown",1
Bell-Acevedo,1
Bell-Beck,1
Bell-Brooks,1
Bell-Buchanan,1
Bell-Buck,1
Bell-Cannon,1
Bell-Carlson,1
Bell-Chavez,1
Bell-Davis,1
Bell-Estrada,1
Bell-Fields,1
Bell-Garcia,1
Bell-Gonzales,1
Bell-Green,1
Bell-Hamilton,1
Bell-Harper,1
Bell-Harris,1
Bell-Hernandez,1
Bell-Hughes,1
Bell-Kennedy,1
Bell-Lawrence,1
Bell-Lawson,1
Bell-Lee,1
Bell-Long,1
Bell-Lopez,1
Bell-Marquez,1
Bell-Martin,1
Bell-Martinez,1
Bell-Moore,1
Bell-Morgan,1
Bell-Ortiz,1
Bell-Padilla,1
Bell-Paul,1
Bell-Ramos,1
Bell-Reid,1
Bell-Santana,1
Bell-Smith,1
Bell-Spencer,1
Bell-Thomas,1
Bell-Williams,1
Bell-Zimmerman,1
Beltran And Sons,1
Beltran Ltd,1
"Beltran Mitchell, Brown And",1
"Beltran Vargas, And Barnett",1
"Beltran, And Hodges Martinez",1
"Beltran, And Marsh Harris",1
"Beltran, Rivera And Marquez",1
Beltran-Miller,1
Beltran-Reed,1
"Bender Campos Scott, And",1
Bender Group,1
Bender Inc,1
Bender Ltd,1
"Bender, And Acevedo Curtis",1
"Bender, And Garza Friedman",1
Bender-Alexander,1
Bender-Allen,1
Bender-Barker,1
Bender-Bowman,1
Bender-Fisher,1
Bender-Gonzales,1
Bender-Howe,1
Bender-Johnson,1
Bender-Yang,1
"Benitez Carroll, And Hutchinson",1
Benitez Inc,1
"Benitez Johnson And Nelson,",1
"Benitez Salazar And Martinez,",1
"Benitez, Gutierrez Schaefer And",1
Benitez-French,1
Benitez-Hall,1
Benitez-Lutz,1
Benitez-Nguyen,1
Benitez-Rodriguez,1
Benitez-Woods,1
"Benjamin And Jennings Cunningham,",1
"Benjamin And Maddox, Phillips",1
"Benjamin Davidson, And Mckenzie",1
Benjamin Inc,1
"Benjamin, And Miller Briggs",1
Benjamin-Becker,1
Benjamin-Brown,1
Benjamin-Cochran,1
Benjamin-Patel,1
Benjamin-Reed,1
Benjamin-Sanford,1
Benjamin-Stewart,1
Benjamin-Williams,1
"Bennett And Carter, Bailey",1
"Bennett And Friedman Robinson,",1
"Bennett And Harvey, Curtis",1
"Bennett And Moore, Smith",1
"Bennett And Smith Burton,",1
"Bennett And Walker Murray,",1
"Bennett And Yates Jones,",1
"Bennett Byrd, Cruz And",1
"Bennett Garcia And Young,",1
"Bennett Grant And Anderson,",1
"Bennett Leonard, And Mcclain",1
"Bennett Peters Spears, And",1
"Bennett, Benson Rodriguez And",1
"Bennett, Carter And Hall",1
"Bennett, Gonzalez Webster And",1
"Bennett, Johnston And Welch",1
"Bennett, Krause And Wagner",1
"Bennett, Leach And Jackson",1
"Bennett, Mccarthy And Anderson",1
"Bennett, Murphy Roberts And",1
"Bennett, Nelson Robinson And",1
"Bennett, Pierce And Davis",1
Bennett-Atkinson,1
Bennett-Becker,1
Bennett-Bennett,1
Bennett-Brooks,1
Bennett-Buckley,1
Bennett-Burgess,1
Bennett-Conley,1
Bennett-Cooper,1
Bennett-Crawford,1
Bennett-Flores,1
Bennett-Fox,1
Bennett-Fritz,1
Bennett-Gibson,1
Bennett-Kidd,1
Bennett-King,1
Bennett-Klein,1
Bennett-Lee,1
Bennett-Livingston,1
Bennett-Lopez,1
Bennett-Moses,1
Bennett-Murillo,1
Bennett-Nelson,1
Bennett-Nguyen,1
Bennett-Perry,1
Bennett-Ramirez,1
Bennett-Roberts,1
Bennett-Rojas,1
Bennett-Ross,1
Bennett-Sanders,1
Bennett-Sherman,1
Bennett-Smith,1
Bennett-Stephenson,1
Bennett-Turner,1
Bennett-Vance,1
Bennett-Vazquez,1
Bennett-West,1
Bennett-Wheeler,1
Bennett-Williams,1
Bennett-Wright,1
"Benson And Arroyo, Rodriguez",1
"Benson And Davis, Richards",1
"Benson And Reynolds, Bush",1
"Benson Leach, Stephens And",1
"Benson Lynch, And Carlson",1
"Benson Wilson And Stewart,",1
"Benson, And Young Thompson",1
Benson-Brooks,1
Benson-Brown,1
Benson-Caldwell,1
Benson-Cook,1
Benson-Cunningham,1
Benson-Flores,1
Benson-Franklin,1
Benson-Gilmore,1
Benson-Johnson,1
Benson-Kelly,1
Benson-King,1
Benson-Miller,1
Benson-Pacheco,1
Benson-Rogers,1
Benson-Simon,1
Benson-Weber,1
Benson-White,1
"Bentley And Cooper Davis,",1
"Bentley Bradshaw Johnston, And",1
"Bentley Good, And Barr",1
Bentley Ltd,1
Bentley Plc,1
Bentley Sons And,1
"Bentley, And Shah Hodges",1
Bentley-Knight,1
Bentley-Smith,1
"Benton And Waller Martinez,",1
Benton Group,1
Benton-King,1
Benton-Meadows,1
Benton-Reyes,1
Benton-Rocha,1
Benton-Simon,1
Benton-Woods,1
"Berg And Meyer, Bell",1
"Berg George Wilcox, And",1
"Berg Martin And Gonzalez,",1
"Berg, Perkins And Chan",1
Berg-Arroyo,1
Berg-Avery,1
Berg-Carroll,1
Berg-Cooper,1
Berg-Haney,1
Berg-Hanson,1
Berg-Harper,1
Berg-Jones,1
Berg-Mcconnell,1
Berg-Mcgrath,1
Berg-Miller,1
Berg-Mitchell,1
Berg-Pineda,1
Berg-Robertson,1
Berg-Rodriguez,1
Berg-Ruiz,1
Berg-Sanchez,1
"Berger And Deleon, Martin",1
"Berger Baker, And Hull",1
"Berger Edwards And Carey,",1
Berger Llc,1
"Berger Sanford And Dennis,",1
Berger-Clark,1
Berger-Lopez,1
Berger-Pineda,1
Berger-Robinson,1
Berger-Schaefer,1
Berger-Wood,1
"Bernard And Carroll, Gross",1
"Bernard And Perez, Miller",1
Bernard Llc,1
Bernard Sons And,1
"Bernard, And Montoya Dixon",1
"Bernard, Griffith And Garcia",1
Bernard-Flores,1
Bernard-Long,1
Bernard-Martin,1
Bernard-Robles,1
Bernard-Shelton,1
Bernard-Sullivan,1
Bernard-Taylor,1
Bernard-Williams,1
"Berry And Clark Shaw,",1
"Berry And Fischer, Wells",1
"Berry And Hoover, Mack",1
"Berry And Martinez, Anderson",1
"Berry Kelly, And Leonard",1
"Berry Sanchez, Bowen And",1
Berry Sons And,1
"Berry, And Bryan Baker",1
"Berry, Anderson Hernandez And",1
"Berry, Anthony Bryant And",1
"Berry, Howell And Wallace",1
"Berry, Mason Aguirre And",1
"Berry, Ramirez And Gallagher",1
Berry-Adkins,1
Berry-Barker,1
Berry-Berg,1
Berry-Carney,1
Berry-Cox,1
Berry-Cummings,1
Berry-Cunningham,1
Berry-Escobar,1
Berry-Fischer,1
Berry-Flores,1
Berry-Gonzales,1
Berry-Grant,1
Berry-Green,1
Berry-Maldonado,1
Berry-Nguyen,1
Berry-Wallace,1
Berry-Wilson,1
"Best Edwards, Bush And",1
Best Ltd,1
Best Sons And,1
Best-Acevedo,1
Best-Becker,1
Best-Davis,1
Best-Johnson,1
Best-Ramsey,1
"Bird And Peterson, Baker",1
"Bird Ford, And Dunlap",1
Bird Inc,1
Bird Llc,1
Bird Plc,1
"Bird Rangel And Castro,",1
"Bird Whitaker Hall, And",1
"Bird, And Arnold Parks",1
"Bird, And Jacobson Dorsey",1
Bird-Hughes,1
Bird-Huynh,1
Bird-Johnson,1
Bird-Kennedy,1
"Bishop And Anderson, Powell",1
"Bishop And Fitzpatrick, Craig",1
"Bishop And Hunt Mccann,",1
"Bishop And Sanchez Martin,",1
Bishop And Sons,1
"Bishop And Weaver, Dixon",1
Bishop Llc,1
"Bishop Munoz And Davies,",1
"Bishop Smith, Mason And",1
"Bishop Spence, Martinez And",1
"Bishop, Duncan And Carroll",1
"Bishop, Olsen Watson And",1
"Bishop, Wong Brown And",1
"Bishop, Wright And Wright",1
Bishop-Bautista,1
Bishop-Bell,1
Bishop-Clark,1
Bishop-Dawson,1
Bishop-Gamble,1
Bishop-Hernandez,1
Bishop-Hess,1
Bishop-Jensen,1
Bishop-King,1
Bishop-Lee,1
Bishop-Patel,1
Bishop-Shaw,1
Bishop-Snyder,1
Bishop-Summers,1
Bishop-Taylor,1
Bishop-Williams,1
"Black And Carter, Smith",1
"Black And Norris, Brewer",1
Black And Sons,1
"Black Dyer, And Barnes",1
Black Group,1
"Black Hernandez, Reid And",1
"Black Mcdaniel And Johnson,",1
"Black Robles, And Zhang",1
"Black Stein And Brown,",1
"Black, And Erickson Nunez",1
"Black, And Mckinney Lewis",1
"Black, Carter Hendrix And",1
"Black, Zuniga And Reed",1
Black-Blake,1
Black-Conway,1
Black-Foster,1
Black-Greene,1
Black-Hicks,1
Black-Hunter,1
Black-Jordan,1
Black-Kirby,1
Black-Martin,1
Black-Romero,1
Black-Sandoval,1
Black-Sloan,1
Black-Stevens,1
Black-Strickland,1
Black-Walker,1
Black-Wilson,1
"Blackburn Peterson And Mccarthy,",1
"Blackburn Peterson, And Terry",1
Blackburn Plc,1
"Blackburn Taylor, Hanna And",1
"Blackburn Weber And Carr,",1
Blackburn-Ayala,1
Blackburn-Barton,1
Blackburn-Norman,1
Blackwell Llc,1
"Blackwell Martinez, And Solomon",1
"Blackwell Mcclain Diaz, And",1
"Blackwell, Francis And Phillips",1
"Blackwell, Myers Perez And",1
"Blackwell, Wilkinson And Cummings",1
Blackwell-Alvarez,1
Blackwell-Barnett,1
Blackwell-Cooper,1
Blackwell-Cross,1
Blackwell-Gamble,1
Blackwell-Gilbert,1
Blackwell-Howard,1
Blackwell-Hurst,1
Blackwell-Lozano,1
Blackwell-Martin,1
Blackwell-Smith,1
Blackwell-Wilson,1
"Blair And Nelson, Stephens",1
Blair And Sons,1
"Blair Beard Jones, And",1
Blair Inc,1
Blair Sons And,1
"Blair, Burnett And Leach",1
"Blair, Johnson And Roberts",1
"Blair, Martin Young And",1
Blair-Bell,1
Blair-Butler,1
Blair-Clayton,1
Blair-Edwards,1
Blair-Hernandez,1
Blair-Jennings,1
Blair-Madden,1
Blair-Mcneil,1
Blair-Perez,1
Blair-Ramirez,1
Blair-Tucker,1
"Blake And Sanders, Johnson",1
Blake And Sons,1
"Blake And Watts Dixon,",1
"Blake Banks And Saunders,",1
"Blake Humphrey And Matthews,",1
Blake Inc,1
Blake Plc,1
"Blake, And Dunn Garrett",1
"Blake, And Kidd Larson",1
"Blake, Dixon And Smith",1
Blake-Bishop,1
Blake-Brown,1
Blake-Cortez,1
Blake-Davis,1
Blake-Livingston,1
Blake-Moon,1
Blake-Thomas,1
Blanchard And Sons,1
Blanchard Ltd,1
"Blanchard Mann And Bell,",1
Blanchard Plc,1
"Blanchard, And Hughes Fuller",1
Blanchard-Adams,1
Blanchard-Charles,1
Blanchard-Fisher,1
Blanchard-Harper,1
Blanchard-Strickland,1
Blanchard-Watson,1
Blanchard-Wilson,1
"Blankenship Mcdonald, And Rodriguez",1
Blankenship Plc,1
"Blankenship, And Alvarado Martinez",1
"Blankenship, Mcgee Palmer And",1
Blankenship-Collins,1
Blankenship-George,1
Blankenship-Hopkins,1
Blankenship-Lozano,1
Blankenship-Mendoza,1
Blankenship-Moore,1
Blankenship-Payne,1
Blankenship-Scott,1
Blevins Group,1
Blevins Ltd,1
Blevins Sons And,1
"Blevins Taylor And Castro,",1
"Blevins, And Thomas Freeman",1
Blevins-Douglas,1
Blevins-Greer,1
Blevins-Johnson,1
Blevins-Martinez,1
"Bolton Acosta And Little,",1
"Bolton Arroyo And Valdez,",1
"Bolton Campbell And Holland,",1
Bolton Group,1
"Bolton, And Gonzalez Turner",1
Bolton-Bell,1
Bolton-Lin,1
Bolton-Rios,1
Bolton-Rivera,1
Bolton-Weaver,1
Bolton-White,1
"Bond And Ball, Torres",1
"Bond Brown And Stevens,",1
Bond Group,1
"Bond Johnson Robinson, And",1
"Bond Oliver, And Heath",1
"Bond Perez, Johnson And",1
"Bond Scott, And Cervantes",1
"Bond, And Lopez Poole",1
"Bond, Clark Smith And",1
"Bond, Gross And Murray",1
Bond-Bradley,1
Bond-Gomez,1
Bond-Griffith,1
Bond-Hudson,1
Bond-Martinez,1
Bond-Morse,1
Bond-Perez,1
Bond-Stewart,1
"Bonilla And Miller Jackson,",1
Bonilla And Sons,1
Bonilla Inc,1
Bonilla Llc,1
Bonilla Ltd,1
Bonilla-Chambers,1
Bonilla-Farrell,1
Bonilla-Morales,1
Bonilla-Oconnell,1
Bonilla-Underwood,1
"Booker Eaton, And Giles",1
Booker Group,1
"Booker Macias And Fisher,",1
"Booker Mcpherson, Moore And",1
"Booker Munoz And Allen,",1
Booker Plc,1
"Booker Smith, Harrison And",1
"Booker, And Sandoval Molina",1
"Booker, Flores And Salinas",1
"Booker, Juarez And Barnes",1
Booker-Ayala,1
Booker-Ball,1
Booker-Garcia,1
Booker-Hubbard,1
Booker-Mitchell,1
Booker-Valenzuela,1
Booker-Wilson,1
"Boone Adams And Clark,",1
"Boone Allen, Ortiz And",1
"Boone And French, Taylor",1
"Boone Anderson, Williams And",1
"Boone Barker And Paul,",1
"Boone Fox, And Smith",1
"Boone Krueger Dudley, And",1
Boone Llc,1
Boone Plc,1
"Boone Simpson Le, And",1
"Boone Wu And Henson,",1
"Boone, And Kim Watson",1
"Boone, Peterson Terry And",1
Boone-Duffy,1
Boone-Elliott,1
Boone-Garcia,1
Boone-Graham,1
Boone-Henry,1
Boone-Hicks,1
Boone-Johnson,1
Boone-Lopez,1
Boone-Martinez,1
Boone-Miller,1
"Booth Choi, Alexander And",1
Booth Group,1
Booth Llc,1
Booth Ltd,1
Booth Plc,1
"Booth, And Johnson Smith",1
"Booth, Martinez Hughes And",1
"Booth, Mendez Harris And",1
Booth-Davidson,1
Booth-Huang,1
Booth-Jackson,1
Booth-Jones,1
Booth-Martinez,1
Booth-Moore,1
Booth-Roberts,1
Booth-Smith,1
Booth-Williams,1
"Bowen And Rivera, Thompson",1
"Bowen Clark And Boyle,",1
"Bowen Hernandez, And Robinson",1
"Bowen Lewis And Singh,",1
"Bowen Lopez, And Terry",1
"Bowen Ortiz And Garrett,",1
"Bowen Parker, And Peterson",1
Bowen Plc,1
Bowen Sons And,1
"Bowen, Larson And Proctor",1
Bowen-Aguilar,1
Bowen-Barton,1
Bowen-Clark,1
Bowen-Crosby,1
Bowen-Cross,1
Bowen-Hansen,1
Bowen-Lee,1
Bowen-Mills,1
Bowen-Pugh,1
Bowen-Rios,1
"Bowers Blankenship Jackson, And",1
Bowers Llc,1
Bowers Plc,1
"Bowers, And Donaldson Massey",1
"Bowers, Baker Tran And",1
"Bowers, Johnson And Yates",1
"Bowers, Marshall Russell And",1
Bowers-Hawkins,1
Bowers-Lopez,1
Bowers-Meyer,1
Bowers-Ortiz,1
Bowers-Shepherd,1
Bowers-Stewart,1
Bowers-Wagner,1
"Bowman And Gomez Nguyen,",1
"Bowman Carr And Garcia,",1
Bowman Group,1
"Bowman Guerrero, And Oconnor",1
Bowman Llc,1
"Bowman, Blevins Hart And",1
"Bowman, Lee And Avila",1
"Bowman, Lewis Brown And",1
Bowman-Anderson,1
Bowman-Blake,1
Bowman-Collins,1
Bowman-Gallegos,1
Bowman-Jackson,1
Bowman-Jimenez,1
Bowman-Keith,1
Bowman-Martin,1
Bowman-Miller,1
Bowman-Molina,1
Bowman-Nguyen,1
Bowman-Owens,1
Bowman-Smith,1
Bowman-Wade,1
Bowman-Weaver,1
Bowman-Young,1
"Boyd And Allen Mccarty,",1
"Boyd And Baker Rasmussen,",1
"Boyd And Clark, Macias",1
"Boyd And Hamilton, Lee",1
"Boyd And Scott, Davidson",1
"Boyd Arroyo And Robinson,",1
"Boyd Clark, And Brown",1
Boyd Group,1
Boyd Inc,1
"Boyd Moore Richardson, And",1
Boyd Plc,1
"Boyd Silva, Freeman And",1
Boyd Sons And,1
"Boyd Spencer, And Curry",1
"Boyd Sullivan, Burgess And",1
"Boyd, And Brown Guerrero",1
"Boyd, Gamble And Cruz",1
"Boyd, Lee And Vasquez",1
"Boyd, May And King",1
"Boyd, Paul Sanders And",1
"Boyd, Scott Jones And",1
Boyd-Berger,1
Boyd-Bowman,1
Boyd-Boyd,1
Boyd-Clark,1
Boyd-Cline,1
Boyd-Cook,1
Boyd-Diaz,1
Boyd-Flores,1
Boyd-Foley,1
Boyd-Forbes,1
Boyd-Gomez,1
Boyd-Higgins,1
Boyd-Keith,1
Boyd-King,1
Boyd-Knight,1
Boyd-Norton,1
Boyd-Reyes,1
Boyd-Robinson,1
Boyd-Rogers,1
Boyd-Schmidt,1
Boyd-Simmons,1
Boyd-Williams,1
"Boyer And Powell Williams,",1
"Boyer And Stark Baker,",1
Boyer Group,1
"Boyer Hayes Hill, And",1
"Boyer Hudson Sanchez, And",1
Boyer Inc,1
"Boyer Perez Wilson, And",1
"Boyer Wright, And Diaz",1
"Boyer, And Hill Terry",1
"Boyer, Anderson Nielsen And",1
"Boyer, Mullen And Shelton",1
"Boyer, Rice And Torres",1
Boyer-Burgess,1
Boyer-Calderon,1
Boyer-Foster,1
Boyer-Jackson,1
Boyer-Johnson,1
Boyer-Martin,1
Boyer-Mcdonald,1
Boyer-Page,1
Boyer-Smith,1
Boyer-Walker,1
Boyer-Williams,1
"Boyle And Lewis Hall,",1
"Boyle Chase, Clark And",1
"Boyle Moreno Schaefer, And",1
Boyle Plc,1
"Boyle Shepard And Flores,",1
"Boyle Zavala And Taylor,",1
"Boyle, And Jackson Smith",1
Boyle-Calhoun,1
Boyle-Camacho,1
Boyle-Humphrey,1
Boyle-Jones,1
Boyle-Kerr,1
Boyle-Mccarthy,1
Boyle-Thomas,1
Boyle-Woods,1
"Bradford Ferguson, Stein And",1
Bradford Inc,1
"Bradford Taylor, Brown And",1
"Bradford, And Owens Dunn",1
Bradford-Andrews,1
Bradford-Dorsey,1
Bradford-Hunt,1
Bradford-Jones,1
Bradford-Martin,1
Bradford-Mitchell,1
"Bradley And Trevino, Brewer",1
"Bradley Floyd And Maxwell,",1
"Bradley Graves, Johnson And",1
"Bradley Herrera Conner, And",1
"Bradley Kline, Williams And",1
Bradley Llc,1
"Bradley Logan And Moore,",1
Bradley Plc,1
"Bradley Roberts And Murray,",1
"Bradley Williams, And Owens",1
"Bradley Woods Morton, And",1
"Bradley, And Brown Phelps",1
"Bradley, And Harvey Lee",1
"Bradley, And Patel Soto",1
"Bradley, Bennett Thompson And",1
"Bradley, Jacobs And Booth",1
Bradley-Beck,1
Bradley-Brooks,1
Bradley-Bryant,1
Bradley-Dawson,1
Bradley-Flowers,1
Bradley-Garrett,1
Bradley-Glover,1
Bradley-Gonzalez,1
Bradley-Guzman,1
Bradley-Hill,1
Bradley-Miller,1
Bradley-Morris,1
Bradley-Quinn,1
Bradley-Shepherd,1
Bradley-Warren,1
Bradley-Williams,1
Bradshaw And Sons,1
"Bradshaw Campbell, And Conner",1
"Bradshaw Clark, Riley And",1
"Bradshaw Gallegos, And Hinton",1
"Bradshaw Lopez Owen, And",1
"Bradshaw, Shepard And Green",1
Bradshaw-Meadows,1
Bradshaw-Romero,1
"Brady And Payne Diaz,",1
"Brady And Pearson Rodriguez,",1
"Brady Haney, Cobb And",1
"Brady Jacobs And Wong,",1
Brady Llc,1
Brady Plc,1
"Brady Ward, Wallace And",1
"Brady, And Johnson Perez",1
"Brady, Peterson Barton And",1
Brady-Arellano,1
Brady-Cameron,1
Brady-Campbell,1
Brady-Collins,1
Brady-Evans,1
Brady-Fernandez,1
Brady-Flores,1
Brady-Gallegos,1
Brady-Greene,1
Brady-Harris,1
Brady-Moran,1
Brady-Pollard,1
Brady-Price,1
Brady-Ryan,1
Brady-Scott,1
Brady-Smith,1
Branch And Sons,1
Branch Llc,1
Branch Plc,1
"Branch, Pennington Vega And",1
Branch-Bailey,1
Branch-Gentry,1
Branch-Lara,1
Branch-Lopez,1
Branch-Norris,1
"Brandt And Cooper Mays,",1
Brandt Inc,1
Brandt Ltd,1
Brandt Plc,1
"Brandt, Rivas And Knight",1
Brandt-Austin,1
Brandt-Cross,1
Brandt-Elliott,1
Brandt-Marsh,1
Brandt-Singh,1
Brandt-Smith,1
Brandt-Woodward,1
"Braun And Garcia, Little",1
Braun Group,1
Braun Inc,1
"Braun Kim, And Lowe",1
Braun Llc,1
"Braun Nichols, And Foster",1
Braun Plc,1
Braun-Norman,1
Braun-Stuart,1
"Bray And White Reyes,",1
"Bray Burke, And Peters",1
"Bray Harper And Matthews,",1
"Bray, And Merritt Cooper",1
"Bray, And Villa Giles",1
"Bray, And Young Combs",1
"Bray, Wilson Alvarez And",1
"Brennan Bentley, And Hunter",1
Brennan Ltd,1
"Brennan Mcdaniel, Mitchell And",1
"Brennan Poole And Smith,",1
"Brennan Scott, And Gonzalez",1
"Brennan, And Osborn Clark",1
"Brennan, Hartman And Baker",1
Brennan-Brown,1
Brennan-Giles,1
Brennan-Hayes,1
Brennan-Meyer,1
Brennan-Reid,1
Brennan-Rodriguez,1
Brennan-Ryan,1
Brennan-Walters,1
Brennan-Warren,1
Brennan-Wood,1
Brennan-Young,1
"Brewer Allen Lane, And",1
"Brewer And Aguilar, Carpenter",1
"Brewer And Rodriguez, Holmes",1
"Brewer And Santiago Gordon,",1
Brewer And Sons,1
"Brewer Garcia Cole, And",1
Brewer Inc,1
Brewer Llc,1
Brewer Sons And,1
"Brewer, And Anderson Jones",1
"Brewer, Ryan Johnson And",1
Brewer-Brown,1
Brewer-Colon,1
Brewer-Hampton,1
Brewer-Jimenez,1
Brewer-Lee,1
Brewer-Leon,1
Brewer-Marquez,1
Brewer-Mullen,1
Brewer-Nelson,1
Brewer-Price,1
Brewer-Roberts,1
Brewer-Roman,1
Brewer-Thomas,1
Brewer-Washington,1
Brewer-Weaver,1
Brewer-White,1
Bridges Inc,1
Bridges Llc,1
Bridges Ltd,1
"Bridges Smith And Huang,",1
"Bridges, And Fox Nguyen",1
"Bridges, And Galvan Davis",1
"Bridges, And Meyer Roberts",1
Bridges-Anthony,1
Bridges-Lozano,1
Bridges-Lynch,1
Bridges-Myers,1
Bridges-Phillips,1
Bridges-Walters,1
"Briggs And Becker, Wilkins",1
"Briggs And Cruz, Davenport",1
"Briggs Bailey Barnett, And",1
"Briggs Jordan Vasquez, And",1
Briggs Llc,1
Briggs Ltd,1
"Briggs Walker Martinez, And",1
"Briggs, And Yang Miller",1
Briggs-Berg,1
Briggs-Hendricks,1
Briggs-Hernandez,1
Briggs-Morrison,1
Briggs-White,1
Briggs-Williams,1
Briggs-Wyatt,1
"Bright And Roth, Zimmerman",1
"Bright Anderson, Jacobs And",1
"Bright Francis, Cunningham And",1
"Bright Miller, And Saunders",1
Bright Plc,1
"Bright Watson, Ruiz And",1
"Bright, Miller And Reed",1
Bright-Gibson,1
Bright-Long,1
Bright-Martin,1
Bright-Taylor,1
"Brock And Kim Campos,",1
"Brock And Mclean Stone,",1
"Brock Elliott And Price,",1
Brock Group,1
Brock Ltd,1
Brock Plc,1
"Brock, And Thomas Shaw",1
"Brock, Goodman And Parker",1
Brock-Adams,1
Brock-Cannon,1
Brock-Cunningham,1
Brock-Garza,1
Brock-Gregory,1
Brock-Hill,1
Brock-Hogan,1
Brock-Kim,1
Brock-Lambert,1
Brock-Roberson,1
Brock-Watson,1
"Brooks Aguilar And Luna,",1
"Brooks Alvarez And Smith,",1
"Brooks And Pierce, Jackson",1
"Brooks And Ramirez, Jones",1
Brooks And Sons,1
"Brooks And Spencer Walls,",1
"Brooks And Whitaker, Jones",1
"Brooks And Wilkinson Anderson,",1
"Brooks And Young Owen,",1
"Brooks Butler And Morris,",1
"Brooks Colon Cole, And",1
"Brooks Flynn Burns, And",1
"Brooks Gentry Mcmillan, And",1
"Brooks Gill And Phillips,",1
"Brooks Gregory Garrett, And",1
"Brooks Mason, And Andrews",1
"Brooks Roberts, And Boyer",1
"Brooks, Allen Rose And",1
"Brooks, And Nichols Brady",1
"Brooks, And Rodriguez Hodge",1
"Brooks, Brown And Tate",1
"Brooks, Mccormick And Richards",1
"Brooks, Murphy And Bowman",1
"Brooks, Nguyen Sellers And",1
"Brooks, Odonnell Christensen And",1
"Brooks, Perry And Lawrence",1
"Brooks, Schmidt Washington And",1
"Brooks, Smith And Reed",1
"Brooks, Williams Vega And",1
Brooks-Bartlett,1
Brooks-Barton,1
Brooks-Brown,1
Brooks-Callahan,1
Brooks-Cardenas,1
Brooks-Dougherty,1
Brooks-Fowler,1
Brooks-Graham,1
Brooks-Gray,1
Brooks-Herring,1
Brooks-Huang,1
Brooks-Hudson,1
Brooks-Huynh,1
Brooks-Marks,1
Brooks-Martinez,1
Brooks-Morgan,1
Brooks-Murillo,1
Brooks-Murphy,1
Brooks-Myers,1
Brooks-Nixon,1
Brooks-Roach,1
Brooks-Rodriguez,1
Brooks-Salazar,1
Brooks-Simpson,1
Brooks-Stewart,1
Brooks-Turner,1
Brooks-Vasquez,1
Brooks-Vaughn,1
Brooks-Wells,1
"Brown And Bailey, Thomas",1
"Brown And Bradley Blanchard,",1
"Brown And Brown Harris,",1
"Brown And Buck Jones,",1
"Brown And Cohen Fuller,",1
"Brown And Collins Davis,",1
"Brown And Colon, Anderson",1
"Brown And Cook, Vincent",1
"Brown And Cruz Clark,",1
"Brown And Drake Vasquez,",1
"Brown And Duran, Fox",1
"Brown And Duran, Frank",1
"Brown And Evans, Smith",1
"Brown And Gardner Todd,",1
"Brown And Gillespie, Long",1
"Brown And Gregory, Rose",1
"Brown And Grimes Clements,",1
"Brown And Hansen, Murphy",1
"Brown And Hart, Williams",1
"Brown And Henry, Suarez",1
"Brown And Hicks, Day",1
"Brown And Hicks, Gonzalez",1
"Brown And Hood Taylor,",1
"Brown And Jimenez, Russo",1
"Brown And Lee Cook,",1
"Brown And Mclaughlin Brooks,",1
"Brown And Perry, Riley",1
"Brown And Poole, Lane",1
"Brown And Randolph, Young",1
"Brown And Richardson Pearson,",1
"Brown And Ruiz Anderson,",1
"Brown And Skinner Woodward,",1
"Brown And Smith Bell,",1
"Brown And Vincent Roman,",1
"Brown And Washington Sanchez,",1
"Brown Andrews, And Cunningham",1
"Brown Anthony And Matthews,",1
"Brown Armstrong, And Dixon",1
"Brown Armstrong, And Lewis",1
"Brown Armstrong, Holmes And",1
"Brown Atkinson And Park,",1
"Brown Baker, Phillips And",1
"Brown Baldwin And David,",1
"Brown Bartlett Lowery, And",1
"Brown Beard, Alvarez And",1
"Brown Bradshaw Castaneda, And",1
"Brown Brown And Henry,",1
"Brown Brown, And Sanders",1
"Brown Byrd Stevens, And",1
"Brown Calderon And Li,",1
"Brown Callahan And Perkins,",1
"Brown Camacho, Fisher And",1
"Brown Cochran And Murphy,",1
"Brown Crawford, And Shannon",1
"Brown Dean, Johnston And",1
"Brown Fernandez And Fox,",1
"Brown Garrett And Holmes,",1
"Brown Greene Swanson, And",1
"Brown Hamilton Holland, And",1
"Brown Hansen, And Lopez",1
"Brown Harris Underwood, And",1
"Brown Harris, And Miller",1
"Brown Heath Mclaughlin, And",1
"Brown Hernandez, And Martinez",1
"Brown Horne Bennett, And",1
"Brown Hunt Lowe, And",1
"Brown Jackson And Olsen,",1
"Brown Johnson, And Mclaughlin",1
"Brown Johnson, Young And",1
"Brown Jones, And Smith",1
"Brown Joyce, And Smith",1
"Brown Kelly, Higgins And",1
"Brown Larson, Phillips And",1
"Brown Martin And Berry,",1
"Brown Martin, Bradford And",1
"Brown Mccall, And Brandt",1
"Brown Mcconnell, Carter And",1
"Brown Melendez, Jones And",1
"Brown Meyer Bowman, And",1
"Brown Mills And Brooks,",1
"Brown Moore, Schultz And",1
"Brown Morris, Bennett And",1
"Brown Myers, Banks And",1
"Brown Nelson Camacho, And",1
"Brown Nixon, And Taylor",1
"Brown Padilla And Simpson,",1
"Brown Parker Johnson, And",1
"Brown Phillips And Rivera,",1
"Brown Pierce, Reyes And",1
"Brown Powell, Jimenez And",1
"Brown Rasmussen And Garza,",1
"Brown Reed Robinson, And",1
"Brown Roberts, Roberts And",1
"Brown Roberts, Webb And",1
"Brown Russo And Simmons,",1
"Brown Scott Kane, And",1
"Brown Simmons, And Hansen",1
"Brown Smith, And Oconnor",1
"Brown Solomon And Spears,",1
"Brown Soto, And Clark",1
"Brown Taylor, And Cortez",1
"Brown Thomas Benton, And",1
"Brown Thomas Hall, And",1
"Brown Torres And Foster,",1
"Brown Valdez Taylor, And",1
"Brown Vazquez, Oconnor And",1
"Brown Villarreal And Smith,",1
"Brown Walker, Cruz And",1
"Brown Williams Johnson, And",1
"Brown Williams Le, And",1
"Brown Wright, And Larson",1
"Brown Zhang And Lopez,",1
"Brown, And Adkins Larson",1
"Brown, And Allen Swanson",1
"Brown, And Ayala Sims",1
"Brown, And Barnett Osborn",1
"Brown, And Browning Douglas",1
"Brown, And Delacruz Potter",1
"Brown, And Foster Gordon",1
"Brown, And Gardner Townsend",1
"Brown, And Jones Weaver",1
"Brown, And Montgomery Lopez",1
"Brown, And Perez Osborne",1
"Brown, And Perez Smith",1
"Brown, And Russell Garrison",1
"Brown, And Smith Hebert",1
"Brown, And Stone Perez",1
"Brown, And Ward Melton",1
"Brown, And Weaver Mays",1
"Brown, And Willis Kelly",1
"Brown, Bennett Douglas And",1
"Brown, Berry And Campos",1
"Brown, Burton And Cook",1
"Brown, Cochran Daugherty And",1
"Brown, Cortez And Brock",1
"Brown, David And Cervantes",1
"Brown, Davidson And Lopez",1
"Brown, Farrell And Mann",1
"Brown, Garcia And Gutierrez",1
"Brown, Garcia Garcia And",1
"Brown, Gibson Lynch And",1
"Brown, Gray And Cooke",1
"Brown, Harper Aguirre And",1
"Brown, Hatfield Olson And",1
"Brown, Jackson And Harper",1
"Brown, Jones Hoover And",1
"Brown, Kaufman And Saunders",1
"Brown, Lopez And Stokes",1
"Brown, Marshall And Neal",1
"Brown, Mayo Garcia And",1
"Brown, Newman Becker And",1
"Brown, Norris And Wood",1
"Brown, Pearson Saunders And",1
"Brown, Phillips Ross And",1
"Brown, Ruiz Sanders And",1
"Brown, Santos And Howard",1
"Brown, Scott And Torres",1
"Brown, Sloan And Sloan",1
"Brown, Stevens Tran And",1
"Brown, Thomas Franco And",1
"Brown, Wood Nelson And",1
Brown-Aguilar,1
Brown-Anderson,1
Brown-Baird,1
Brown-Ball,1
Brown-Barnett,1
Brown-Barrett,1
Brown-Beck,1
Brown-Bentley,1
Brown-Blackburn,1
Brown-Blair,1
Brown-Blanchard,1
Brown-Bryant,1
Brown-Byrd,1
Brown-Cain,1
Brown-Caldwell,1
Brown-Campbell,1
Brown-Carpenter,1
Brown-Carrillo,1
Brown-Carter,1
Brown-Castillo,1
Brown-Castro,1
Brown-Cisneros,1
Brown-Clark,1
Brown-Clements,1
Brown-Cobb,1
Brown-Collier,1
Brown-Collins,1
Brown-Combs,1
Brown-Cook,1
Brown-Cortez,1
Brown-Crosby,1
Brown-Day,1
Brown-Deleon,1
Brown-Dennis,1
Brown-Diaz,1
Brown-Dillon,1
Brown-Dixon,1
Brown-Dominguez,1
Brown-Farmer,1
Brown-Farrell,1
Brown-Fernandez,1
Brown-Flowers,1
Brown-Franklin,1
Brown-Frederick,1
Brown-Frost,1
Brown-Garcia,1
Brown-Gillespie,1
Brown-Gomez,1
Brown-Graham,1
Brown-Griffith,1
Brown-Hahn,1
Brown-Haley,1
Brown-Harrison,1
Brown-Hawkins,1
Brown-Herman,1
Brown-Hernandez,1
Brown-Hess,1
Brown-Hicks,1
Brown-Hill,1
Brown-Hines,1
Brown-Huff,1
Brown-Hughes,1
Brown-Ingram,1
Brown-Johnston,1
Brown-Jordan,1
Brown-Kelley,1
Brown-Kelly,1
Brown-Knapp,1
Brown-Knight,1
Brown-Lam,1
Brown-Landry,1
Brown-Lawrence,1
Brown-Lee,1
Brown-Lynch,1
Brown-Mayer,1
Brown-Maynard,1
Brown-Mays,1
Brown-Mcdonald,1
Brown-Miller,1
Brown-Mueller,1
Brown-Murphy,1
Brown-Nelson,1
Brown-Odonnell,1
Brown-Ortiz,1
Brown-Page,1
Brown-Parker,1
Brown-Parsons,1
Brown-Patel,1
Brown-Patrick,1
Brown-Payne,1
Brown-Perez,1
Brown-Perkins,1
Brown-Perry,1
Brown-Petty,1
Brown-Pierce,1
Brown-Price,1
Brown-Rivera,1
Brown-Roberts,1
Brown-Rodgers,1
Brown-Rodriguez,1
Brown-Romero,1
Brown-Rose,1
Brown-Ruiz,1
Brown-Sanchez,1
Brown-Sanders,1
Brown-Savage,1
Brown-Schneider,1
Brown-Scott,1
Brown-Simmons,1
Brown-Simpson,1
Brown-Sims,1
Brown-Snow,1
Brown-Steele,1
Brown-Stout,1
Brown-Summers,1
Brown-Taylor,1
Brown-Thornton,1
Brown-Vega,1
Brown-Villarreal,1
Brown-Warner,1
Brown-Wells,1
Brown-Wiley,1
Brown-Wilson,1
Brown-Wood,1
Brown-Yoder,1
Brown-Young,1
Brown-Zimmerman,1
"Browning And Ellis Bailey,",1
"Browning And Soto Pace,",1
"Browning Avery, Wilson And",1
"Browning Bennett, Smith And",1
"Browning Dominguez And Hodges,",1
"Browning Harvey Weiss, And",1
Browning Llc,1
"Browning Myers, And Faulkner",1
Browning-Anderson,1
Browning-Black,1
Browning-Cruz,1
Browning-Daniels,1
Browning-Johnson,1
Browning-Jones,1
Browning-Ross,1
Browning-Smith,1
Browning-Torres,1
Browning-Williams,1
"Bruce And Duran Diaz,",1
"Bruce And Spencer, Durham",1
"Bruce Bradford, Liu And",1
"Bruce Harris And Robinson,",1
"Bruce Park Pham, And",1
Bruce Plc,1
Bruce-Dixon,1
Bruce-Harmon,1
Bruce-Lewis,1
Bruce-Preston,1
Bruce-Strickland,1
Bruce-Thomas,1
"Bryan And Hansen Harris,",1
"Bryan And Henderson, Lee",1
"Bryan Bradley Rangel, And",1
Bryan Inc,1
Bryan Ltd,1
Bryan Sons And,1
"Bryan, And Cook Patrick",1
"Bryan, Nelson And Moss",1
Bryan-Brown,1
Bryan-Hansen,1
Bryan-Miller,1
Bryan-Robbins,1
"Bryant And Kennedy Griffin,",1
"Bryant And Mack, Hartman",1
"Bryant And Newton, Vega",1
"Bryant And Thomas, Smith",1
"Bryant Bell Wells, And",1
"Bryant Fox, Fritz And",1
"Bryant Gonzales, And Jones",1
"Bryant Greene, And Petty",1
"Bryant Hanson, Padilla And",1
"Bryant Klein And Case,",1
Bryant Ltd,1
"Bryant Meyer And Thomas,",1
"Bryant Rose, And Long",1
"Bryant Vang, And Smith",1
"Bryant, And Harding King",1
"Bryant, And Nelson Williams",1
"Bryant, And Peterson Evans",1
"Bryant, Hendrix And Rangel",1
Bryant-Ball,1
Bryant-Bautista,1
Bryant-Benjamin,1
Bryant-Cooper,1
Bryant-Cruz,1
Bryant-Deleon,1
Bryant-Gill,1
Bryant-Hanna,1
Bryant-Hill,1
Bryant-Horn,1
Bryant-Johns,1
Bryant-Juarez,1
Bryant-Lee,1
Bryant-Page,1
Bryant-Perez,1
Bryant-Price,1
Bryant-Sanchez,1
Bryant-Steele,1
Bryant-Todd,1
Bryant-Turner,1
Bryant-Ward,1
Bryant-Weeks,1
Bryant-Williams,1
Buchanan Llc,1
"Buchanan Wheeler And Roberts,",1
Buchanan-Adkins,1
Buchanan-Bonilla,1
Buchanan-Gonzalez,1
Buchanan-Henry,1
Buchanan-Higgins,1
Buchanan-Jones,1
Buchanan-Kim,1
Buchanan-Lambert,1
Buchanan-Lee,1
Buchanan-Lewis,1
Buchanan-Lopez,1
"Buck And Delgado, Rich",1
"Buck And Lopez Rios,",1
"Buck Garza, And Yates",1
Buck Inc,1
Buck Ltd,1
Buck Plc,1
Buck Sons And,1
"Buck, And Young Johnson",1
"Buck, Cunningham Miller And",1
"Buck, Martinez Smith And",1
"Buck, Reed Smith And",1
Buck-Armstrong,1
Buck-Benjamin,1
Buck-Bonilla,1
Buck-Colon,1
Buck-Compton,1
Buck-Sanders,1
Buck-Shah,1
Buck-Wilkerson,1
"Buckley And Nelson Mcdonald,",1
Buckley Group,1
Buckley Inc,1
Buckley Llc,1
Buckley Plc,1
"Buckley Reed, And Owen",1
"Buckley, And Martin Rose",1
Buckley-Hess,1
Buckley-Smith,1
"Bullock And Peck Morris,",1
Bullock And Sons,1
"Bullock And Ward Kim,",1
"Bullock Castillo, And Cowan",1
Bullock Group,1
Bullock Inc,1
"Bullock Meadows, Thompson And",1
Bullock Sons And,1
"Bullock Williams, And King",1
"Bullock, And Dixon Martinez",1
"Bullock, Roberts Hayes And",1
Bullock-Chase,1
Bullock-Chen,1
Bullock-Clay,1
Bullock-Davis,1
Bullock-Martin,1
Bullock-Pierce,1
Bullock-Ramsey,1
Bullock-Richardson,1
Bullock-Zimmerman,1
"Burch Drake, And Hogan",1
Burch Group,1
"Burch Miller And Robinson,",1
"Burch, And Sexton Sandoval",1
"Burch, Moore And Thompson",1
Burch-Ali,1
Burch-Bryant,1
Burch-Friedman,1
Burch-Gonzalez,1
Burch-Hernandez,1
Burch-Marks,1
Burch-Murray,1
Burch-Thornton,1
"Burgess Acevedo And Gonzalez,",1
"Burgess And Campbell, Richards",1
"Burgess Gordon, Smith And",1
Burgess Inc,1
"Burgess Lopez, Baker And",1
"Burgess Morgan, And Smith",1
"Burgess Parker And Sullivan,",1
"Burgess Rogers, And Wise",1
"Burgess, And Dominguez Ramirez",1
"Burgess, Massey Osborne And",1
Burgess-Callahan,1
Burgess-Chapman,1
Burgess-Dudley,1
Burgess-Hanna,1
Burgess-Johnson,1
Burgess-Lee,1
Burgess-Page,1
Burgess-Price,1
Burgess-West,1
Burgess-Wiggins,1
"Burke And Coffey, Rhodes",1
"Burke And Moore Lee,",1
"Burke And Petersen, Herrera",1
Burke And Sons,1
"Burke And Taylor Watkins,",1
"Burke Cain, Price And",1
"Burke Cortez And Horton,",1
"Burke Garcia Carter, And",1
"Burke Howard And Underwood,",1
Burke Llc,1
"Burke Sanchez, And Turner",1
Burke Sons And,1
"Burke, And Kelley Thompson",1
"Burke, Dyer And Moore",1
"Burke, Evans Martinez And",1
"Burke, Payne And Noble",1
Burke-Anderson,1
Burke-Dickson,1
Burke-Dominguez,1
Burke-Estrada,1
Burke-Ford,1
Burke-Haynes,1
Burke-James,1
Burke-Johnston,1
Burke-Kim,1
Burke-Lara,1
Burke-Mcgee,1
Burke-Meza,1
Burke-Rodriguez,1
Burke-Stein,1
Burke-Taylor,1
Burke-Welch,1
Burke-Wilson,1
Burnett Inc,1
"Burnett Jones, Kelley And",1
Burnett Plc,1
"Burnett, And Griffith Wade",1
Burnett-Blake,1
Burnett-Hart,1
Burnett-Hayes,1
Burnett-Morgan,1
Burnett-Norris,1
Burnett-Welch,1
Burnett-Wilcox,1
Burnett-Williams,1
Burnett-Young,1
"Burns Allen, And Simon",1
"Burns And Howard Glass,",1
"Burns And Stout, Stanley",1
"Burns And Williams Thompson,",1
"Burns Booth Hurst, And",1
"Burns Lutz Huffman, And",1
"Burns Mckay And Lawson,",1
"Burns Peterson, And Johnson",1
"Burns Powell And Castro,",1
"Burns Rowe Schultz, And",1
Burns Sons And,1
"Burns Sullivan Pham, And",1
"Burns Tate Gregory, And",1
"Burns, And Cooper Rosario",1
"Burns, And Nelson Cooper",1
"Burns, And Sanders Anderson",1
"Burns, Johnson And Salazar",1
"Burns, Morrow And Steele",1
Burns-Bennett,1
Burns-Benson,1
Burns-Branch,1
Burns-Butler,1
Burns-Callahan,1
Burns-Dominguez,1
Burns-Drake,1
Burns-Foster,1
Burns-Gross,1
Burns-Hernandez,1
Burns-Hood,1
Burns-Johnson,1
Burns-Martin,1
Burns-Massey,1
Burns-Mays,1
Burns-Murray,1
Burns-Rose,1
Burns-Sharp,1
Burns-Townsend,1
Burns-Warner,1
Burns-Watson,1
Burns-Wright,1
"Burton And Curry, Parker",1
"Burton And Miles Welch,",1
"Burton And Perry Martin,",1
"Burton And Ray Reynolds,",1
"Burton Cook And Smith,",1
"Burton Horn And Rangel,",1
Burton Inc,1
Burton Ltd,1
"Burton Mercado, And Cohen",1
"Burton Peterson And Williams,",1
Burton Plc,1
"Burton Robertson, Wilson And",1
"Burton Wang, Garrison And",1
"Burton Warner Martinez, And",1
"Burton, And Zuniga Wilson",1
"Burton, Bates And Doyle",1
"Burton, Bentley Duran And",1
"Burton, Clark And Evans",1
"Burton, Gibson And Ryan",1
Burton-Brown,1
Burton-Chambers,1
Burton-Cooper,1
Burton-Davenport,1
Burton-Duncan,1
Burton-English,1
Burton-Fuentes,1
Burton-Gonzalez,1
Burton-Gregory,1
Burton-Hall,1
Burton-Hernandez,1
Burton-Howe,1
Burton-Juarez,1
Burton-Moore,1
Burton-Peterson,1
Burton-Reyes,1
Burton-Smith,1
Burton-Taylor,1
Burton-Williams,1
Bush And Sons,1
"Bush Boyd And Mcbride,",1
"Bush Fields And Francis,",1
"Bush Foster, Thompson And",1
"Bush Gonzalez, Gibson And",1
Bush Group,1
Bush Ltd,1
"Bush Miller, And Marquez",1
Bush Plc,1
Bush Sons And,1
"Bush Wright, Cameron And",1
"Bush, And Mckinney Costa",1
"Bush, Boyd And Roberts",1
"Bush, Lewis Alvarez And",1
Bush-Brown,1
Bush-Khan,1
Bush-Lee,1
Bush-Martin,1
Bush-Maxwell,1
Bush-Roberson,1
Bush-Rodgers,1
Bush-Sanchez,1
Bush-Schmitt,1
Bush-Smith,1
Bush-Taylor,1
"Butler And Bowman Martin,",1
"Butler And Butler Andrews,",1
"Butler And Friedman Stephens,",1
"Butler And Hunt, Dillon",1
"Butler And May, Baldwin",1
"Butler Arnold Charles, And",1
"Butler Banks, Wolfe And",1
"Butler Barnes And Fox,",1
"Butler Henderson And Jones,",1
"Butler Hull, And Jackson",1
Butler Inc,1
Butler Ltd,1
"Butler Mathis And Mooney,",1
"Butler Morales, Brown And",1
Butler Plc,1
"Butler Richards, Jackson And",1
"Butler Spencer Jones, And",1
"Butler Williams, And Aguirre",1
"Butler, And Delgado Mcdonald",1
"Butler, Butler Coleman And",1
"Butler, Carpenter Wu And",1
"Butler, Harper Simpson And",1
"Butler, Malone Henderson And",1
Butler-Banks,1
Butler-Bell,1
Butler-Bennett,1
Butler-Dixon,1
Butler-Dunn,1
Butler-Goodman,1
Butler-Hines,1
Butler-Holland,1
Butler-Johnson,1
Butler-Kim,1
Butler-Martinez,1
Butler-Matthews,1
Butler-Montoya,1
Butler-Myers,1
Butler-Osborn,1
Butler-Pope,1
Butler-Powell,1
Butler-Robbins,1
Butler-Rodriguez,1
Butler-Rogers,1
Butler-Shields,1
Butler-Smith,1
Butler-Taylor,1
Butler-Thomas,1
Butler-Underwood,1
Butler-Walters,1
Butler-Watson,1
"Byrd And Lopez Clark,",1
"Byrd Gonzalez And Scott,",1
Byrd Group,1
Byrd Llc,1
"Byrd Luna, Smith And",1
"Byrd Moore, And Norton",1
"Byrd Mora And Hernandez,",1
Byrd Plc,1
"Byrd, And Hughes Johnson",1
"Byrd, Brooks Harris And",1
"Byrd, Clark And Wheeler",1
"Byrd, Dominguez Marquez And",1
"Byrd, Jones James And",1
"Byrd, Morris And Riddle",1
"Byrd, Perry And Hill",1
"Byrd, White Garcia And",1
Byrd-Bates,1
Byrd-Castillo,1
Byrd-Fernandez,1
Byrd-Howell,1
Byrd-Macdonald,1
Byrd-Miller,1
Byrd-Parsons,1
Byrd-Porter,1
Byrd-Randall,1
Byrd-Rice,1
Byrd-Scott,1
Byrd-Wall,1
"Cabrera And Graves Rose,",1
"Cabrera Barnes, Harper And",1
"Cabrera King, Henderson And",1
Cabrera Llc,1
"Cabrera Martinez, And Henderson",1
"Cabrera Stevens, And Hayes",1
"Cabrera Young And Salazar,",1
"Cabrera, And Anderson Clark",1
"Cabrera, Newman And Taylor",1
Cabrera-Baker,1
Cabrera-Brown,1
Cabrera-Hardin,1
Cabrera-Lawrence,1
Cabrera-Mcclure,1
Cabrera-Moore,1
Cabrera-Park,1
Cabrera-Taylor,1
"Cain And Gay Thomas,",1
"Cain And Miller Mason,",1
Cain Group,1
Cain Inc,1
"Cain Martinez And Marshall,",1
Cain Plc,1
"Cain, Phillips And Medina",1
"Cain, Ward And Mccormick",1
Cain-Bowers,1
Cain-Carter,1
Cain-Hoover,1
Cain-Horton,1
Cain-Mccormick,1
Cain-Miller,1
Cain-Patton,1
Cain-Robbins,1
Cain-Stone,1
Calderon And Sons,1
"Calderon Horn Doyle, And",1
Calderon Inc,1
"Calderon King, And Davidson",1
Calderon Llc,1
"Calderon Obrien, Johnson And",1
"Calderon Ramirez, And Roberts",1
"Calderon Rivera And Fernandez,",1
"Calderon, Bush And Martin",1
Calderon-Jenkins,1
Calderon-Rodriguez,1
Calderon-Ross,1
Calderon-Weaver,1
Calderon-Welch,1
Caldwell Inc,1
"Caldwell Jones And Craig,",1
"Caldwell Smith Nielsen, And",1
"Caldwell Snyder, Smith And",1
"Caldwell Taylor, Wright And",1
"Caldwell Weber And Cooper,",1
"Caldwell Zamora And Powell,",1
"Caldwell, Miller And Collins",1
"Caldwell, Moreno Cook And",1
Caldwell-Adams,1
Caldwell-Boyd,1
Caldwell-Carter,1
Caldwell-Garza,1
Caldwell-Howard,1
Caldwell-James,1
Caldwell-Sanchez,1
Caldwell-Swanson,1
Caldwell-Velez,1
"Calhoun And Jones Jacobs,",1
"Calhoun And Tran Leblanc,",1
"Calhoun Ewing, And Morris",1
Calhoun Group,1
"Calhoun King And Nelson,",1
Calhoun Plc,1
"Calhoun Ramirez Jackson, And",1
Calhoun-Blake,1
Calhoun-Brock,1
Calhoun-Burns,1
Calhoun-Clay,1
Calhoun-Colon,1
Calhoun-Miller,1
Calhoun-Orozco,1
Calhoun-Romero,1
Calhoun-Schwartz,1
Calhoun-Woods,1
Callahan Group,1
Callahan Inc,1
"Callahan, And Horton Kramer",1
"Callahan, Rowland Oliver And",1
"Callahan, Williams Foley And",1
Callahan-Ball,1
Callahan-Charles,1
Callahan-Coleman,1
Callahan-Davis,1
Callahan-Riley,1
Callahan-Turner,1
Callahan-Wagner,1
Callahan-Young,1
"Camacho And Bolton, White",1
"Camacho And Brennan, Watson",1
"Camacho And Kaufman, Parsons",1
"Camacho Bridges, White And",1
Camacho Ltd,1
"Camacho Mejia And Morgan,",1
"Camacho, And Jones Young",1
"Camacho, Garcia And Bruce",1
"Camacho, Wilson Evans And",1
Camacho-Arnold,1
Camacho-Howard,1
Camacho-Mckenzie,1
Camacho-Nelson,1
Camacho-Parker,1
Camacho-Riley,1
Camacho-Taylor,1
Camacho-Walters,1
"Cameron Black Davis, And",1
"Cameron Hill And Beck,",1
Cameron Inc,1
Cameron Plc,1
"Cameron, And Jones Russell",1
"Cameron, Anderson And Osborn",1
Cameron-Alexander,1
Cameron-Brown,1
Cameron-Buchanan,1
Cameron-Choi,1
Cameron-Gillespie,1
Cameron-Jackson,1
Cameron-Lawson,1
Cameron-Le,1
Cameron-Sutton,1
Cameron-Williams,1
"Campbell And Collins, Rowe",1
"Campbell And Dalton, Johnson",1
"Campbell And Garcia Watson,",1
"Campbell And Hood, Terrell",1
"Campbell And Jimenez Richardson,",1
"Campbell And Johnson, Erickson",1
"Campbell And Kim, Craig",1
"Campbell And Lam Fuentes,",1
"Campbell And Lynch Martin,",1
"Campbell And Miller Holland,",1
"Campbell And Rowland, Smith",1
"Campbell Chavez And Smith,",1
"Campbell Davies, And Yates",1
"Campbell Fernandez And Castro,",1
"Campbell Giles Grant, And",1
"Campbell Glenn, Clark And",1
"Campbell Gray Friedman, And",1
"Campbell Jimenez, And Thomas",1
"Campbell Johns And Alexander,",1
"Campbell Johnson Chambers, And",1
"Campbell Murray And Anderson,",1
"Campbell Nichols, Garcia And",1
"Campbell Ruiz, And Duke",1
"Campbell Smith And Jenkins,",1
"Campbell Snyder And Avery,",1
"Campbell Taylor And Le,",1
"Campbell Williams, Jefferson And",1
"Campbell, And Baker Thornton",1
"Campbell, And Butler Alvarez",1
"Campbell, And Howard Aguirre",1
"Campbell, And King Frank",1
"Campbell, And Moore Mcguire",1
"Campbell, Beasley And Ochoa",1
"Campbell, Brewer Hunter And",1
"Campbell, Chavez And Parsons",1
"Campbell, Glover Fisher And",1
"Campbell, Hall Bennett And",1
"Campbell, Hawkins And Johnson",1
"Campbell, King And Powell",1
"Campbell, Maldonado Lozano And",1
"Campbell, Robinson And Ramirez",1
"Campbell, Russell And Smith",1
"Campbell, Smith Lewis And",1
"Campbell, Thomas Irwin And",1
Campbell-Alvarez,1
Campbell-Arroyo,1
Campbell-Baker,1
Campbell-Bird,1
Campbell-Blevins,1
Campbell-Bridges,1
Campbell-Bryant,1
Campbell-Cannon,1
Campbell-Church,1
Campbell-Ellis,1
Campbell-Ferguson,1
Campbell-Fitzgerald,1
Campbell-Flores,1
Campbell-Fry,1
Campbell-Gonzalez,1
Campbell-Hall,1
Campbell-Hamilton,1
Campbell-Harrington,1
Campbell-Hernandez,1
Campbell-Hughes,1
Campbell-Johnson,1
Campbell-Kelly,1
Campbell-Lester,1
Campbell-Macias,1
Campbell-Martin,1
Campbell-Martinez,1
Campbell-Mathews,1
Campbell-Maxwell,1
Campbell-Miller,1
Campbell-Miranda,1
Campbell-Morales,1
Campbell-Obrien,1
Campbell-Perez,1
Campbell-Perkins,1
Campbell-Pierce,1
Campbell-Reese,1
Campbell-Richardson,1
Campbell-Roberts,1
Campbell-Rodgers,1
Campbell-Ryan,1
Campbell-Spears,1
Campbell-Steele,1
Campbell-White,1
Campbell-Woods,1
"Campos Allen And Wilson,",1
"Campos And Hudson Brown,",1
Campos Group,1
Campos Ltd,1
"Campos Owens And Patrick,",1
"Campos Travis Gray, And",1
"Campos Walters And Smith,",1
"Campos, And Ramirez Walters",1
Campos-Bailey,1
Campos-Ball,1
Campos-Barry,1
Campos-Carter,1
Campos-Flores,1
Campos-Hernandez,1
Campos-Johnson,1
Campos-King,1
Campos-Martinez,1
Campos-Webster,1
"Cannon And Durham Patterson,",1
"Cannon And Marquez, Mcguire",1
"Cannon And Orozco, Gilbert",1
Cannon Sons And,1
"Cannon, Aguilar Curry And",1
Cannon-Bender,1
Cannon-Chambers,1
Cannon-Dorsey,1
Cannon-Gray,1
Cannon-Henderson,1
Cannon-Johnson,1
Cannon-Kelly,1
Cannon-Little,1
Cannon-Martin,1
Cannon-Mcgee,1
Cannon-Murphy,1
Cannon-Petersen,1
Cannon-Proctor,1
Cannon-Roberts,1
Cannon-Sanchez,1
"Cantrell And Armstrong Marshall,",1
"Cantrell Hamilton And Jones,",1
"Cantrell Herring, And Moreno",1
"Cantrell Lane, Diaz And",1
"Cantrell Norris, And Terry",1
"Cantrell, Gonzalez And Kane",1
Cantrell-Griffith,1
Cantrell-Nichols,1
Cantrell-Page,1
Cantrell-Robertson,1
"Cantu And Tanner Rojas,",1
Cantu Group,1
Cantu Llc,1
"Cantu Martinez, Ibarra And",1
Cantu-Atkinson,1
Cantu-Berry,1
Cantu-Davis,1
Cantu-Espinoza,1
Cantu-Gray,1
Cantu-Hendricks,1
Cantu-Riley,1
Cantu-Spears,1
"Cardenas And Moore, Ellis",1
"Cardenas Collins, And Jones",1
"Cardenas Harris Miller, And",1
Cardenas Plc,1
"Cardenas, And Fields Nichols",1
"Cardenas, And Fox Simon",1
"Cardenas, Greene And Mcintosh",1
Cardenas-Beck,1
Cardenas-Dixon,1
Cardenas-Estes,1
Cardenas-Jackson,1
Cardenas-Jones,1
Cardenas-Key,1
Cardenas-Montgomery,1
Cardenas-Morrison,1
"Carey Davis, Turner And",1
"Carey Gonzales White, And",1
"Carey Hale Mitchell, And",1
Carey Plc,1
"Carey Romero, And Osborne",1
Carey-Adams,1
Carey-Brown,1
Carey-Dalton,1
Carey-Jackson,1
Carey-Lee,1
Carey-Lopez,1
Carey-Saunders,1
Carey-Stone,1
Carey-Tate,1
Carey-Thompson,1
Carey-Williams,1
Carey-Young,1
"Carlson And Collins, Knapp",1
"Carlson Austin, Smith And",1
"Carlson Boyd And Martinez,",1
"Carlson Campbell, And Atkins",1
"Carlson Davis Wise, And",1
"Carlson Gutierrez Miller, And",1
"Carlson Harris Jones, And",1
"Carlson Hicks, Fitzgerald And",1
Carlson Inc,1
"Carlson Johnson Gibson, And",1
"Carlson Lewis, Miller And",1
Carlson Llc,1
"Carlson Morris, Carlson And",1
"Carlson Powell And Johnson,",1
"Carlson Ramirez And Atkinson,",1
"Carlson Ramos, Newman And",1
"Carlson Santana, Atkins And",1
"Carlson Sutton, And Beasley",1
"Carlson Williams, Short And",1
"Carlson Wright, Valenzuela And",1
"Carlson, And Chandler Campbell",1
"Carlson, And Wilkinson Jones",1
"Carlson, Reynolds King And",1
"Carlson, Williams Olson And",1
Carlson-Brown,1
Carlson-Carter,1
Carlson-Christensen,1
Carlson-Coleman,1
Carlson-Davis,1
Carlson-Delacruz,1
Carlson-Hart,1
Carlson-Holland,1
Carlson-Jackson,1
Carlson-Love,1
Carlson-Mcfarland,1
Carlson-Perry,1
Carlson-Roman,1
Carlson-Smith,1
Carlson-Stone,1
Carlson-Yang,1
"Carney Friedman, And Weeks",1
"Carney Gutierrez Smith, And",1
"Carney, And Brown Taylor",1
Carney-Brown,1
Carney-Chavez,1
Carney-Douglas,1
Carney-Dunn,1
Carney-Johnson,1
Carney-Sampson,1
Carney-Solis,1
"Carpenter And Henson, Murray",1
"Carpenter And Mcdonald Cox,",1
"Carpenter And Sellers, Bryan",1
"Carpenter Banks, Garner And",1
"Carpenter Goodwin, Rich And",1
Carpenter Inc,1
Carpenter Llc,1
Carpenter Ltd,1
"Carpenter Marshall, And Washington",1
"Carpenter Martinez, And Estes",1
"Carpenter Mcneil, And Morgan",1
"Carpenter Richard And Nunez,",1
"Carpenter Russell And Banks,",1
"Carpenter Walsh, Mccarthy And",1
"Carpenter, And Miller Dyer",1
"Carpenter, And Tran Perez",1
"Carpenter, Lewis And Hughes",1
"Carpenter, Madden Santos And",1
"Carpenter, Smith Henry And",1
Carpenter-Anderson,1
Carpenter-Bailey,1
Carpenter-Chen,1
Carpenter-Davies,1
Carpenter-Dorsey,1
Carpenter-Harmon,1
Carpenter-Henderson,1
Carpenter-Hooper,1
Carpenter-Lewis,1
Carpenter-Marquez,1
Carpenter-Meyers,1
Carpenter-Riggs,1
Carpenter-Schmidt,1
Carpenter-Smith,1
Carpenter-Stanton,1
Carpenter-Turner,1
Carpenter-Warren,1
"Carr And Rocha, Freeman",1
"Carr And Smith Mccarty,",1
"Carr And Wright Burns,",1
"Carr Freeman Crawford, And",1
"Carr Harris, And Martinez",1
"Carr Lewis, Robertson And",1
Carr Llc,1
"Carr Medina, And Mills",1
"Carr Miller Torres, And",1
"Carr Noble And Stevenson,",1
"Carr Paul, Miller And",1
Carr Plc,1
"Carr Russell Prince, And",1
"Carr Smith, And Smith",1
"Carr Walls, Anderson And",1
"Carr Williams Perry, And",1
"Carr, And Carey Gonzales",1
"Carr, Dunn Mcmillan And",1
"Carr, Johnson And Hall",1
"Carr, Morris And House",1
Carr-Espinoza,1
Carr-Flowers,1
Carr-Green,1
Carr-Griffin,1
Carr-Gutierrez,1
Carr-Hanson,1
Carr-Harris,1
Carr-Johnston,1
Carr-Nash,1
Carr-Nelson,1
Carr-Romero,1
Carr-Smith,1
Carr-Taylor,1
Carr-Whitehead,1
"Carrillo And Chang, Flynn",1
"Carrillo And Pineda Adams,",1
"Carrillo Castillo, And Taylor",1
Carrillo Group,1
"Carrillo Macdonald, Ellis And",1
Carrillo Plc,1
"Carrillo Watkins And Carter,",1
"Carrillo, And Jefferson Blankenship",1
"Carrillo, And Liu Baldwin",1
"Carrillo, Banks Cruz And",1
"Carrillo, Weaver And Bean",1
Carrillo-Berry,1
Carrillo-Bullock,1
Carrillo-Christensen,1
Carrillo-Donaldson,1
Carrillo-Gutierrez,1
Carrillo-Jones,1
Carrillo-Mueller,1
Carrillo-Price,1
Carrillo-Rodriguez,1
"Carroll Adams And Petersen,",1
"Carroll Aguilar, Smith And",1
"Carroll And Hall Meyer,",1
"Carroll And Jackson, Graves",1
"Carroll Flores, And Barber",1
"Carroll Lewis Weiss, And",1
Carroll Plc,1
"Carroll, And Fields Smith",1
"Carroll, And Rodriguez Cook",1
"Carroll, And Schwartz Hill",1
"Carroll, Hartman Clements And",1
"Carroll, Matthews Baker And",1
"Carroll, Robles And Johnston",1
Carroll-Ashley,1
Carroll-Berry,1
Carroll-Brown,1
Carroll-Castillo,1
Carroll-Clark,1
Carroll-Cole,1
Carroll-Crawford,1
Carroll-Daniels,1
Carroll-Davis,1
Carroll-Garcia,1
Carroll-Guzman,1
Carroll-Hale,1
Carroll-Hardy,1
Carroll-Herrera,1
Carroll-Huff,1
Carroll-Johnson,1
Carroll-Kim,1
Carroll-Miller,1
Carroll-Norman,1
Carroll-Rogers,1
Carroll-Saunders,1
Carroll-Smith,1
Carroll-Williams,1
Carroll-Williamson,1
Carroll-Wilson,1
"Carson And Berry Porter,",1
"Carson And Nielsen, Buchanan",1
"Carson And Williams, Garza",1
"Carson Chen, May And",1
"Carson Day, Lynch And",1
"Carson Howard, And Jackson",1
Carson Inc,1
"Carson Nguyen And Hubbard,",1
Carson Plc,1
"Carson, Johnson Martin And",1
"Carson, Jordan Hines And",1
"Carson, Williams Hicks And",1
Carson-Cox,1
Carson-Howard,1
Carson-Johnson,1
Carson-Lewis,1
Carson-Lopez,1
Carson-Nolan,1
Carson-Richardson,1
Carson-Villanueva,1
"Carter And Calhoun, Ryan",1
"Carter And Cole, Gutierrez",1
"Carter And Dunn King,",1
"Carter And Green Watkins,",1
"Carter And Horton, Flores",1
"Carter And Ingram, Phelps",1
"Carter And Jennings, Carter",1
"Carter And Marks, Andrews",1
"Carter And Mullins, Neal",1
"Carter And Torres Jones,",1
"Carter Barnes Rojas, And",1
"Carter Carter, And Patterson",1
"Carter Grant And Sanchez,",1
"Carter Hayes, And Jimenez",1
"Carter Hill Russell, And",1
"Carter Hunt, Rodriguez And",1
"Carter Leblanc, Wilkerson And",1
"Carter Lowe Benitez, And",1
"Carter Mcguire Anderson, And",1
"Carter Morrison Mcdonald, And",1
"Carter Nunez, Walker And",1
"Carter Palmer Gutierrez, And",1
"Carter Payne And Mcdonald,",1
Carter Sons And,1
"Carter Spence And Adams,",1
"Carter Stanley Palmer, And",1
"Carter Stein, Sanders And",1
"Carter Stephens Johnson, And",1
"Carter Wallace And Campbell,",1
"Carter, Abbott And Fuentes",1
"Carter, And Blake Whitney",1
"Carter, And Cross Lara",1
"Carter, And Hayes Williams",1
"Carter, And Nguyen Snow",1
"Carter, Carter Evans And",1
"Carter, Davis Miller And",1
"Carter, Martin Rojas And",1
"Carter, Norris Love And",1
"Carter, Olson Lewis And",1
"Carter, Roberson Coleman And",1
"Carter, Rogers And Ryan",1
Carter-Allen,1
Carter-Bailey,1
Carter-Baker,1
Carter-Banks,1
Carter-Bell,1
Carter-Bird,1
Carter-Booth,1
Carter-Bowen,1
Carter-Brown,1
Carter-Camacho,1
Carter-Carney,1
Carter-Cohen,1
Carter-Dawson,1
Carter-Diaz,1
Carter-Estrada,1
Carter-Fleming,1
Carter-Gilbert,1
Carter-Hawkins,1
Carter-Hill,1
Carter-Holmes,1
Carter-Johnson,1
Carter-Maddox,1
Carter-Martin,1
Carter-Mayer,1
Carter-Mcclain,1
Carter-Moore,1
Carter-Morrow,1
Carter-Pham,1
Carter-Reyes,1
Carter-Richard,1
Carter-Rodriguez,1
Carter-Ross,1
Carter-Rowe,1
Carter-Sanchez,1
Carter-Silva,1
Carter-Smith,1
Carter-Walker,1
Carter-Walton,1
Carter-Watson,1
Carter-Watts,1
Carter-Wells,1
Carter-Young,1
"Case And Vasquez, Hunt",1
"Case Flores Cannon, And",1
Case Group,1
Case Inc,1
Case Llc,1
"Case Quinn Collins, And",1
"Case, And Young Evans",1
"Case, Jones And Walker",1
Case-Ayala,1
Case-Hatfield,1
Case-Hicks,1
Case-Ho,1
Case-Leonard,1
Case-Moore,1
Case-Pierce,1
Case-Ruiz,1
Case-Turner,1
Case-Wells,1
"Casey And Cook, Craig",1
"Casey And Hobbs Holland,",1
"Casey And King, Smith",1
"Casey And Martin, Burke",1
"Casey And Reed Conrad,",1
"Casey And Stout Young,",1
"Casey Ayala, And Ramos",1
"Casey Collins, Hudson And",1
"Casey Doyle, And Barnes",1
"Casey Flowers, Bradford And",1
Casey Inc,1
"Casey, Gentry And Williams",1
"Casey, Payne And Rodgers",1
"Casey, Thomas And Carter",1
Casey-Anderson,1
Casey-Lee,1
Casey-Rivera,1
Casey-Tanner,1
Casey-Young,1
"Castaneda Bailey And Garcia,",1
Castaneda Group,1
"Castaneda Sutton, And Harris",1
"Castaneda Terrell, And Rodriguez",1
"Castaneda Wells, And Hoffman",1
"Castaneda, And Berg Johnson",1
"Castaneda, Henson And Holmes",1
Castaneda-Downs,1
Castaneda-Grant,1
Castaneda-Martinez,1
Castaneda-Mckee,1
Castaneda-Morris,1
Castaneda-Powell,1
Castaneda-Tran,1
Castaneda-Tucker,1
Castaneda-Williams,1
Castaneda-Young,1
"Castillo And Johnson, Adkins",1
"Castillo And Olson Robinson,",1
"Castillo Fox, Reynolds And",1
"Castillo Green, Johnson And",1
Castillo Group,1
"Castillo Jackson Allen, And",1
"Castillo Jackson Roman, And",1
"Castillo Lee And Hinton,",1
"Castillo Sanders, Levine And",1
"Castillo, And Mayer Garner",1
"Castillo, And Ross Miles",1
"Castillo, Harris And Moss",1
"Castillo, Matthews Hall And",1
"Castillo, Suarez And Mcdonald",1
Castillo-Barnes,1
Castillo-Barrera,1
Castillo-Beck,1
Castillo-Brown,1
Castillo-Byrd,1
Castillo-Duran,1
Castillo-Flowers,1
Castillo-Garrison,1
Castillo-Hall,1
Castillo-Herman,1
Castillo-Johnson,1
Castillo-Jones,1
Castillo-Marquez,1
Castillo-Martinez,1
Castillo-Mays,1
Castillo-Obrien,1
Castillo-Patton,1
Castillo-Phillips,1
Castillo-Price,1
Castillo-Rogers,1
Castillo-Schultz,1
Castillo-Steele,1
Castillo-Thomas,1
Castillo-Walsh,1
Castillo-Wilson,1
"Castro And Johnson Griffith,",1
"Castro And Rodriguez, Reed",1
"Castro And Smith, Brown",1
Castro And Sons,1
"Castro Foster, And Diaz",1
Castro Inc,1
Castro Llc,1
Castro Ltd,1
"Castro Neal, And Mcclure",1
"Castro Pierce And Tran,",1
Castro Plc,1
"Castro Robertson, And Cook",1
"Castro Rodriguez, And Casey",1
"Castro Smith Haynes, And",1
"Castro Thompson, Chavez And",1
"Castro White, And Price",1
"Castro, And Sanchez Cole",1
"Castro, And Swanson Horn",1
"Castro, Garza Landry And",1
"Castro, Howard And Sanders",1
Castro-Allen,1
Castro-Becker,1
Castro-Brock,1
Castro-Brown,1
Castro-Chavez,1
Castro-Edwards,1
Castro-Farley,1
Castro-Ford,1
Castro-Gomez,1
Castro-Lopez,1
Castro-Medina,1
Castro-Pierce,1
Castro-Rivera,1
Castro-Rodgers,1
Castro-Sandoval,1
Castro-Singh,1
Castro-Townsend,1
Castro-Wolf,1
"Cervantes And May Gilmore,",1
Cervantes And Sons,1
"Cervantes Carter, Garcia And",1
"Cervantes Evans And Mccarthy,",1
Cervantes Inc,1
Cervantes Llc,1
Cervantes Plc,1
"Cervantes, And Mckenzie Byrd",1
"Cervantes, Wells And Barker",1
Cervantes-Anderson,1
Cervantes-Cook,1
Cervantes-Cooper,1
Cervantes-Edwards,1
Cervantes-Goodman,1
Cervantes-Herrera,1
Cervantes-Mitchell,1
Cervantes-Morrison,1
Cervantes-Nelson,1
Cervantes-Rodriguez,1
Cervantes-Sanchez,1
Cervantes-Smith,1
Cervantes-Stone,1
Cervantes-Weaver,1
Cervantes-Wells,1
Cervantes-Williams,1
"Chambers And Harrison, Hamilton",1
"Chambers And Oconnell Young,",1
"Chambers And Thomas Sullivan,",1
"Chambers Andrews And Ross,",1
Chambers Llc,1
Chambers Ltd,1
"Chambers Wright, Brown And",1
"Chambers, And Jackson Ortiz",1
"Chambers, Rocha Patrick And",1
Chambers-Barnett,1
Chambers-Bell,1
Chambers-Bradley,1
Chambers-Green,1
Chambers-Griffin,1
Chambers-Lamb,1
Chambers-Lucas,1
Chambers-Smith,1
Chambers-Thompson,1
Chambers-Thornton,1
Chambers-Welch,1
Chambers-Williams,1
"Chan And Daniels Brown,",1
"Chan And Rice Murray,",1
"Chan Brown, Murphy And",1
"Chan Crawford, And Stephens",1
"Chan Sanchez And Hodge,",1
"Chan, Goodman And Gould",1
Chan-Arias,1
Chan-Branch,1
Chan-Brown,1
Chan-Flores,1
Chan-Jones,1
Chan-Taylor,1
"Chandler And Smith, Cohen",1
Chandler And Sons,1
Chandler Llc,1
Chandler Plc,1
"Chandler Russell, Harrington And",1
"Chandler Wright, Hart And",1
"Chandler, And Berry Meyer",1
"Chandler, And Olson Holland",1
"Chandler, Campbell And Roth",1
"Chandler, King And Roman",1
"Chandler, Williams And Davies",1
Chandler-Ballard,1
Chandler-Bennett,1
Chandler-Carey,1
Chandler-Mitchell,1
Chandler-Pham,1
"Chaney And Cohen, Stark",1
"Chaney And Moon Shields,",1
"Chaney Gaines White, And",1
Chaney Group,1
"Chaney Smith And Gibson,",1
"Chaney, Cook Tyler And",1
Chaney-Hale,1
Chaney-Howard,1
Chang Inc,1
Chang Llc,1
"Chang Scott And Weber,",1
"Chang, Adams Brown And",1
"Chang, And Jones Ward",1
"Chang, Olson And Potter",1
"Chang, Soto Porter And",1
Chang-Edwards,1
Chang-Hess,1
Chang-Myers,1
Chang-Patrick,1
Chang-Smith,1
Chang-Tapia,1
Chang-Vega,1
Chang-Walker,1
Chang-Williams,1
"Chapman And Perkins Dunlap,",1
"Chapman And Walter Smith,",1
"Chapman Andrews, And Clements",1
"Chapman Black And Bell,",1
"Chapman Bradshaw, And Thomas",1
"Chapman Bryan, Williams And",1
"Chapman Harmon And Mcgee,",1
"Chapman Lewis And Dorsey,",1
Chapman Ltd,1
"Chapman Merritt Marquez, And",1
"Chapman Nguyen, And Henderson",1
"Chapman Phelps, And Walker",1
Chapman Sons And,1
"Chapman Wiggins, Byrd And",1
"Chapman, And Edwards Bush",1
"Chapman, And Ortiz Miller",1
"Chapman, Cooper Richard And",1
"Chapman, Palmer George And",1
Chapman-Barnett,1
Chapman-Bryant,1
Chapman-Cooper,1
Chapman-Diaz,1
Chapman-Evans,1
Chapman-Gibbs,1
Chapman-Haas,1
Chapman-Hale,1
Chapman-Henderson,1
Chapman-Hutchinson,1
Chapman-Mann,1
Chapman-Robinson,1
Chapman-Smith,1
Chapman-Taylor,1
Chapman-Thomas,1
"Charles And Dillon Beck,",1
Charles Group,1
"Charles Jackson And Stevens,",1
"Charles Mathews And Powell,",1
"Charles Ross, Garcia And",1
Charles Sons And,1
"Charles Thomas And Levy,",1
"Charles, And Williams Reid",1
"Charles, Howard Walter And",1
"Charles, Marsh Page And",1
"Charles, Robbins Rios And",1
Charles-Brown,1
Charles-Caldwell,1
Charles-Farrell,1
Charles-Henderson,1
Charles-Roman,1
Charles-Weaver,1
"Chase And Waters, Sanders",1
Chase Group,1
"Chase Howell, Winters And",1
Chase Inc,1
"Chase Key And Clark,",1
"Chase, And Lane Griffin",1
Chase-Adams,1
Chase-Beasley,1
Chase-Bradley,1
Chase-Brewer,1
Chase-Coleman,1
Chase-Escobar,1
Chase-Ho,1
Chase-Jackson,1
Chase-Lee,1
Chase-Nichols,1
Chase-Oliver,1
Chase-Vance,1
Chase-Wilcox,1
"Chavez And Brown, Morris",1
"Chavez And Flores Barton,",1
"Chavez And Gonzales Johnson,",1
"Chavez And Hammond, White",1
"Chavez And Lee, Greer",1
"Chavez And Randall, Gomez",1
"Chavez And Winters, Lamb",1
"Chavez Boyd, And Frank",1
"Chavez Garcia, Kim And",1
"Chavez Garner Williams, And",1
"Chavez Hull, And Garcia",1
"Chavez Jackson, Diaz And",1
"Chavez Kennedy, And Hensley",1
"Chavez Parker, Lucas And",1
"Chavez Ramos, Young And",1
"Chavez Rice Cuevas, And",1
"Chavez Ryan, And Nelson",1
"Chavez Schwartz And Mitchell,",1
"Chavez Simmons And Wolfe,",1
"Chavez Simmons Pace, And",1
"Chavez Snow, Knox And",1
"Chavez Valenzuela, And Gutierrez",1
"Chavez Wood Vargas, And",1
"Chavez, And Hardin Miller",1
"Chavez, And Jenkins Davidson",1
"Chavez, And Pacheco Stephens",1
"Chavez, And Smith Hawkins",1
"Chavez, Baker Sanchez And",1
"Chavez, Molina And Yates",1
"Chavez, Peters And Clark",1
Chavez-Bradford,1
Chavez-Burke,1
Chavez-Carroll,1
Chavez-Chapman,1
Chavez-Clark,1
Chavez-Cooke,1
Chavez-Curtis,1
Chavez-Edwards,1
Chavez-Graves,1
Chavez-Hernandez,1
Chavez-Hughes,1
Chavez-Jones,1
Chavez-Kelly,1
Chavez-Kidd,1
Chavez-Marsh,1
Chavez-Marshall,1
Chavez-Potts,1
Chavez-Randolph,1
Chavez-Robertson,1
Chavez-Rodriguez,1
Chavez-Russell,1
Chavez-Scott,1
Chavez-Smith,1
Chavez-Thompson,1
Chavez-Watson,1
Chavez-Webster,1
Chavez-Williamson,1
Chavez-Wilson,1
"Chen And Jones Reeves,",1
"Chen Campbell And Black,",1
"Chen Hamilton Leach, And",1
Chen Inc,1
Chen Llc,1
"Chen Moore, Allison And",1
Chen Sons And,1
"Chen Soto And Sullivan,",1
"Chen Stone Conner, And",1
"Chen Walker And Farmer,",1
"Chen, And Avery Green",1
"Chen, And Warren Moss",1
"Chen, Kelly And Martin",1
"Chen, Lee Waters And",1
"Chen, Perez Ingram And",1
Chen-Anderson,1
Chen-Black,1
Chen-Burton,1
Chen-Castillo,1
Chen-Cisneros,1
Chen-Davis,1
Chen-Edwards,1
Chen-Fox,1
Chen-Garrett,1
Chen-Gates,1
Chen-Hernandez,1
Chen-Hicks,1
Chen-Hogan,1
Chen-Jackson,1
Chen-Kline,1
Chen-Munoz,1
Chen-Poole,1
Chen-Roberts,1
Chen-Sherman,1
Chen-Vega,1
Chen-Williams,1
Cherry Inc,1
Cherry Llc,1
"Cherry Rich, Jackson And",1
"Cherry, And Lawson Wells",1
Cherry-Jones,1
Cherry-Rosales,1
Cherry-Smith,1
"Choi And Smith, Williamson",1
Choi Group,1
Choi Inc,1
Choi Plc,1
"Choi, Perez And Smith",1
Choi-Brown,1
Choi-Fowler,1
Choi-Harris,1
Choi-Miller,1
Choi-Murphy,1
Choi-Rush,1
"Christensen And Becker Alvarez,",1
"Christensen And Cummings Young,",1
"Christensen And Duffy Leblanc,",1
"Christensen And Jones, Cooper",1
"Christensen And Parker Jones,",1
Christensen And Sons,1
"Christensen Chase And Ramos,",1
"Christensen Hardy Parker, And",1
"Christensen Hardy, And Martinez",1
Christensen Llc,1
"Christensen Perez, And Miller",1
Christensen Plc,1
"Christensen, Coleman And Decker",1
"Christensen, Herrera Hawkins And",1
"Christensen, Nelson And Ward",1
"Christensen, Rivera And Knox",1
Christensen-Barker,1
Christensen-Carey,1
Christensen-Carter,1
Christensen-Clay,1
Christensen-Gardner,1
Christensen-Gordon,1
Christensen-Hinton,1
Christensen-Lee,1
Christensen-Martinez,1
Christensen-Merritt,1
Christensen-Morgan,1
Christensen-Stewart,1
Christensen-Terrell,1
Christensen-Villanueva,1
"Christian Alexander, Young And",1
"Christian Barnes And Vaughan,",1
"Christian Garcia And Hahn,",1
"Christian Mcdonald, And Mills",1
Christian Plc,1
Christian-Chavez,1
Christian-Compton,1
Christian-Hall,1
Christian-Murray,1
Chung And Sons,1
"Chung Dunlap Case, And",1
"Chung Herrera, And Pollard",1
Chung Llc,1
"Chung Rodriguez Bradley, And",1
"Chung Sherman, Adkins And",1
"Chung Williams Martin, And",1
Chung-Floyd,1
Chung-Garcia,1
Chung-Jordan,1
Chung-Perez,1
Chung-Ramirez,1
Chung-Russell,1
Chung-Williams,1
Chung-Young,1
"Church And Rodriguez, Hernandez",1
Church And Sons,1
"Church Gomez, And Singleton",1
Church Inc,1
"Church Miller, And Navarro",1
"Church Moore And Moody,",1
"Church Patel, Bishop And",1
"Church, And Williams Gibson",1
"Church, Ochoa And Johnson",1
"Church, Smith And Rose",1
Church-Davis,1
Church-Johnson,1
Church-Moore,1
Church-Powell,1
"Cisneros And Bean Padilla,",1
"Cisneros And Davis, Fields",1
"Cisneros And Smith, Johnson",1
"Cisneros And Snyder Diaz,",1
"Cisneros Phillips And Rivera,",1
"Cisneros Short, And Taylor",1
Cisneros-Craig,1
Cisneros-Davis,1
Cisneros-Massey,1
Cisneros-Moore,1
Cisneros-Randolph,1
Cisneros-Rodriguez,1
"Clark And Carson Becker,",1
"Clark And Cuevas, Davis",1
"Clark And Forbes Smith,",1
"Clark And Green, Dyer",1
"Clark And Hammond Fitzgerald,",1
"Clark And Johnston, Parker",1
"Clark And King Harris,",1
"Clark And Lewis Gross,",1
"Clark And Livingston, Ramirez",1
"Clark And Macias, Torres",1
"Clark And Manning Smith,",1
"Clark And Rice, Davis",1
"Clark And Sanchez Delgado,",1
"Clark And Simpson Morgan,",1
"Clark And Smith, Sullivan",1
Clark And Sons,1
"Clark And Williams Kirby,",1
"Clark And Yang, Acosta",1
"Clark Barry, And Johnson",1
"Clark Blair, And Miller",1
"Clark Brown, And Myers",1
"Clark Griffin And Smith,",1
"Clark Herrera And Juarez,",1
"Clark Holder, Perry And",1
"Clark Jones And Hanson,",1
"Clark Kerr, And Bryant",1
"Clark Logan, Nichols And",1
"Clark Lopez, Phelps And",1
"Clark Mcfarland, Barker And",1
"Clark Medina, And Taylor",1
"Clark Meza And Conner,",1
"Clark Miller Harris, And",1
"Clark Oliver And Jones,",1
"Clark Powell And Sullivan,",1
"Clark Pruitt, And Hoffman",1
"Clark Rasmussen, Nelson And",1
"Clark Scott, Sims And",1
"Clark Shelton And Welch,",1
Clark Sons And,1
"Clark Vega, Hernandez And",1
"Clark Wolf, Jenkins And",1
"Clark Wood, And Adams",1
"Clark, And Cobb Parsons",1
"Clark, And Doyle Jimenez",1
"Clark, And Estes Thomas",1
"Clark, And Martinez Wise",1
"Clark, And Powers Graham",1
"Clark, And Roberson Moon",1
"Clark, And Scott Benjamin",1
"Clark, And Simpson Moreno",1
"Clark, Anderson And Henderson",1
"Clark, Bush And Allen",1
"Clark, Garza Tate And",1
"Clark, Harris And Rice",1
"Clark, Hoffman And Mitchell",1
"Clark, Holder And Gonzalez",1
"Clark, Jefferson And Stanley",1
"Clark, Mcdowell And Walker",1
"Clark, Taylor Miller And",1
"Clark, Thomas And Rush",1
"Clark, Vance Long And",1
"Clark, Walsh And Rodriguez",1
"Clark, Washington And Brown",1
Clark-Adams,1
Clark-Allison,1
Clark-Arnold,1
Clark-Bailey,1
Clark-Becker,1
Clark-Black,1
Clark-Blanchard,1
Clark-Bray,1
Clark-Brown,1
Clark-Buchanan,1
Clark-Cameron,1
Clark-Chavez,1
Clark-Costa,1
Clark-Cox,1
Clark-Delgado,1
Clark-Dunn,1
Clark-Durham,1
Clark-Espinoza,1
Clark-Estrada,1
Clark-Everett,1
Clark-Farrell,1
Clark-Flores,1
Clark-Garcia,1
Clark-Glass,1
Clark-Gomez,1
Clark-Gonzalez,1
Clark-Gray,1
Clark-Griffin,1
Clark-Grimes,1
Clark-Hart,1
Clark-Hebert,1
Clark-Hernandez,1
Clark-Hess,1
Clark-Holloway,1
Clark-Hooper,1
Clark-Horton,1
Clark-Howard,1
Clark-Hubbard,1
Clark-James,1
Clark-Jenkins,1
Clark-Jensen,1
Clark-Kennedy,1
Clark-King,1
Clark-Lara,1
Clark-Leon,1
Clark-Lewis,1
Clark-Lyons,1
Clark-Mason,1
Clark-Mayo,1
Clark-Mccullough,1
Clark-Mitchell,1
Clark-Montoya,1
Clark-Murray,1
Clark-Nelson,1
Clark-Palmer,1
Clark-Patrick,1
Clark-Payne,1
Clark-Reyes,1
Clark-Rice,1
Clark-Riley,1
Clark-Rivers,1
Clark-Russo,1
Clark-Salazar,1
Clark-Santos,1
Clark-Snyder,1
Clark-Swanson,1
Clark-Taylor,1
Clark-Tran,1
Clark-Underwood,1
Clark-Velez,1
Clark-Watts,1
Clark-Weber,1
Clark-Wheeler,1
Clark-Wood,1
Clark-Wyatt,1
"Clarke And Jones Gray,",1
"Clarke And Reeves, Williams",1
"Clarke And Roth, Donovan",1
"Clarke Hunter And Jones,",1
Clarke Llc,1
Clarke Ltd,1
"Clarke Williams, Garrett And",1
"Clarke, Roberts Simmons And",1
Clarke-Berry,1
Clarke-Bruce,1
Clarke-King,1
Clarke-Lawrence,1
Clarke-Smith,1
"Clay And Gilmore Dean,",1
Clay Sons And,1
"Clay, Thompson And Miller",1
"Clay, Walker Jones And",1
Clay-Davis,1
Clay-Doyle,1
Clay-Perez,1
Clay-Smith,1
"Clayton And Smith, Edwards",1
"Clayton Burton, And Vaughan",1
"Clayton Espinoza And Davis,",1
"Clayton Griffith, And Jensen",1
"Clayton Khan Berry, And",1
Clayton Llc,1
"Clayton, And Martinez Kelly",1
"Clayton, And Wheeler Parsons",1
"Clayton, Meyer King And",1
Clayton-Cunningham,1
Clayton-Olson,1
Clayton-Robertson,1
Clayton-Smith,1
Clayton-Williams,1
"Clements And Hunt Lewis,",1
"Clements And Scott, Peters",1
Clements Inc,1
Clements Ltd,1
"Clements Miller, And Kramer",1
"Clements Riddle, Wilson And",1
"Clements Rodriguez And Marshall,",1
Clements-Allen,1
Clements-Ashley,1
Clements-Bowman,1
Clements-Brown,1
Clements-Carter,1
Clements-Grant,1
Clements-Hubbard,1
Clements-Johnson,1
Clements-Ortega,1
Clements-Suarez,1
"Cline And Fitzpatrick Hawkins,",1
"Cline And King, Le",1
Cline Llc,1
"Cline, And Brewer Smith",1
Cline-Carpenter,1
Cline-Harmon,1
Cline-Santiago,1
Cline-Stephens,1
Cline-Watson,1
Cline-Williams,1
"Cobb And Haley, Peterson",1
"Cobb And Larsen, Harris",1
"Cobb And Roy, Bennett",1
"Cobb Anderson, And Barker",1
"Cobb Frye, Diaz And",1
Cobb Group,1
"Cobb Norman And Owens,",1
"Cobb Rubio, Williamson And",1
"Cobb Stewart, And Morris",1
"Cobb, And Bowen Hunt",1
"Cobb, And Clark Robinson",1
"Cobb, Lambert Campbell And",1
"Cobb, Osborne Hatfield And",1
Cobb-Allen,1
Cobb-Cohen,1
Cobb-Perez,1
Cobb-Pollard,1
Cobb-Ramsey,1
Cobb-Reed,1
Cobb-Rivera,1
Cobb-Zimmerman,1
"Cochran And Castillo Marshall,",1
"Cochran And Rogers Brock,",1
"Cochran Decker Brown, And",1
Cochran Inc,1
Cochran Llc,1
Cochran Ltd,1
"Cochran Miller Barton, And",1
Cochran Sons And,1
"Cochran Stevens, And Kaufman",1
"Cochran Whitney, And Novak",1
"Cochran, Melton And Deleon",1
Cochran-Butler,1
Cochran-Freeman,1
Cochran-Hart,1
Cochran-Kelley,1
Cochran-Sawyer,1
Cochran-Sutton,1
Cochran-White,1
Coffey Group,1
"Coffey Humphrey, And Cole",1
Coffey Llc,1
Coffey Sons And,1
"Coffey, Stone Gibson And",1
"Coffey, Tapia And Lopez",1
Coffey-Barrett,1
Coffey-Mckenzie,1
Coffey-Richardson,1
Coffey-Travis,1
Coffey-Young,1
"Cohen And Clark Macias,",1
"Cohen And Parks Lewis,",1
"Cohen And Smith Lindsey,",1
Cohen And Sons,1
"Cohen Mueller And Parks,",1
"Cohen Patterson, Avila And",1
"Cohen Robinson, Rodriguez And",1
"Cohen Snyder, Beasley And",1
"Cohen, And Bowers Conley",1
"Cohen, Villanueva Mitchell And",1
Cohen-Compton,1
Cohen-Dominguez,1
Cohen-Gillespie,1
Cohen-Haney,1
Cohen-Holmes,1
Cohen-Jordan,1
Cohen-Mills,1
Cohen-Nelson,1
Cohen-Riley,1
Cohen-White,1
"Cole Alvarez, Johnson And",1
"Cole And Black Lopez,",1
"Cole And Cook, Smith",1
"Cole And Franklin Benson,",1
"Cole And Nelson, Davies",1
"Cole And Walker, Flores",1
"Cole Dawson And King,",1
"Cole Frederick, Carlson And",1
"Cole Green, Garrett And",1
"Cole Morales Garcia, And",1
"Cole Salazar Hines, And",1
"Cole Schmidt, And Gutierrez",1
"Cole Shaw Simmons, And",1
"Cole Torres, Harrell And",1
"Cole Wise And Christensen,",1
"Cole, And Clark Hicks",1
"Cole, And Reed Cobb",1
"Cole, Brewer Love And",1
"Cole, Chapman Bradley And",1
"Cole, Dudley And Hill",1
"Cole, Mccullough Livingston And",1
"Cole, Montgomery And Moran",1
"Cole, Russell Thomas And",1
"Cole, Shaw Boyd And",1
Cole-Adams,1
Cole-Blake,1
Cole-Burke,1
Cole-Chandler,1
Cole-Chen,1
Cole-Clark,1
Cole-Crawford,1
Cole-Cruz,1
Cole-Davila,1
Cole-Edwards,1
Cole-Ford,1
Cole-Freeman,1
Cole-Gonzalez,1
Cole-Hansen,1
Cole-Johnson,1
Cole-Lee,1
Cole-Miller,1
Cole-Mitchell,1
Cole-Montgomery,1
Cole-Morgan,1
Cole-Ortiz,1
Cole-Parks,1
Cole-Perez,1
Cole-Reyes,1
Cole-Rodriguez,1
Cole-Sharp,1
Cole-Vargas,1
Cole-Ward,1
Cole-West,1
"Coleman And Hahn Johnson,",1
"Coleman And Jacobson Johnston,",1
"Coleman And Mcdonald Estes,",1
"Coleman Green, Lucas And",1
"Coleman Hardy Jackson, And",1
"Coleman Hebert And Powell,",1
"Coleman Johnson, Evans And",1
"Coleman Lynch And Kline,",1
"Coleman Mcdowell Collins, And",1
"Coleman Morris Terry, And",1
"Coleman Roberts, Kelly And",1
Coleman Sons And,1
"Coleman, And Berry Davis",1
"Coleman, And Ramirez Wolf",1
"Coleman, Foster And Luna",1
"Coleman, Graham And Collins",1
"Coleman, Johnson Ho And",1
"Coleman, Quinn And Miller",1
"Coleman, Short Lambert And",1
"Coleman, Sparks And Delacruz",1
Coleman-Aguilar,1
Coleman-Bell,1
Coleman-Brooks,1
Coleman-Cain,1
Coleman-Carson,1
Coleman-Dawson,1
Coleman-Duke,1
Coleman-Graham,1
Coleman-Grimes,1
Coleman-Hernandez,1
Coleman-Ho,1
Coleman-Huff,1
Coleman-Hurley,1
Coleman-James,1
Coleman-Johnson,1
Coleman-Kim,1
Coleman-Lawson,1
Coleman-Moreno,1
Coleman-Norton,1
Coleman-Olson,1
Coleman-Rhodes,1
Coleman-Rodriguez,1
Coleman-Rose,1
Coleman-Shaw,1
Coleman-Stewart,1
Coleman-Stout,1
Coleman-Torres,1
Coleman-Williams,1
"Collier And Brown Elliott,",1
"Collier And Kennedy Wolf,",1
"Collier Grant Jacobs, And",1
"Collier Harris Gordon, And",1
Collier Inc,1
Collier Llc,1
"Collier Roberts, And Thompson",1
"Collier, Brennan And Smith",1
Collier-Adams,1
Collier-Browning,1
Collier-Carlson,1
Collier-Garrett,1
Collier-Jordan,1
Collier-Morgan,1
Collier-Smith,1
"Collins Adams And Morales,",1
"Collins Alexander And Graham,",1
"Collins And Farmer Zamora,",1
"Collins And Hamilton Vasquez,",1
"Collins And Kramer Mills,",1
"Collins And Marshall, Nash",1
"Collins And Moore Chan,",1
"Collins And Murray Taylor,",1
"Collins And Perez, Rogers",1
"Collins And Smith, Peterson",1
"Collins And Walker Bailey,",1
"Collins And Woods Jackson,",1
"Collins And Wright, Garrison",1
"Collins Berry, And Reed",1
"Collins Colon And Jones,",1
"Collins Cooper Thompson, And",1
"Collins Davis, Rodriguez And",1
"Collins Estrada Wells, And",1
Collins Group,1
"Collins Howell, And Cantrell",1
"Collins Martin Pearson, And",1
"Collins Nelson Beck, And",1
"Collins Porter And Rodgers,",1
"Collins Small, And Crawford",1
"Collins Stout And King,",1
"Collins Todd, Garza And",1
"Collins White Melendez, And",1
"Collins Woodward Martinez, And",1
"Collins, And Allen Myers",1
"Collins, And Fields Campbell",1
"Collins, And Kemp Cobb",1
"Collins, And Lawson Lyons",1
"Collins, And Williams Jackson",1
"Collins, Arellano And Haas",1
"Collins, Edwards Dalton And",1
"Collins, Fry Jensen And",1
"Collins, Nelson Owens And",1
"Collins, Wallace Duncan And",1
"Collins, Zimmerman Lewis And",1
Collins-Bailey,1
Collins-Booth,1
Collins-Boyle,1
Collins-Brown,1
Collins-Cooper,1
Collins-Curtis,1
Collins-Dixon,1
Collins-Douglas,1
Collins-Ellis,1
Collins-Esparza,1
Collins-Fields,1
Collins-Fox,1
Collins-Frazier,1
Collins-French,1
Collins-Gilbert,1
Collins-Greene,1
Collins-Gutierrez,1
Collins-Harris,1
Collins-Hawkins,1
Collins-Hayden,1
Collins-Hernandez,1
Collins-Hester,1
Collins-Howard,1
Collins-Hughes,1
Collins-Jacobs,1
Collins-Jones,1
Collins-Knight,1
Collins-Lloyd,1
Collins-Lozano,1
Collins-Matthews,1
Collins-Moreno,1
Collins-Osborne,1
Collins-Perez,1
Collins-Peterson,1
Collins-Pierce,1
Collins-Ross,1
Collins-Scott,1
Collins-Stone,1
Collins-Thompson,1
Collins-Torres,1
Collins-Tyler,1
Collins-White,1
Collins-Woods,1
Collins-Yang,1
"Colon Greene Russell, And",1
Colon Inc,1
Colon Llc,1
Colon Ltd,1
Colon Plc,1
"Colon, And Floyd Thompson",1
"Colon, Long And Hammond",1
Colon-Ferguson,1
Colon-Fisher,1
Colon-Jimenez,1
Colon-Kent,1
Colon-Leon,1
Colon-Mathis,1
Colon-Mckenzie,1
Colon-Meyer,1
Colon-Ortiz,1
Colon-Phillips,1
Colon-Rowland,1
Colon-Smith,1
Colon-Sullivan,1
Colon-Watson,1
"Combs And Perkins, Jimenez",1
"Combs And Sanders Juarez,",1
Combs And Sons,1
"Combs And Steele Mitchell,",1
Combs Ltd,1
Combs-Bell,1
Combs-Morrison,1
Combs-Peterson,1
Combs-Robinson,1
Combs-Waters,1
"Compton And Rosales Scott,",1
Compton Plc,1
Compton-Ayala,1
Compton-Clark,1
Compton-Fields,1
Compton-Gordon,1
"Conley Gill, Wright And",1
Conley Group,1
"Conley Hall, And Young",1
"Conley Jackson, And Hill",1
"Conley Mooney, Hall And",1
"Conley Rogers, Farley And",1
"Conley, Banks Williamson And",1
Conley-Carter,1
Conley-Crane,1
Conley-Haley,1
Conley-Jackson,1
Conley-Mayo,1
Conley-Miranda,1
Conley-Owens,1
Conley-Sanders,1
Conley-Smith,1
Conley-Torres,1
Conley-Ward,1
Conley-Williamson,1
Conley-Wood,1
"Conner And Davis Mcbride,",1
"Conner And Newman Barron,",1
"Conner Fitzgerald And Richardson,",1
Conner Group,1
"Conner Kennedy, And Matthews",1
Conner Ltd,1
"Conner Meyer Riley, And",1
"Conner Owen, Newton And",1
"Conner Ramos, Henderson And",1
Conner-Carter,1
Conner-Flores,1
Conner-Guerra,1
Conner-Hayes,1
Conner-Howard,1
Conner-Nelson,1
Conner-Ortiz,1
Conner-Perkins,1
Conner-Ritter,1
Conner-Stevenson,1
Conner-Vasquez,1
"Conrad And Allen, Hernandez",1
"Conrad And Lucas, Melton",1
"Conrad Bradley, Hughes And",1
"Conrad Brown Bautista, And",1
Conrad Group,1
Conrad-Best,1
Conrad-Brock,1
Conrad-Espinoza,1
Conrad-Lee,1
Conrad-Norton,1
Conrad-Wiley,1
"Contreras Alexander Glass, And",1
"Contreras And Bowen, Floyd",1
Contreras And Sons,1
"Contreras Barnett And Guzman,",1
"Contreras Grimes And Prince,",1
Contreras Group,1
Contreras Inc,1
"Contreras Lyons Richard, And",1
"Contreras Myers And Young,",1
"Contreras, And White Owens",1
"Contreras, Mason Villanueva And",1
Contreras-Adams,1
Contreras-Contreras,1
Contreras-Cook,1
Contreras-Hancock,1
Contreras-Harmon,1
Contreras-Hoover,1
Contreras-Johnson,1
Contreras-Jones,1
Contreras-Martin,1
Contreras-Ryan,1
Contreras-Sanchez,1
Contreras-Vasquez,1
Contreras-Villegas,1
Contreras-White,1
"Conway And Benitez Jackson,",1
"Conway And Parker, Porter",1
"Conway And Wilcox, Cowan",1
"Conway Brooks And Green,",1
"Conway Harper, And Ochoa",1
Conway Llc,1
Conway Ltd,1
"Conway Martinez, And Bishop",1
"Conway Reese Campbell, And",1
"Conway Turner, And Pollard",1
"Conway, Lee Huynh And",1
Conway-Crane,1
Conway-Fuller,1
Conway-Garrett,1
Conway-Hayden,1
Conway-Johnson,1
Conway-Nelson,1
Conway-Wall,1
"Cook And Craig, Herrera",1
"Cook And Curtis Morris,",1
"Cook And Edwards Flowers,",1
"Cook And Escobar Calhoun,",1
"Cook And Foley Brown,",1
"Cook And Mccarthy, Oliver",1
"Cook And Mcgee, Sutton",1
"Cook And Meza Livingston,",1
"Cook And Miller, Dunlap",1
"Cook And Smith, Crane",1
"Cook And Smith, Ward",1
Cook And Sons,1
"Cook And Tapia Hughes,",1
"Cook And Zhang, Mayer",1
"Cook Ayala, And Williams",1
"Cook Clark, Dunn And",1
"Cook Fox, And Lawson",1
"Cook Griffin Price, And",1
"Cook Hoffman Parsons, And",1
"Cook Hoover, Woodard And",1
"Cook Hughes And Payne,",1
"Cook Jones, And Cunningham",1
"Cook Lopez, And Hammond",1
"Cook Miller, And Walker",1
"Cook Munoz, Kim And",1
"Cook Smith, And Bryant",1
Cook Sons And,1
"Cook Thomas Thomas, And",1
"Cook, And Clark Chandler",1
"Cook, And Douglas Gray",1
"Cook, And Rodgers Reyes",1
"Cook, And Thompson Taylor",1
"Cook, And Young Brown",1
"Cook, Diaz Campbell And",1
"Cook, Small Monroe And",1
"Cook, Wall And Smith",1
"Cook, Wang Diaz And",1
Cook-Adams,1
Cook-Alexander,1
Cook-Alvarez,1
Cook-Baker,1
Cook-Carlson,1
Cook-Chan,1
Cook-Christian,1
Cook-Church,1
Cook-Fischer,1
Cook-Franklin,1
Cook-Gibson,1
Cook-Gilbert,1
Cook-Green,1
Cook-Hammond,1
Cook-Henderson,1
Cook-Holloway,1
Cook-Hurst,1
Cook-Joyce,1
Cook-Larsen,1
Cook-Lee,1
Cook-Lucero,1
Cook-Marquez,1
Cook-Martin,1
Cook-Martinez,1
Cook-Miller,1
Cook-Mills,1
Cook-Neal,1
Cook-Olsen,1
Cook-Oneill,1
Cook-Page,1
Cook-Park,1
Cook-Patel,1
Cook-Patterson,1
Cook-Rogers,1
Cook-Shelton,1
Cook-Smith,1
Cook-Solis,1
Cook-Stevens,1
Cook-Suarez,1
Cook-Taylor,1
Cook-Turner,1
Cook-Wood,1
Cook-Woodard,1
"Cooke Houston Villanueva, And",1
"Cooke Ramsey, And Russell",1
"Cooke, Berry Khan And",1
"Cooke, Reyes Herrera And",1
Cooke-Bell,1
Cooke-Gillespie,1
Cooke-Little,1
Cooke-Rodriguez,1
Cooke-Russell,1
Cooke-Sutton,1
"Cooley Chapman, And Miller",1
"Cooley Doyle Jordan, And",1
"Cooley Oliver And Miller,",1
"Cooley, Singh And Wall",1
Cooley-Alvarado,1
Cooley-Howell,1
Cooley-Reid,1
"Cooper Adams And Miller,",1
"Cooper And Arnold Hernandez,",1
"Cooper And Burgess, Clay",1
"Cooper And Hawkins, Lowe",1
"Cooper And Neal, Combs",1
"Cooper And Tanner, Prince",1
"Cooper Brown Parks, And",1
"Cooper Collins, And Hudson",1
"Cooper Cunningham, And Warren",1
"Cooper Dennis, And Bowman",1
"Cooper Gomez, And Simmons",1
"Cooper Hendricks Walker, And",1
"Cooper Lee, Mccormick And",1
"Cooper Nichols Reynolds, And",1
"Cooper Rodriguez, Taylor And",1
"Cooper Rosales And Rose,",1
"Cooper Ross, And Lutz",1
"Cooper Schultz, Simpson And",1
"Cooper Tucker And Powers,",1
"Cooper Williams May, And",1
"Cooper, And Burgess Saunders",1
"Cooper, And Hall Smith",1
"Cooper, And Leonard Oliver",1
"Cooper, And Robinson Garner",1
"Cooper, And Smith Sparks",1
"Cooper, And Wright Harvey",1
"Cooper, Miller Cruz And",1
Cooper-Barnett,1
Cooper-Bates,1
Cooper-Best,1
Cooper-Bishop,1
Cooper-Black,1
Cooper-Brown,1
Cooper-Burgess,1
Cooper-Calhoun,1
Cooper-Carrillo,1
Cooper-Clarke,1
Cooper-Collins,1
Cooper-Diaz,1
Cooper-Duncan,1
Cooper-Ellis,1
Cooper-Farley,1
Cooper-Fernandez,1
Cooper-Fry,1
Cooper-Gross,1
Cooper-Gutierrez,1
Cooper-Hancock,1
Cooper-Jackson,1
Cooper-Jones,1
Cooper-Kerr,1
Cooper-Koch,1
Cooper-Lee,1
Cooper-Martin,1
Cooper-Martinez,1
Cooper-Mcdaniel,1
Cooper-Miller,1
Cooper-Perkins,1
Cooper-Robles,1
Cooper-Rodriguez,1
Cooper-Rogers,1
Cooper-Santos,1
Cooper-Stewart,1
Cooper-Strickland,1
Cooper-Trujillo,1
Cooper-Wilkerson,1
Cooper-Winters,1
Cooper-Wood,1
Cooper-Young,1
"Copeland And Flores, Vang",1
"Copeland And Williamson Johnson,",1
Copeland Group,1
Copeland Llc,1
Copeland Sons And,1
"Copeland, And Crawford Stark",1
"Copeland, Davila And Pratt",1
Copeland-Gibson,1
Copeland-Gomez,1
Copeland-Hall,1
Copeland-Lin,1
Copeland-Martin,1
Copeland-Yoder,1
"Cordova And Flores Carson,",1
"Cordova And Gregory Vasquez,",1
"Cordova And Thomas Warren,",1
"Cordova Curtis Page, And",1
Cordova Llc,1
"Cordova Williams Nguyen, And",1
Cordova-Hunter,1
Cordova-Lee,1
Cordova-Ochoa,1
Cordova-Vega,1
"Cortez And Best Rivera,",1
"Cortez And Hughes Robinson,",1
"Cortez And Weiss Sanchez,",1
"Cortez Anderson And Burns,",1
Cortez Ltd,1
"Cortez, Long And Singleton",1
Cortez-Alexander,1
Cortez-Avila,1
Cortez-Blankenship,1
Cortez-Cannon,1
Cortez-Cowan,1
Cortez-Dawson,1
Cortez-Hernandez,1
Cortez-Kramer,1
Cortez-Murray,1
Cortez-Vaughan,1
Cortez-Young,1
"Costa And Carlson, Horton",1
"Costa Delgado, Sanchez And",1
Costa Llc,1
"Costa, And Walker Mcdonald",1
"Costa, Jones And Chavez",1
"Cowan Cardenas Allen, And",1
Cowan Inc,1
"Cowan Lawson, And Warren",1
Cowan Llc,1
"Cowan, And Gomez Edwards",1
"Cowan, Cameron And Wilcox",1
"Cowan, James Rojas And",1
Cowan-Flores,1
"Cox Alvarez, Cameron And",1
"Cox And Bell Martinez,",1
"Cox And Gardner, Brooks",1
"Cox And Guzman Skinner,",1
"Cox And Levy Watson,",1
"Cox And Mitchell Ortega,",1
"Cox And Randall Brown,",1
"Cox And Schwartz Stewart,",1
"Cox Armstrong, And Dalton",1
"Cox Bass Martin, And",1
"Cox Booth, And Lee",1
"Cox Cervantes And Rowe,",1
"Cox Dodson, Velez And",1
"Cox Fox, Andrews And",1
"Cox Frye, And Garrett",1
"Cox Garcia Ross, And",1
"Cox Gutierrez, And Hamilton",1
"Cox Ho And Meyer,",1
"Cox Jenkins, And Morrison",1
"Cox Lang And Palmer,",1
Cox Llc,1
"Cox Love, And Saunders",1
"Cox Merritt, Harrison And",1
"Cox Sanchez, Morris And",1
"Cox Stone, And Merritt",1
"Cox Sullivan And Alvarado,",1
"Cox, And Brown Simpson",1
"Cox, And Evans Adkins",1
"Cox, And Johnson Cuevas",1
"Cox, And Salazar Bonilla",1
"Cox, Cabrera Frederick And",1
"Cox, Donovan And Davidson",1
"Cox, Franklin And Brown",1
"Cox, Hess And Smith",1
"Cox, Mccoy Hawkins And",1
"Cox, Meyer Manning And",1
"Cox, Miller And Mays",1
"Cox, Molina And Owen",1
"Cox, Moore Pugh And",1
"Cox, Vaughn Herrera And",1
Cox-Bradshaw,1
Cox-Brown,1
Cox-Castro,1
Cox-Cook,1
Cox-Davenport,1
Cox-Davis,1
Cox-Diaz,1
Cox-Duncan,1
Cox-Fisher,1
Cox-Garcia,1
Cox-Glenn,1
Cox-Gonzales,1
Cox-Hanson,1
Cox-Herman,1
Cox-Hernandez,1
Cox-Hester,1
Cox-Hines,1
Cox-Howard,1
Cox-Jones,1
Cox-Kane,1
Cox-Kirk,1
Cox-Martinez,1
Cox-Mathis,1
Cox-Miller,1
Cox-Moran,1
Cox-Murray,1
Cox-Neal,1
Cox-Paul,1
Cox-Payne,1
Cox-Reyes,1
Cox-Roman,1
Cox-Sanchez,1
Cox-Schwartz,1
Cox-Sims,1
Cox-Smith,1
Cox-Sullivan,1
Cox-Vargas,1
Cox-White,1
Cox-Woods,1
"Craig Evans, Lee And",1
"Craig Garrett Terrell, And",1
Craig Group,1
"Craig Klein Harrison, And",1
"Craig, Brown And Brooks",1
"Craig, Patel And Shah",1
Craig-Bishop,1
Craig-Coffey,1
Craig-Fisher,1
Craig-Freeman,1
Craig-Garcia,1
Craig-Gordon,1
Craig-Hunter,1
Craig-Johnson,1
Craig-Navarro,1
Craig-Palmer,1
Craig-Perez,1
Craig-Porter,1
Craig-Smith,1
Craig-Watson,1
Craig-Williams,1
"Crane And Murphy Chapman,",1
"Crane Bean Burns, And",1
"Crane Horne, And Walker",1
"Crane Payne, And Sullivan",1
"Crane, And Martinez Le",1
Crane-Nguyen,1
Crane-Velez,1
Crane-Webb,1
"Crawford Alvarez And Johnson,",1
"Crawford And Johnson Barrett,",1
"Crawford Brown And Tucker,",1
"Crawford Hanna, And Davis",1
Crawford Ltd,1
Crawford Plc,1
"Crawford Rhodes, Cruz And",1
"Crawford Stout, And Thompson",1
"Crawford Weiss Chan, And",1
"Crawford, And Bird Moore",1
"Crawford, And Cummings Beasley",1
"Crawford, And Sparks Murillo",1
"Crawford, King And Todd",1
"Crawford, Medina And Scott",1
"Crawford, Robertson And Vance",1
Crawford-Anderson,1
Crawford-Davis,1
Crawford-Diaz,1
Crawford-Donaldson,1
Crawford-Gonzalez,1
Crawford-Harper,1
Crawford-Hill,1
Crawford-Holland,1
Crawford-Koch,1
Crawford-Landry,1
Crawford-Lee,1
Crawford-Mcbride,1
Crawford-Pennington,1
Crawford-Rosales,1
Crawford-Sanchez,1
Crawford-Schmidt,1
Crawford-Smith,1
Crawford-Strong,1
Crawford-Sweeney,1
Crawford-Taylor,1
"Crosby And Williams, Salazar",1
"Crosby, Blake And Gonzalez",1
"Crosby, Nixon Valdez And",1
Crosby-Baker,1
Crosby-Campbell,1
Crosby-Cox,1
Crosby-Larsen,1
Crosby-Lopez,1
Crosby-Shelton,1
Crosby-Stevens,1
"Cross Irwin, And Cherry",1
"Cross Johnson, And Foster",1
Cross Ltd,1
Cross Plc,1
"Cross, And Mcneil Palmer",1
"Cross, Johnson Simpson And",1
"Cross, Underwood King And",1
Cross-Cisneros,1
Cross-Fisher,1
Cross-Haynes,1
Cross-Johnson,1
Cross-Marquez,1
Cross-Miller,1
Cross-Smith,1
Cross-Stephens,1
"Cruz And Hahn, Gibbs",1
"Cruz And Harris Martinez,",1
"Cruz And Henderson, Pitts",1
"Cruz And Quinn Nguyen,",1
"Cruz Fuentes, And Myers",1
"Cruz Grimes King, And",1
Cruz Llc,1
"Cruz Mendez Scott, And",1
"Cruz Morris, And Elliott",1
"Cruz Morrison, Harris And",1
"Cruz Ochoa, Tucker And",1
"Cruz Patel Joseph, And",1
Cruz Sons And,1
"Cruz Ward Gallegos, And",1
"Cruz, Burns Mathis And",1
"Cruz, Flores And Wolf",1
"Cruz, Love Graham And",1
"Cruz, Taylor Montoya And",1
"Cruz, Valenzuela And Howell",1
Cruz-Allison,1
Cruz-Baker,1
Cruz-Booker,1
Cruz-Bryant,1
Cruz-Chang,1
Cruz-Cohen,1
Cruz-Evans,1
Cruz-Fritz,1
Cruz-Garrett,1
Cruz-George,1
Cruz-Gibson,1
Cruz-Glenn,1
Cruz-Hamilton,1
Cruz-Jackson,1
Cruz-Jimenez,1
Cruz-Mclaughlin,1
Cruz-Molina,1
Cruz-Nelson,1
Cruz-Ramos,1
Cruz-Rasmussen,1
Cruz-Raymond,1
Cruz-Reed,1
Cruz-Santiago,1
Cruz-Schultz,1
Cruz-Ward,1
Cruz-Warner,1
"Cuevas Alvarez Hernandez, And",1
"Cuevas And Davis, Stewart",1
"Cuevas And Jackson, Nunez",1
"Cuevas, And Garcia Kelly",1
"Cuevas, And Kemp Clark",1
"Cuevas, Morrison Johnson And",1
Cuevas-Alexander,1
Cuevas-Cruz,1
Cuevas-Estrada,1
Cuevas-Finley,1
Cuevas-Juarez,1
Cuevas-Pham,1
Cuevas-Skinner,1
"Cummings Becker, Lam And",1
Cummings Group,1
"Cummings Hamilton, Browning And",1
Cummings Inc,1
"Cummings Johnson Santana, And",1
"Cummings Long, Barron And",1
Cummings Ltd,1
"Cummings Ross Stewart, And",1
Cummings-Barnes,1
Cummings-Ellison,1
Cummings-Gross,1
Cummings-Harvey,1
Cummings-Hernandez,1
Cummings-Johnson,1
Cummings-Macias,1
Cummings-Norman,1
Cummings-Sosa,1
Cummings-Stanley,1
Cummings-Thomas,1
Cummings-Wilson,1
"Cunningham Allen, Marsh And",1
"Cunningham And Bell, Patterson",1
"Cunningham And Nunez, Franco",1
"Cunningham And Powers, Nolan",1
Cunningham And Sons,1
"Cunningham Andrade And Butler,",1
"Cunningham Burke And Ferguson,",1
Cunningham Group,1
"Cunningham Perez, Ortiz And",1
"Cunningham Powell And Sanchez,",1
"Cunningham Rodriguez, Jensen And",1
Cunningham Sons And,1
"Cunningham White Quinn, And",1
"Cunningham, Aguilar And Acevedo",1
"Cunningham, And King Phillips",1
"Cunningham, Chung And Green",1
"Cunningham, Larsen Alexander And",1
"Cunningham, Miles And Hansen",1
"Cunningham, Moreno Wilson And",1
"Cunningham, Thomas Wilkinson And",1
"Cunningham, Woods Ruiz And",1
Cunningham-Delacruz,1
Cunningham-Deleon,1
Cunningham-Galvan,1
Cunningham-Gonzales,1
Cunningham-Gonzalez,1
Cunningham-Jones,1
Cunningham-King,1
Cunningham-Li,1
Cunningham-Matthews,1
Cunningham-Moss,1
Cunningham-Salinas,1
Cunningham-Stephens,1
Cunningham-Vargas,1
Cunningham-Wade,1
Cunningham-Williams,1
"Curry And Baldwin, Yang",1
"Curry And Gonzales, Thompson",1
"Curry Fields, And Miller",1
"Curry Harris And Jackson,",1
"Curry Macdonald, And Peterson",1
"Curry Miller And Padilla,",1
"Curry Richardson, Riley And",1
"Curry Rivera And Todd,",1
"Curry Robbins, Reeves And",1
"Curry Smith, And Bryant",1
"Curry, And Taylor Nixon",1
Curry-Atkins,1
Curry-Beard,1
Curry-Burns,1
Curry-Harvey,1
Curry-Kelley,1
Curry-Kim,1
Curry-Mendoza,1
Curry-Porter,1
Curry-Reid,1
Curry-Reyes,1
Curry-Rodriguez,1
Curry-Wood,1
"Curtis And Ayala, Gould",1
"Curtis And Brown Horn,",1
"Curtis And Bryant Lowery,",1
"Curtis And Sanders Harrington,",1
"Curtis Gonzalez Townsend, And",1
Curtis Group,1
Curtis Inc,1
Curtis Llc,1
"Curtis Roth, Williams And",1
Curtis Sons And,1
"Curtis Wallace And Ali,",1
"Curtis Wolfe, And Jenkins",1
"Curtis, Jones And Mcgee",1
"Curtis, Summers And Miller",1
Curtis-Conway,1
Curtis-Cox,1
Curtis-Harris,1
Curtis-Hensley,1
Curtis-Hurley,1
Curtis-Lin,1
Curtis-Salazar,1
Curtis-Schwartz,1
Curtis-Washington,1
Curtis-Winters,1
"Dalton Dennis, And Mathis",1
Dalton Group,1
"Dalton Hall, Williams And",1
Dalton Ltd,1
"Dalton Moreno, And Compton",1
Dalton-Collins,1
Dalton-Jones,1
Dalton-Martinez,1
Dalton-Shelton,1
Dalton-Stephenson,1
"Daniel And Smith, Logan",1
Daniel Group,1
"Daniel Johnson, And Dominguez",1
"Daniel Lopez, Bates And",1
Daniel Plc,1
"Daniel Reed And Brady,",1
Daniel Sons And,1
"Daniel, And Mcknight Holmes",1
"Daniel, And Williams Lawrence",1
"Daniel, Trujillo And Gonzalez",1
Daniel-Adams,1
Daniel-Anderson,1
Daniel-Lane,1
Daniel-Mccarthy,1
Daniel-Murillo,1
"Daniels And Best Shaffer,",1
"Daniels And Contreras Howell,",1
"Daniels And Ewing, Morris",1
"Daniels And Mcpherson, Baker",1
"Daniels And Page, Hood",1
"Daniels And White, Hamilton",1
"Daniels And Williams Novak,",1
"Daniels Goodwin And Bennett,",1
Daniels Inc,1
"Daniels Johnson And Jones,",1
Daniels Llc,1
Daniels Ltd,1
"Daniels Moore Lloyd, And",1
"Daniels Moss Smith, And",1
"Daniels Nguyen, And Padilla",1
"Daniels Rogers, And Hunter",1
"Daniels Serrano, Smith And",1
"Daniels, And Clark Foley",1
"Daniels, And Weaver Parks",1
"Daniels, Jones And Brock",1
"Daniels, Martin Knapp And",1
"Daniels, Nguyen Alvarez And",1
Daniels-Castaneda,1
Daniels-Chang,1
Daniels-Chen,1
Daniels-Guzman,1
Daniels-Higgins,1
Daniels-Holland,1
Daniels-Lopez,1
Daniels-Lowe,1
Daniels-Owens,1
Daniels-Patterson,1
Daniels-Pham,1
Daniels-Pope,1
Daniels-Powell,1
Daniels-Reynolds,1
Daniels-Romero,1
Daniels-Simmons,1
Daniels-Thomas,1
Daniels-Vargas,1
Daniels-Wheeler,1
Daniels-Young,1
"Daugherty And Lowe, Durham",1
"Daugherty And Mclean, Parsons",1
"Daugherty And Robinson, Wood",1
Daugherty Group,1
"Daugherty Gutierrez, And Morgan",1
"Daugherty Parks, Macdonald And",1
"Daugherty, Frank Harris And",1
Daugherty-Miller,1
Daugherty-Singleton,1
Daugherty-Small,1
Daugherty-Smith,1
"Davenport Green, And Walker",1
"Davenport Henry Burns, And",1
"Davenport Hernandez Sweeney, And",1
"Davenport Lucero, Brooks And",1
Davenport Plc,1
"Davenport, Baker Robinson And",1
"Davenport, Rivera And Yates",1
Davenport-Bentley,1
Davenport-Hurst,1
Davenport-King,1
Davenport-Martin,1
Davenport-Robinson,1
Davenport-Simpson,1
"David And Byrd Alexander,",1
David And Sons,1
"David Gomez, Mcclain And",1
David Inc,1
David Llc,1
David Plc,1
"David, Cunningham And Shaffer",1
"David, Hess Rivera And",1
David-Campbell,1
David-Duncan,1
David-Johnson,1
David-Sellers,1
David-Simon,1
"Davidson And Hines Mullins,",1
"Davidson And Lane, Maldonado",1
Davidson And Sons,1
"Davidson Bryant Hoover, And",1
Davidson Ltd,1
"Davidson Smith And Wright,",1
"Davidson Stein, Jones And",1
"Davidson, And Powers Bradshaw",1
"Davidson, Bennett And Taylor",1
"Davidson, Richards And Grant",1
"Davidson, Ross Baker And",1
Davidson-Arnold,1
Davidson-Fuller,1
Davidson-Henderson,1
Davidson-Keith,1
Davidson-King,1
Davidson-Martin,1
Davidson-Mendez,1
Davidson-Moore,1
Davidson-Peters,1
Davidson-Reed,1
Davidson-Smith,1
Davidson-Wade,1
Davidson-Wilkerson,1
Davidson-Woodward,1
"Davies Coleman, And Mckenzie",1
"Davies Lopez And Fritz,",1
"Davies, And Wyatt Shaffer",1
"Davies, Swanson And Romero",1
Davies-Ford,1
Davies-Jones,1
Davies-Murphy,1
Davies-Robinson,1
"Davila And Aguilar, Wiggins",1
"Davila Gallagher And Anderson,",1
Davila Group,1
Davila Ltd,1
"Davila White, And Bowman",1
"Davila, And Reyes Mccoy",1
Davila-Carpenter,1
Davila-Castaneda,1
Davila-Fleming,1
Davila-Harding,1
"Davis Acosta Gray, And",1
"Davis Adams Summers, And",1
"Davis And Andersen Allen,",1
"Davis And Banks, Morrison",1
"Davis And Duran Miller,",1
"Davis And Gallagher Joseph,",1
"Davis And Graham, Warner",1
"Davis And Gutierrez Freeman,",1
"Davis And Haley, Collins",1
"Davis And Hamilton, Taylor",1
"Davis And Henderson, Henderson",1
"Davis And Jackson, Spence",1
"Davis And Jordan, Turner",1
"Davis And Kelly Hale,",1
"Davis And Lawrence Davis,",1
"Davis And Lewis Dillon,",1
"Davis And Livingston, Allen",1
"Davis And Murphy, Chan",1
"Davis And Page Riley,",1
"Davis And Pineda, Haynes",1
"Davis And Roberts Jensen,",1
"Davis And Robinson, Ross",1
"Davis And Rodriguez Smith,",1
"Davis And Taylor, Higgins",1
"Davis And Wilkins, Castillo",1
"Davis And Woodard, Hamilton",1
"Davis Anderson And Obrien,",1
"Davis Bailey Logan, And",1
"Davis Berger, Rosales And",1
"Davis Bishop, Thomas And",1
"Davis Bond And Watson,",1
"Davis Bradley And Perkins,",1
"Davis Burch, Anderson And",1
"Davis Burnett And Carlson,",1
"Davis Caldwell, And Lopez",1
"Davis Campbell And Jackson,",1
"Davis Chung And Perez,",1
"Davis Clark, And Wheeler",1
"Davis Coleman, Hardy And",1
"Davis Cooper, Stewart And",1
"Davis Craig, And Bender",1
"Davis Daniel And Pierce,",1
"Davis Davis, And Davis",1
"Davis Dawson Rogers, And",1
"Davis Day, And Dunn",1
"Davis Dennis, And Johnson",1
"Davis Elliott And Anderson,",1
"Davis Ewing And Hudson,",1
"Davis Flores, Mason And",1
"Davis Foster And Miller,",1
"Davis Garcia, And Gay",1
"Davis Griffin, And Charles",1
"Davis Henson, And Mack",1
"Davis Hodges Wells, And",1
"Davis Johnson, And Gilmore",1
"Davis Jones, And Salinas",1
"Davis Leonard, And Flores",1
"Davis Lewis, And Watson",1
"Davis Mack, Rodriguez And",1
"Davis Maddox Harris, And",1
"Davis Mclaughlin, Williams And",1
"Davis Merritt And Payne,",1
"Davis Miller, And Harrison",1
"Davis Miller, Best And",1
"Davis Mills, And Becker",1
"Davis Miranda, And Estrada",1
"Davis Moore Bartlett, And",1
"Davis Nguyen Wade, And",1
"Davis Obrien And Rose,",1
"Davis Parks, Young And",1
"Davis Petersen, And Colon",1
"Davis Ramirez Spencer, And",1
"Davis Ruiz And Hanna,",1
"Davis Schmidt, Jones And",1
"Davis Scott And Sanchez,",1
"Davis Shields And Armstrong,",1
"Davis Smith Bell, And",1
"Davis Stone And Shaw,",1
"Davis Thomas, And Miller",1
"Davis Wells, And Gonzalez",1
"Davis White, Flores And",1
"Davis Wilkerson Palmer, And",1
"Davis Williams And Oconnell,",1
"Davis Wood Kemp, And",1
"Davis Wright And Graham,",1
"Davis, And Abbott Carr",1
"Davis, And Brennan Whitaker",1
"Davis, And Clay Faulkner",1
"Davis, And Collins Simpson",1
"Davis, And Cooper Thompson",1
"Davis, And Davidson Brown",1
"Davis, And Foster Stanley",1
"Davis, And Hoffman Holden",1
"Davis, And Maxwell Wright",1
"Davis, And Michael Morrison",1
"Davis, And Potter Cox",1
"Davis, And Reeves Davis",1
"Davis, And Rivera Larsen",1
"Davis, And Taylor Nguyen",1
"Davis, And Thompson Gonzalez",1
"Davis, And Wall Weiss",1
"Davis, Bailey And Tran",1
"Davis, Baker And Moon",1
"Davis, Barrett And Wells",1
"Davis, Blackwell And Valdez",1
"Davis, Bond And Russell",1
"Davis, Burgess Bass And",1
"Davis, Dennis Guerrero And",1
"Davis, Eaton Williams And",1
"Davis, Elliott Barnes And",1
"Davis, Ford And Peterson",1
"Davis, Guzman And Hill",1
"Davis, Hess And Robinson",1
"Davis, Morris Richardson And",1
"Davis, Murray And Clark",1
"Davis, Peck And Moreno",1
"Davis, Perkins Garza And",1
"Davis, Pittman And Hernandez",1
"Davis, Ray And Thompson",1
"Davis, Reed Young And",1
"Davis, Roberson And Benson",1
"Davis, Shelton Sandoval And",1
"Davis, Thompson And Johnson",1
"Davis, Torres And Chase",1
"Davis, Turner Daniel And",1
"Davis, Vasquez Chavez And",1
"Davis, Vazquez Cox And",1
"Davis, Watson Walker And",1
"Davis, Wilson Ho And",1
"Davis, Wise Schmitt And",1
Davis-Aguirre,1
Davis-Andrews,1
Davis-Arroyo,1
Davis-Baker,1
Davis-Bates,1
Davis-Bennett,1
Davis-Benton,1
Davis-Bishop,1
Davis-Brennan,1
Davis-Burch,1
Davis-Butler,1
Davis-Caldwell,1
Davis-Cameron,1
Davis-Campbell,1
Davis-Carlson,1
Davis-Carroll,1
Davis-Coleman,1
Davis-Collins,1
Davis-Colon,1
Davis-Compton,1
Davis-Contreras,1
Davis-Cooke,1
Davis-Crawford,1
Davis-Cunningham,1
Davis-Daniels,1
Davis-Daugherty,1
Davis-Davis,1
Davis-Dean,1
Davis-Doyle,1
Davis-Duran,1
Davis-Erickson,1
Davis-Evans,1
Davis-Farrell,1
Davis-Fernandez,1
Davis-Figueroa,1
Davis-Flowers,1
Davis-Franklin,1
Davis-Frazier,1
Davis-Fritz,1
Davis-Garcia,1
Davis-Gay,1
Davis-Gentry,1
Davis-Gibbs,1
Davis-Gill,1
Davis-Gomez,1
Davis-Grant,1
Davis-Hansen,1
Davis-Hardin,1
Davis-Harrell,1
Davis-Harris,1
Davis-Hicks,1
Davis-Hobbs,1
Davis-Hooper,1
Davis-Howard,1
Davis-Hunt,1
Davis-Ibarra,1
Davis-Ingram,1
Davis-Jackson,1
Davis-Jones,1
Davis-Joyce,1
Davis-Kirk,1
Davis-Knight,1
Davis-Lawrence,1
Davis-Lee,1
Davis-Levy,1
Davis-Love,1
Davis-Lowe,1
Davis-Luna,1
Davis-Mann,1
Davis-May,1
Davis-Mays,1
Davis-Mcdonald,1
Davis-Mcpherson,1
Davis-Meyer,1
Davis-Miller,1
Davis-Montoya,1
Davis-Moran,1
Davis-Morgan,1
Davis-Moyer,1
Davis-Neal,1
Davis-Newman,1
Davis-Nguyen,1
Davis-Norman,1
Davis-Oliver,1
Davis-Olson,1
Davis-Owens,1
Davis-Padilla,1
Davis-Parker,1
Davis-Patterson,1
Davis-Pearson,1
Davis-Peters,1
Davis-Potter,1
Davis-Ramirez,1
Davis-Ramos,1
Davis-Reynolds,1
Davis-Richardson,1
Davis-Riley,1
Davis-Rivas,1
Davis-Rivera,1
Davis-Robinson,1
Davis-Rodriguez,1
Davis-Roman,1
Davis-Scott,1
Davis-Serrano,1
Davis-Sexton,1
Davis-Stevens,1
Davis-Stokes,1
Davis-Townsend,1
Davis-Tucker,1
Davis-Turner,1
Davis-Warren,1
Davis-Washington,1
Davis-Waters,1
Davis-Watts,1
Davis-West,1
Davis-Wilkinson,1
Davis-Williams,1
Davis-Willis,1
Davis-Wilson,1
Davis-Young,1
"Dawson And Duncan, Perez",1
"Dawson And Huber, Miller",1
"Dawson Griffin, And Carlson",1
"Dawson Johnson And Walters,",1
Dawson Ltd,1
"Dawson Martin, Medina And",1
"Dawson Snyder Farmer, And",1
"Dawson, Walker Cox And",1
"Dawson, Wolf Hanson And",1
Dawson-Archer,1
Dawson-Baker,1
Dawson-Bryant,1
Dawson-Burke,1
Dawson-Freeman,1
Dawson-Jacobson,1
Dawson-Jones,1
Dawson-Joseph,1
Dawson-Nguyen,1
Dawson-Reyes,1
Dawson-Sanchez,1
Dawson-Terry,1
Dawson-Thompson,1
Dawson-Wheeler,1
Dawson-Williams,1
"Day And Johnson Collins,",1
"Day And Snow, Sanchez",1
"Day And Stuart, Kelly",1
"Day And Whitaker Collier,",1
"Day Cherry Lopez, And",1
"Day Ellison, And Wang",1
"Day Frey, And Rodgers",1
"Day Jackson Williams, And",1
"Day Johnson Pineda, And",1
"Day Larsen, Cross And",1
"Day Myers, Mayer And",1
Day Plc,1
"Day Potter Vargas, And",1
"Day Williams, And Wilkinson",1
"Day Wyatt And Mccarthy,",1
"Day, Wilson Hunt And",1
Day-Armstrong,1
Day-Barrett,1
Day-Brennan,1
Day-Butler,1
Day-Diaz,1
Day-Harrington,1
Day-Hodge,1
Day-James,1
Day-Kennedy,1
Day-King,1
Day-Lee,1
Day-Nguyen,1
Day-Ponce,1
Day-Ray,1
Day-Ritter,1
Day-Robinson,1
Day-Rocha,1
Day-Rodriguez,1
Day-Smith,1
"Dean And Mitchell, Jordan",1
"Dean And Singh, Thomas",1
"Dean And Smith, Kirby",1
"Dean And Travis White,",1
Dean Group,1
Dean Sons And,1
"Dean Webster And Gibson,",1
"Dean, And Smith Day",1
"Dean, And Turner Horton",1
Dean-Blair,1
Dean-Cooper,1
Dean-Estes,1
Dean-Gutierrez,1
Dean-Harper,1
Dean-Hawkins,1
Dean-Horn,1
Dean-Keller,1
Dean-Martinez,1
Dean-Mccoy,1
Dean-Rasmussen,1
Dean-Robbins,1
Dean-Sanders,1
"Decker Beltran Rodriguez, And",1
"Decker Glover, And Christensen",1
Decker Group,1
Decker Inc,1
"Decker Johnson Maxwell, And",1
Decker-Bailey,1
Decker-Cardenas,1
Decker-Cruz,1
Decker-Rhodes,1
"Delacruz And Patrick Walker,",1
"Delacruz Cain Lane, And",1
Delacruz Group,1
"Delacruz Hawkins And Johnson,",1
Delacruz Inc,1
Delacruz Llc,1
"Delacruz Pearson, And Ramirez",1
"Delacruz Ruiz, Haynes And",1
Delacruz-Barry,1
Delacruz-Chavez,1
Delacruz-Hanson,1
Delacruz-Jones,1
Delacruz-Mcmillan,1
Delacruz-Perkins,1
Delacruz-Watson,1
Delacruz-Wilson,1
"Deleon And Allen, Huynh",1
"Deleon And Dennis Holland,",1
Deleon Group,1
Deleon Inc,1
Deleon Ltd,1
"Deleon Oneal, Moore And",1
"Deleon Parker, Olsen And",1
"Deleon Wood And Hamilton,",1
"Deleon, And Bowen Thomas",1
"Deleon, And Estes Chavez",1
"Deleon, And Rodriguez Brown",1
Deleon-Boyd,1
Deleon-Davis,1
Deleon-Foley,1
Deleon-Hall,1
Deleon-Holden,1
Deleon-King,1
Deleon-Moore,1
Deleon-Ramos,1
Deleon-Roberts,1
Deleon-Stanley,1
Deleon-Sutton,1
Deleon-White,1
"Delgado And Mendoza Munoz,",1
"Delgado And Roberts, Carter",1
"Delgado And Stanton, Young",1
"Delgado Copeland, Hayden And",1
Delgado Group,1
"Delgado Harris, And Hill",1
"Delgado Jones And Gould,",1
"Delgado Lewis And Becker,",1
Delgado Llc,1
"Delgado Mitchell Rodriguez, And",1
"Delgado, And Mcdonald Berry",1
"Delgado, May And Murray",1
Delgado-Adams,1
Delgado-Anderson,1
Delgado-Armstrong,1
Delgado-Daniel,1
Delgado-Lamb,1
Delgado-Mclaughlin,1
Delgado-Nelson,1
Delgado-Newman,1
Delgado-Scott,1
Delgado-Taylor,1
Delgado-Thomas,1
"Dennis Beard And Pearson,",1
Dennis Inc,1
"Dennis Norton And Wright,",1
"Dennis Wall, And Taylor",1
"Dennis, And Calderon Gonzalez",1
"Dennis, And Hood Guerra",1
"Dennis, Mclaughlin Jackson And",1
"Dennis, Wilson And Griffin",1
Dennis-Armstrong,1
Dennis-Hays,1
Dennis-Hicks,1
Dennis-Johnson,1
Dennis-Neal,1
Dennis-Pennington,1
Dennis-Roth,1
Dennis-Wallace,1
Dennis-Wells,1
Dennis-Young,1
Dennis-Yu,1
"Diaz And Barber, Morris",1
"Diaz And Holmes Medina,",1
"Diaz And Lewis Moody,",1
Diaz And Sons,1
"Diaz And Thompson Evans,",1
"Diaz Baker, And English",1
"Diaz Brown And Jones,",1
"Diaz Chaney Russell, And",1
"Diaz Coleman, Gray And",1
"Diaz Ferrell Le, And",1
"Diaz Harris King, And",1
"Diaz Humphrey, Gomez And",1
"Diaz Jackson And Vaughan,",1
"Diaz Jensen Wolfe, And",1
"Diaz Jones Perry, And",1
"Diaz Lee, And Roberts",1
"Diaz Mccarthy Kidd, And",1
"Diaz Molina And Patel,",1
"Diaz Moore, Tucker And",1
"Diaz Peterson, Stevenson And",1
"Diaz Richards And Griffin,",1
"Diaz Smith Johnson, And",1
Diaz Sons And,1
"Diaz, And Burton Reed",1
"Diaz, And Carson Jones",1
"Diaz, And Miller Alvarez",1
"Diaz, And Stout Brown",1
"Diaz, And Villanueva Becker",1
"Diaz, Lee And Hughes",1
"Diaz, Little Shea And",1
"Diaz, Moore And Parrish",1
Diaz-Adams,1
Diaz-Ballard,1
Diaz-Banks,1
Diaz-Bennett,1
Diaz-Bishop,1
Diaz-Brown,1
Diaz-Bryant,1
Diaz-Butler,1
Diaz-Carroll,1
Diaz-Case,1
Diaz-Cole,1
Diaz-Curtis,1
Diaz-Ferguson,1
Diaz-Grimes,1
Diaz-Harper,1
Diaz-Hernandez,1
Diaz-Hoover,1
Diaz-Huff,1
Diaz-Koch,1
Diaz-Long,1
Diaz-Martin,1
Diaz-Meyer,1
Diaz-Miller,1
Diaz-Morris,1
Diaz-Nichols,1
Diaz-Olsen,1
Diaz-Powers,1
Diaz-Richards,1
Diaz-Sanders,1
Diaz-Simon,1
Diaz-Smith,1
Diaz-Stewart,1
Diaz-Stone,1
Diaz-Suarez,1
Diaz-Walters,1
Diaz-Watson,1
Diaz-Wells,1
"Dickerson And Duncan, Wright",1
"Dickerson And Glover Anderson,",1
"Dickerson And Turner, Edwards",1
"Dickerson And Williamson Gamble,",1
"Dickerson Flores Combs, And",1
Dickerson Group,1
Dickerson Inc,1
"Dickerson Lawson And Lindsey,",1
Dickerson Llc,1
Dickerson Ltd,1
Dickerson Plc,1
"Dickerson Vincent, And Blanchard",1
Dickerson-Cameron,1
Dickerson-David,1
Dickerson-Foster,1
Dickerson-Gordon,1
Dickerson-Palmer,1
Dickerson-Parker,1
Dickerson-Perry,1
Dickerson-Wilson,1
"Dickson Cole And Bates,",1
"Dickson Hines Lara, And",1
Dickson Llc,1
Dickson Ltd,1
Dickson Plc,1
"Dickson, Ramirez And Fields",1
Dickson-Johnson,1
"Dillon And Johnston Davidson,",1
Dillon And Sons,1
"Dillon Bradley And Peck,",1
"Dillon Chang And Jordan,",1
"Dillon Dominguez And Chavez,",1
Dillon Ltd,1
"Dillon Nichols, Kane And",1
Dillon Plc,1
Dillon-Love,1
Dillon-Maldonado,1
Dillon-Marshall,1
Dillon-Moore,1
Dillon-Murphy,1
Dillon-Richard,1
Dillon-White,1
"Dixon And Brown Jones,",1
"Dixon And Lin, Howard",1
"Dixon And Scott Rogers,",1
"Dixon And Taylor Allen,",1
"Dixon And Thomas, Mendez",1
"Dixon And Washington, Walton",1
"Dixon Clark And Jimenez,",1
"Dixon Foster, Chen And",1
"Dixon Garcia Duke, And",1
"Dixon Hancock And Singleton,",1
"Dixon Johnson, Mcdowell And",1
"Dixon Miles, And Swanson",1
"Dixon Nunez Graham, And",1
"Dixon Smith And Jackson,",1
"Dixon Smith, And Navarro",1
"Dixon Smith, Mclean And",1
Dixon Sons And,1
"Dixon Tran Larson, And",1
"Dixon, And Bender Nelson",1
"Dixon, And Davies Carpenter",1
"Dixon, Harris Snow And",1
"Dixon, Jones And Christensen",1
"Dixon, Kramer Duncan And",1
"Dixon, Larson And Evans",1
"Dixon, Lee Glover And",1
"Dixon, Mendoza Mcdaniel And",1
"Dixon, Page And Howell",1
"Dixon, Ward Higgins And",1
Dixon-Alexander,1
Dixon-Burns,1
Dixon-Caldwell,1
Dixon-Flores,1
Dixon-Herrera,1
Dixon-Higgins,1
Dixon-Jenkins,1
Dixon-Jimenez,1
Dixon-Jones,1
Dixon-Maldonado,1
Dixon-Miller,1
Dixon-Perez,1
Dixon-Ponce,1
Dixon-Ray,1
Dixon-Richardson,1
Dixon-Salas,1
Dixon-Scott,1
Dixon-Taylor,1
Dixon-Wiley,1
"Dodson And Goodwin Green,",1
Dodson Ltd,1
Dodson Plc,1
Dodson-Thomas,1
Dodson-Watkins,1
"Dominguez And Flores, Johnson",1
Dominguez Group,1
"Dominguez Johnson, And Gonzalez",1
"Dominguez Johnson, Baker And",1
Dominguez Ltd,1
"Dominguez, Davis Barton And",1
Dominguez-Bates,1
Dominguez-Bell,1
Dominguez-Bush,1
Dominguez-Figueroa,1
Dominguez-Garcia,1
Dominguez-King,1
Dominguez-Rodriguez,1
Dominguez-Taylor,1
Dominguez-Walker,1
Dominguez-West,1
Dominguez-White,1
"Donaldson And Martinez Jones,",1
"Donaldson And Quinn, Garcia",1
Donaldson Llc,1
Donaldson Ltd,1
Donaldson Plc,1
Donaldson-Collins,1
Donaldson-Ellis,1
Donaldson-Flores,1
Donaldson-Frey,1
Donaldson-Murray,1
Donaldson-Poole,1
Donaldson-Price,1
Donaldson-Smith,1
Donaldson-Wilson,1
Donaldson-Zamora,1
"Donovan And Forbes, Newman",1
"Donovan Avery And Ryan,",1
Donovan Group,1
"Donovan Hampton, And Weaver",1
Donovan Llc,1
"Donovan Morris Archer, And",1
Donovan Plc,1
"Donovan Wright And Gomez,",1
Donovan-Anderson,1
Donovan-Olson,1
Donovan-Walker,1
Dorsey Inc,1
Dorsey Ltd,1
"Dorsey Mcconnell And Collins,",1
"Dorsey Patton Powers, And",1
"Dorsey, And Brooks Douglas",1
"Dorsey, And Hines Gibson",1
"Dorsey, Moon Murphy And",1
Dorsey-Black,1
Dorsey-Fernandez,1
Dorsey-Fitzpatrick,1
Dorsey-Lopez,1
Dorsey-Mcgee,1
Dorsey-Mcguire,1
Dorsey-Mcintosh,1
Dorsey-Parker,1
Dorsey-Rodriguez,1
"Dougherty And Munoz Mckenzie,",1
"Dougherty Carpenter, Cooley And",1
Dougherty Group,1
Dougherty Plc,1
Dougherty-Hill,1
Dougherty-Kaufman,1
Dougherty-Robinson,1
Dougherty-Rogers,1
Dougherty-Smith,1
Dougherty-Walker,1
Dougherty-Walton,1
"Douglas And Grimes, Robinson",1
"Douglas Carrillo, Townsend And",1
"Douglas Evans, And Simpson",1
Douglas Inc,1
"Douglas Mcdaniel And Pace,",1
"Douglas Williams, And Rivera",1
"Douglas, And Hansen Young",1
"Douglas, And Kelley Myers",1
"Douglas, Cooley And Hayes",1
"Douglas, Larson And Perez",1
"Douglas, Nguyen Lewis And",1
"Douglas, Roberts Arnold And",1
"Douglas, Spence And Mccarthy",1
"Douglas, Walter And Parsons",1
Douglas-Barker,1
Douglas-Brooks,1
Douglas-Brown,1
Douglas-Burton,1
Douglas-Curry,1
Douglas-Diaz,1
Douglas-Gray,1
Douglas-Hicks,1
Douglas-James,1
Douglas-Lawson,1
Douglas-Matthews,1
Douglas-Roberts,1
Douglas-Simmons,1
Douglas-Wagner,1
Douglas-Walter,1
Downs Group,1
Downs Ltd,1
"Downs, And Willis Morris",1
"Downs, Mckee Smith And",1
Downs-Lopez,1
Downs-Stephens,1
Downs-Washington,1
"Doyle Anderson, And Shelton",1
"Doyle Hess, And Dudley",1
Doyle Inc,1
Doyle Ltd,1
"Doyle Mccullough Reyes, And",1
Doyle Plc,1
"Doyle Smith And Oconnor,",1
"Doyle Smith, Nash And",1
"Doyle, And Green Davis",1
"Doyle, And Kent Scott",1
"Doyle, Gonzales And Benjamin",1
"Doyle, Stephenson And Copeland",1
"Doyle, Turner Baldwin And",1
Doyle-Burch,1
Doyle-Carson,1
Doyle-Clark,1
Doyle-Friedman,1
Doyle-Johnson,1
Doyle-Mcmahon,1
Doyle-Silva,1
Doyle-Stevens,1
Doyle-West,1
"Drake Edwards, And Hickman",1
"Drake Fields And Lopez,",1
Drake Inc,1
Drake Sons And,1
"Drake Wallace, Aguirre And",1
"Drake, And Brown Crosby",1
"Drake, And Harrington Clark",1
"Drake, Bowen Vega And",1
"Drake, Rodriguez And Baker",1
Drake-Collins,1
Drake-Garcia,1
Drake-Hill,1
Drake-Jones,1
Drake-Spencer,1
Duarte Inc,1
Duarte Llc,1
Duarte-Baker,1
Duarte-Buchanan,1
Duarte-Little,1
Duarte-Smith,1
Duarte-Vargas,1
Duarte-Wallace,1
Dudley Llc,1
"Dudley Macias, And Wood",1
"Dudley, And Guerra Becker",1
Dudley-Atkinson,1
Dudley-Bartlett,1
Dudley-Garcia,1
Dudley-King,1
Dudley-Mclaughlin,1
Dudley-Miller,1
Dudley-Rodriguez,1
Dudley-Schmidt,1
Dudley-Shepherd,1
Dudley-Silva,1
Dudley-Trevino,1
"Duffy And Hull, Wright",1
"Duffy Donovan, Mccann And",1
"Duffy Lucero And Williams,",1
"Duffy, Dennis Edwards And",1
Duffy-Blake,1
Duffy-Bowman,1
Duffy-Boyd,1
Duffy-Brown,1
Duffy-Jackson,1
Duffy-Kelly,1
Duffy-Petersen,1
Duke Group,1
Duke Llc,1
Duke Ltd,1
"Duke Mayo And Torres,",1
"Duke Warren, And Copeland",1
Duke-Benton,1
Duke-Ho,1
Duke-Johnson,1
Duke-Livingston,1
Duke-Petersen,1
Duke-Phelps,1
Duke-Richard,1
Duke-Rubio,1
Duke-Torres,1
Duke-Walker,1
"Duncan And Wright, Williams",1
"Duncan Anthony, And Moreno",1
"Duncan Bauer, Ramirez And",1
Duncan Group,1
"Duncan Harmon, And Joseph",1
Duncan Inc,1
Duncan Ltd,1
"Duncan Perry, Jimenez And",1
Duncan Plc,1
"Duncan Salazar Hayes, And",1
"Duncan Sanchez, Campbell And",1
"Duncan Sandoval Brown, And",1
"Duncan Taylor Dean, And",1
"Duncan, And Rosario Hicks",1
"Duncan, Cox And Ray",1
"Duncan, Kerr Mitchell And",1
"Duncan, Wong And Andrews",1
Duncan-Aguilar,1
Duncan-Alexander,1
Duncan-Anderson,1
Duncan-Best,1
Duncan-Brown,1
Duncan-Carter,1
Duncan-Davenport,1
Duncan-Diaz,1
Duncan-Howell,1
Duncan-Johnson,1
Duncan-Lambert,1
Duncan-Lopez,1
Duncan-Martinez,1
Duncan-Meyer,1
Duncan-Reyes,1
Duncan-Romero,1
Duncan-Smith,1
Duncan-Webb,1
Duncan-Wong,1
"Dunlap And Green Lewis,",1
Dunlap Group,1
Dunlap Ltd,1
"Dunlap Martin Murphy, And",1
Dunlap Plc,1
"Dunlap Walter Collins, And",1
"Dunlap Young And Wilson,",1
"Dunlap, And Nelson Ritter",1
"Dunlap, Hampton Underwood And",1
"Dunlap, Hughes Perez And",1
"Dunlap, Rodriguez And Townsend",1
"Dunlap, Tucker Walker And",1
Dunlap-Cohen,1
"Dunn And Brooks Allen,",1
"Dunn And Mclaughlin Edwards,",1
"Dunn Brown And Lopez,",1
"Dunn Diaz, And Roberts",1
Dunn Inc,1
"Dunn, Schmidt And Davis",1
Dunn-Bell,1
Dunn-Bennett,1
Dunn-Bentley,1
Dunn-Blanchard,1
Dunn-Burns,1
Dunn-Cabrera,1
Dunn-Cook,1
Dunn-Dalton,1
Dunn-Dean,1
Dunn-Figueroa,1
Dunn-Fisher,1
Dunn-Gill,1
Dunn-Hawkins,1
Dunn-Hernandez,1
Dunn-Huffman,1
Dunn-Johnson,1
Dunn-Knox,1
Dunn-Lewis,1
Dunn-Logan,1
Dunn-Miller,1
Dunn-Taylor,1
Dunn-Thomas,1
Dunn-Thompson,1
Dunn-Wall,1
Dunn-Wallace,1
Dunn-Weaver,1
"Duran Adams And Mitchell,",1
"Duran And Wright, Shepard",1
"Duran Baker, And Mccullough",1
Duran Group,1
Duran Ltd,1
"Duran Mendoza And Scott,",1
"Duran Mitchell Ortiz, And",1
"Duran Navarro Torres, And",1
"Duran Peters, And Velez",1
Duran Plc,1
"Duran Price Lopez, And",1
Duran Sons And,1
"Duran Wright Rodriguez, And",1
"Duran, And Pacheco Maxwell",1
"Duran, Franklin Carlson And",1
Duran-Berry,1
Duran-Blake,1
Duran-Conner,1
Duran-Durham,1
Duran-Greene,1
Duran-Hayes,1
Duran-Johnson,1
Duran-Mills,1
Duran-Richards,1
Duran-Scott,1
Duran-Steele,1
Duran-Turner,1
Durham Group,1
"Durham Ray And Reyes,",1
"Durham Roberts, And Hanson",1
"Durham Schroeder And Butler,",1
"Durham Stewart, And Rangel",1
"Durham, Burch And Webb",1
"Durham, Hooper And Miller",1
Durham-Carter,1
Durham-Howell,1
Durham-Reilly,1
Dyer Llc,1
Dyer Ltd,1
"Dyer Reed And Hicks,",1
"Dyer Rhodes Martinez, And",1
"Dyer Smith, And Lin",1
"Dyer White, Roberts And",1
"Dyer, Morgan And Jackson",1
"Dyer, Turner Duke And",1
Dyer-Schultz,1
Dyer-Vincent,1
"Eaton And Jackson, Nunez",1
"Eaton And Ryan, Allen",1
"Eaton Gentry Henry, And",1
"Eaton Harper Clark, And",1
"Eaton Herman, Allen And",1
"Eaton Jones, And Finley",1
"Eaton Murray, And Sanchez",1
"Eaton, Wilkins Smith And",1
Eaton-Barnes,1
Eaton-Grimes,1
Eaton-Gutierrez,1
Eaton-Hernandez,1
Eaton-Lara,1
Eaton-Navarro,1
Eaton-Ramos,1
Eaton-Tucker,1
Eaton-Wood,1
"Edwards And Elliott Hernandez,",1
"Edwards And Olson Myers,",1
"Edwards And Olson, Villanueva",1
"Edwards And Smith, Pruitt",1
"Edwards And Solomon, Perez",1
Edwards And Sons,1
"Edwards And Swanson, Reyes",1
"Edwards And Thompson Reyes,",1
"Edwards And Williams, Sandoval",1
"Edwards Conway And Carey,",1
"Edwards Galloway And Reynolds,",1
"Edwards Gibson Wheeler, And",1
"Edwards Graham And Solis,",1
"Edwards Hendricks, Martin And",1
Edwards Inc,1
"Edwards Johnson, And Burgess",1
"Edwards King Cooper, And",1
"Edwards Le Taylor, And",1
"Edwards Ortiz And Dickerson,",1
"Edwards Pearson, Grant And",1
"Edwards Phillips, Farrell And",1
"Edwards Spencer, Rodriguez And",1
"Edwards Swanson Beasley, And",1
"Edwards Taylor, Graham And",1
"Edwards Ware, And Watson",1
"Edwards Williams Wilson, And",1
"Edwards Williams, Finley And",1
"Edwards, Brown Gonzalez And",1
"Edwards, Daniels Garcia And",1
"Edwards, Fry And Lopez",1
"Edwards, Hoffman Stanley And",1
"Edwards, Irwin Lee And",1
"Edwards, Johnson Winters And",1
"Edwards, Mcclure And Conner",1
"Edwards, Robinson And West",1
"Edwards, Smith And Collins",1
"Edwards, Stewart King And",1
"Edwards, Willis And Thomas",1
Edwards-Austin,1
Edwards-Buck,1
Edwards-Campos,1
Edwards-Carey,1
Edwards-Castillo,1
Edwards-Castro,1
Edwards-Chapman,1
Edwards-Cole,1
Edwards-Edwards,1
Edwards-Freeman,1
Edwards-Garcia,1
Edwards-Golden,1
Edwards-Gonzalez,1
Edwards-Hampton,1
Edwards-Hendrix,1
Edwards-Hunt,1
Edwards-Johnson,1
Edwards-Joyce,1
Edwards-Lewis,1
Edwards-Molina,1
Edwards-Nguyen,1
Edwards-Orr,1
Edwards-Ponce,1
Edwards-Powell,1
Edwards-Rodriguez,1
Edwards-Roman,1
Edwards-Rose,1
Edwards-Schmitt,1
Edwards-Skinner,1
Edwards-Tran,1
Edwards-Wall,1
Edwards-Wang,1
Edwards-Wood,1
"Elliott And Evans Stevens,",1
"Elliott And Robinson, Davis",1
"Elliott And Vaughn, Taylor",1
"Elliott Everett, Ruiz And",1
Elliott Group,1
"Elliott Gutierrez Miller, And",1
"Elliott Hughes And Little,",1
Elliott Inc,1
"Elliott Jones Hinton, And",1
"Elliott Silva, And Cole",1
"Elliott Smith And Burns,",1
"Elliott Thomas Deleon, And",1
"Elliott Williams, And Frost",1
"Elliott, And Davis Sanchez",1
"Elliott, And Navarro Smith",1
"Elliott, Mccoy And Walters",1
"Elliott, Sanders And Hooper",1
Elliott-Alvarado,1
Elliott-Brown,1
Elliott-Campbell,1
Elliott-David,1
Elliott-Gonzalez,1
Elliott-Howell,1
Elliott-Jackson,1
Elliott-James,1
Elliott-Johns,1
Elliott-Jordan,1
Elliott-Powers,1
Elliott-Reyes,1
Elliott-Rogers,1
Elliott-Schwartz,1
Elliott-Smith,1
Elliott-Stevens,1
Elliott-Sutton,1
Elliott-Webb,1
Elliott-Zamora,1
"Ellis And Beck, Fischer",1
"Ellis And Meza Gray,",1
"Ellis And Montgomery Morgan,",1
"Ellis And Prince Patton,",1
"Ellis And Thompson Nunez,",1
"Ellis Cline, And Gilbert",1
"Ellis Howell, Mayer And",1
"Ellis Hudson, Strickland And",1
"Ellis Lang, And Wilkerson",1
Ellis Llc,1
"Ellis Mcdaniel And Stark,",1
"Ellis Moreno And Stevens,",1
"Ellis Olson Anderson, And",1
"Ellis Payne Roberson, And",1
"Ellis Walton And Thompson,",1
"Ellis Wilkerson Perez, And",1
"Ellis Williams And Li,",1
"Ellis, And Ellis Andrews",1
"Ellis, And Smith Black",1
"Ellis, And Villa Thomas",1
"Ellis, Garcia Williams And",1
"Ellis, Hopkins Davis And",1
"Ellis, Hutchinson And Hawkins",1
"Ellis, Martin Ray And",1
"Ellis, Thomas And Lewis",1
"Ellis, Todd And Simpson",1
"Ellis, Williams And White",1
Ellis-Andrews,1
Ellis-Ballard,1
Ellis-Beck,1
Ellis-Bond,1
Ellis-Carroll,1
Ellis-Collins,1
Ellis-Davis,1
Ellis-Eaton,1
Ellis-Farmer,1
Ellis-Flores,1
Ellis-Francis,1
Ellis-Harris,1
Ellis-Higgins,1
Ellis-Horn,1
Ellis-Kim,1
Ellis-King,1
Ellis-Knight,1
Ellis-Little,1
Ellis-Lopez,1
Ellis-Mitchell,1
Ellis-Noble,1
Ellis-Perkins,1
Ellis-Roberson,1
Ellis-Ruiz,1
Ellis-Santiago,1
Ellis-White,1
Ellis-Wilkinson,1
Ellis-Williams,1
Ellis-Wright,1
"Ellison And Sharp Mcguire,",1
Ellison Group,1
"Ellison Stanley Mack, And",1
"Ellison, And Green Meza",1
"Ellison, And Williams Smith",1
Ellison-Hayden,1
Ellison-Miller,1
Ellison-Novak,1
Ellison-Rodriguez,1
Ellison-Scott,1
Ellison-Wagner,1
Ellison-Watson,1
English Group,1
English Llc,1
English Ltd,1
"English Perez And Dougherty,",1
English Sons And,1
"English, Allen Adams And",1
"English, And Cherry Meyer",1
English-Bruce,1
English-Hale,1
English-Stout,1
English-Thomas,1
English-Washington,1
Erickson And Sons,1
"Erickson Brewer, Curtis And",1
"Erickson Fletcher And Maynard,",1
Erickson Ltd,1
Erickson Plc,1
Erickson Sons And,1
"Erickson Williams, Caldwell And",1
"Erickson Wood, Murphy And",1
"Erickson Young And Jackson,",1
"Erickson, And Evans Bartlett",1
"Erickson, Obrien Ford And",1
Erickson-Alexander,1
Erickson-Boyd,1
Erickson-Campbell,1
Erickson-Flowers,1
Erickson-Foster,1
Erickson-Johnson,1
Erickson-Malone,1
Erickson-Martinez,1
Erickson-Thomas,1
Erickson-Walton,1
"Escobar And Anderson, Martin",1
"Escobar Barajas And Murphy,",1
Escobar Group,1
"Escobar Mclaughlin, Zimmerman And",1
"Escobar Parks And Brown,",1
"Escobar, And Landry Robinson",1
"Escobar, And Ward Lawson",1
Escobar-Ballard,1
Escobar-Banks,1
Escobar-Briggs,1
Escobar-Henry,1
Escobar-Mckay,1
Escobar-Peterson,1
Escobar-Tran,1
Escobar-Walton,1
Escobar-Ward,1
Esparza Ltd,1
"Esparza Mitchell, And Gamble",1
"Esparza Smith, Glass And",1
Esparza-Alvarado,1
Esparza-Bennett,1
Esparza-Carpenter,1
Esparza-Ferrell,1
Esparza-Holt,1
Esparza-Martinez,1
Esparza-Ruiz,1
Esparza-Smith,1
Esparza-Stewart,1
Esparza-Vasquez,1
"Espinoza And Gonzales Ward,",1
"Espinoza And Valentine Downs,",1
Espinoza Inc,1
"Espinoza Larson Cross, And",1
Espinoza Llc,1
"Espinoza Zavala And Mcdaniel,",1
"Espinoza, And Johnson Mays",1
"Espinoza, Perez And Pope",1
"Espinoza, Wyatt And Oneill",1
Espinoza-Collins,1
Espinoza-Gonzalez,1
Espinoza-Jones,1
Espinoza-Myers,1
Espinoza-Smith,1
Espinoza-Stone,1
Espinoza-Torres,1
"Estes And Garza, Carroll",1
"Estes Fox, Bowman And",1
Estes Group,1
Estes Inc,1
"Estes Nguyen, Green And",1
"Estes Olsen Medina, And",1
"Estes, Logan And Smith",1
Estes-Dominguez,1
Estes-Guerra,1
Estes-Mata,1
Estes-Morgan,1
Estes-Palmer,1
Estes-Phillips,1
Estes-Thomas,1
"Estrada And Holt Taylor,",1
"Estrada And Lee Roberts,",1
"Estrada And White Webster,",1
"Estrada Burke, And Bernard",1
"Estrada Mueller, Jimenez And",1
"Estrada Ramos Jones, And",1
"Estrada Russell, And Bright",1
Estrada Sons And,1
"Estrada, Macdonald Valdez And",1
"Estrada, Peterson And Johnson",1
Estrada-Armstrong,1
Estrada-Bradley,1
Estrada-Cain,1
Estrada-Campbell,1
Estrada-Delgado,1
Estrada-Griffin,1
Estrada-Jacobs,1
Estrada-Johnson,1
Estrada-Lin,1
Estrada-Marshall,1
Estrada-Martin,1
Estrada-Navarro,1
Estrada-Ochoa,1
Estrada-Ramsey,1
Estrada-Salazar,1
Estrada-Schneider,1
Estrada-Simmons,1
Estrada-Thompson,1
"Evans And Brown Wyatt,",1
"Evans And Byrd, Smith",1
"Evans And Cox Mata,",1
"Evans And Hall Schneider,",1
"Evans And Jackson Simmons,",1
"Evans And Middleton, Hill",1
"Evans And Murray, Washington",1
"Evans And Pearson, Holt",1
"Evans And Ryan Phillips,",1
"Evans And Smith, Davis",1
Evans And Sons,1
"Evans Barajas Jacobson, And",1
"Evans Carroll, And Aguilar",1
"Evans Dennis And Rodriguez,",1
"Evans Griffin, And Taylor",1
"Evans Hodges And Terry,",1
"Evans James Griffin, And",1
"Evans Jones Hughes, And",1
Evans Llc,1
"Evans Mcguire, And Roman",1
"Evans Medina, Dougherty And",1
"Evans Mejia Middleton, And",1
"Evans Mendez Mitchell, And",1
"Evans Michael, And Reyes",1
"Evans Miller, And Kemp",1
"Evans Ramos, And Coffey",1
"Evans Rogers, Sutton And",1
Evans Sons And,1
"Evans Stewart Green, And",1
"Evans Washington, Gutierrez And",1
"Evans Young Hall, And",1
"Evans Young, And Watson",1
"Evans, And Bernard Erickson",1
"Evans, And Hughes Miller",1
"Evans, And Nelson Cooper",1
"Evans, And Rodriguez Matthews",1
"Evans, And Russell Davis",1
"Evans, And Scott Hunter",1
"Evans, And Smith Tran",1
"Evans, Espinoza Lawrence And",1
"Evans, Frazier Gilbert And",1
"Evans, Garcia Trujillo And",1
"Evans, Jenkins And Foster",1
"Evans, Kelly And Davis",1
"Evans, Leblanc Fox And",1
"Evans, Meyer Graham And",1
"Evans, Patel Payne And",1
"Evans, Robertson And Webb",1
"Evans, Smith And Mitchell",1
"Evans, Smith Green And",1
Evans-Anderson,1
Evans-Barber,1
Evans-Benson,1
Evans-Bowers,1
Evans-Brown,1
Evans-Clayton,1
Evans-Contreras,1
Evans-Cox,1
Evans-Daniels,1
Evans-Davis,1
Evans-Douglas,1
Evans-Flores,1
Evans-Fuller,1
Evans-Garcia,1
Evans-Gonzalez,1
Evans-Gray,1
Evans-Huffman,1
Evans-Jackson,1
Evans-Kelly,1
Evans-Lowe,1
Evans-Macdonald,1
Evans-Martinez,1
Evans-Mckinney,1
Evans-Mitchell,1
Evans-Molina,1
Evans-Moore,1
Evans-Moses,1
Evans-Olson,1
Evans-Osborne,1
Evans-Pena,1
Evans-Poole,1
Evans-Powell,1
Evans-Rangel,1
Evans-Roberson,1
Evans-Rodgers,1
Evans-Rodriguez,1
Evans-Russo,1
Evans-Salas,1
Evans-Shields,1
Evans-Smith,1
Evans-Stanley,1
Evans-Thompson,1
Evans-Torres,1
Evans-Wells,1
Evans-Williamson,1
Evans-Wright,1
"Everett Acosta Cole, And",1
"Everett And Harris Jones,",1
"Everett And Morrison, Mccormick",1
"Everett Davis, And Hogan",1
Everett Group,1
"Everett Hernandez And Lopez,",1
"Everett Hoover Brown, And",1
Everett Inc,1
Everett Ltd,1
Everett Plc,1
"Everett Snyder Williams, And",1
Everett Sons And,1
"Everett, And Obrien Reeves",1
"Everett, Higgins And Roach",1
"Everett, Perry And Edwards",1
Everett-Ford,1
Everett-Gross,1
Everett-King,1
Everett-Lawson,1
"Ewing And Stanley Flynn,",1
"Ewing And Stout, Howard",1
"Ewing Carr Watson, And",1
Ewing Inc,1
"Ewing Matthews Pham, And",1
Ewing Plc,1
Ewing Sons And,1
"Ewing, Rasmussen And Buckley",1
"Ewing, Thomas Sanford And",1
Ewing-Baker,1
Ewing-Brewer,1
Ewing-Friedman,1
Ewing-Hartman,1
Ewing-Singleton,1
Ewing-Valdez,1
"Farley And Myers, Johnson",1
"Farley And Ortiz Martinez,",1
Farley And Sons,1
"Farley Payne And Walker,",1
Farley Plc,1
"Farley Richardson, And Anderson",1
"Farley Webster, And Wright",1
"Farley, And Blanchard Hancock",1
Farley-Ball,1
Farley-Brown,1
Farley-Flores,1
Farley-Payne,1
"Farmer Gonzalez Nichols, And",1
Farmer Inc,1
"Farmer Khan, Bennett And",1
Farmer Llc,1
Farmer Ltd,1
"Farmer Solis, Garcia And",1
"Farmer, And Jackson Price",1
"Farmer, And Russell Cruz",1
"Farmer, And Yang Hancock",1
Farmer-Lloyd,1
Farmer-Martin,1
Farmer-Phillips,1
Farmer-Robinson,1
Farmer-Rogers,1
Farmer-Sanchez,1
Farmer-Santos,1
Farmer-Walker,1
Farmer-Waller,1
Farmer-White,1
Farmer-Wong,1
"Farrell And Welch, Joseph",1
"Farrell Cordova Lester, And",1
Farrell Inc,1
"Farrell Kelly, Reed And",1
"Farrell Lowery And Richards,",1
Farrell Ltd,1
"Farrell Lyons Kent, And",1
Farrell Sons And,1
"Farrell, Grant Tran And",1
Farrell-Gregory,1
Farrell-Harper,1
Farrell-Lyons,1
Farrell-Nguyen,1
Farrell-Orr,1
Farrell-Zamora,1
Faulkner Group,1
Faulkner Ltd,1
"Faulkner Simpson Jackson, And",1
Faulkner-Brooks,1
Faulkner-Fuller,1
Faulkner-Jones,1
Faulkner-Thomas,1
"Ferguson And Benson, Cobb",1
"Ferguson And Benton, Moore",1
"Ferguson And Mcintosh, Roy",1
"Ferguson And White, Clarke",1
"Ferguson Carter, Ortiz And",1
Ferguson Inc,1
"Ferguson Lewis, Foster And",1
"Ferguson Livingston Cowan, And",1
Ferguson Llc,1
"Ferguson Nichols, Larson And",1
Ferguson Sons And,1
"Ferguson Stafford, And Spencer",1
"Ferguson Turner And Wiggins,",1
"Ferguson, And Mays Hall",1
"Ferguson, Bell And Bruce",1
"Ferguson, Black And Smith",1
"Ferguson, Maldonado Johnson And",1
"Ferguson, Perkins And Martinez",1
Ferguson-Acevedo,1
Ferguson-Bennett,1
Ferguson-Carter,1
Ferguson-Clark,1
Ferguson-Cole,1
Ferguson-Collins,1
Ferguson-Fisher,1
Ferguson-Garcia,1
Ferguson-George,1
Ferguson-Hamilton,1
Ferguson-Hicks,1
Ferguson-Jones,1
Ferguson-Lee,1
Ferguson-Little,1
Ferguson-Liu,1
Ferguson-Molina,1
Ferguson-Moore,1
Ferguson-Morgan,1
Ferguson-Obrien,1
Ferguson-Ortega,1
Ferguson-Singleton,1
Ferguson-Smith,1
Ferguson-Taylor,1
Ferguson-Thompson,1
Ferguson-West,1
Ferguson-White,1
"Fernandez Aguilar And Hamilton,",1
"Fernandez And Atkinson, Johnson",1
"Fernandez And Phillips, Singh",1
Fernandez And Sons,1
"Fernandez And Thompson Hernandez,",1
"Fernandez Christensen, And Rivera",1
Fernandez Group,1
"Fernandez Harris, And Wilson",1
"Fernandez Hart, And Ward",1
"Fernandez Hunter And Brooks,",1
Fernandez Inc,1
"Fernandez Lee And Hanson,",1
"Fernandez Long Ware, And",1
"Fernandez Lopez Gibson, And",1
"Fernandez Perry, Parker And",1
"Fernandez Sanders, And Elliott",1
"Fernandez Woodard And Phillips,",1
"Fernandez, Phillips Keller And",1
"Fernandez, Robertson Maxwell And",1
Fernandez-Adkins,1
Fernandez-Burke,1
Fernandez-Christian,1
Fernandez-Cortez,1
Fernandez-Crawford,1
Fernandez-Garcia,1
Fernandez-Gonzalez,1
Fernandez-Goodwin,1
Fernandez-Graham,1
Fernandez-Hayes,1
Fernandez-Henderson,1
Fernandez-Hunt,1
Fernandez-Jackson,1
Fernandez-Mahoney,1
Fernandez-Miller,1
Fernandez-Miranda,1
Fernandez-Parrish,1
Fernandez-Schmidt,1
Fernandez-Thompson,1
Fernandez-Vasquez,1
Fernandez-Wagner,1
Fernandez-Weber,1
"Ferrell, Campbell And Wilkerson",1
Ferrell-Carney,1
Ferrell-Dixon,1
Ferrell-Ellis,1
Ferrell-Hill,1
"Fields And Potter Porter,",1
"Fields And Robinson Lee,",1
Fields And Sons,1
"Fields And West Brown,",1
Fields Group,1
"Fields Kemp And Bowman,",1
Fields Llc,1
Fields Ltd,1
Fields Plc,1
"Fields, And Moran Martinez",1
"Fields, Peters And Ewing",1
"Fields, Phelps Simmons And",1
"Fields, Walton And Bender",1
"Fields, White Daniels And",1
Fields-Brock,1
Fields-Clements,1
Fields-Cook,1
Fields-Keller,1
Fields-Kelly,1
Fields-King,1
Fields-Koch,1
Fields-Rose,1
Fields-Vargas,1
Fields-Weber,1
Fields-Yang,1
"Figueroa And Hebert, Hunter",1
"Figueroa And Livingston Bowers,",1
Figueroa And Sons,1
"Figueroa And Stanton Hall,",1
"Figueroa Duarte, And Collier",1
"Figueroa Gibson Hess, And",1
"Figueroa Hawkins And Zimmerman,",1
Figueroa Llc,1
Figueroa Ltd,1
"Figueroa Moreno, Ho And",1
"Figueroa Olson, And Stone",1
Figueroa Plc,1
"Figueroa Rogers, And Porter",1
"Figueroa Sandoval, And Brooks",1
"Figueroa Taylor, And Velasquez",1
"Figueroa, Blevins Wilson And",1
"Figueroa, Edwards Williams And",1
Figueroa-Bush,1
Figueroa-Floyd,1
Figueroa-Harrison,1
Figueroa-Hayden,1
Figueroa-Hernandez,1
Figueroa-Hughes,1
Figueroa-May,1
Figueroa-Orr,1
Figueroa-Ortega,1
Figueroa-Perez,1
Figueroa-Reyes,1
Figueroa-Rogers,1
Figueroa-Smith,1
Figueroa-Thompson,1
Figueroa-Wall,1
Figueroa-Young,1
Finley And Sons,1
"Finley And Vargas, Gutierrez",1
"Finley Burgess, Patterson And",1
Finley Group,1
"Finley Long And Juarez,",1
Finley Ltd,1
"Finley Rodriguez, Herrera And",1
"Finley Salinas, Jones And",1
"Finley, And Martin Olson",1
Finley-Jackson,1
Finley-Miles,1
Finley-Peterson,1
Finley-Reyes,1
Finley-Schmidt,1
Finley-Snyder,1
"Fischer And Davila, Thomas",1
"Fischer And Sims Garcia,",1
"Fischer Austin Johnson, And",1
"Fischer Carter Kennedy, And",1
"Fischer Henderson, And Nguyen",1
"Fischer Hernandez, And Smith",1
"Fischer Jackson And Beck,",1
Fischer Llc,1
Fischer Ltd,1
"Fischer Ramos, And Parrish",1
"Fischer Williams, And Conner",1
"Fischer, Hardy Martinez And",1
"Fischer, Webb Jones And",1
Fischer-Adams,1
Fischer-Barrett,1
Fischer-Garner,1
Fischer-Green,1
Fischer-Henry,1
Fischer-Marquez,1
Fischer-Nash,1
Fischer-Powers,1
Fischer-Robinson,1
Fischer-Walker,1
"Fisher Alvarado, And Wright",1
"Fisher And Buchanan Garcia,",1
"Fisher And Cain Ross,",1
"Fisher And Hood, Wade",1
"Fisher And Horton, Massey",1
"Fisher And Morales, Waters",1
Fisher And Sons,1
"Fisher And Vance Murphy,",1
"Fisher And Webster Crawford,",1
"Fisher Bradley Price, And",1
"Fisher Burton, Keith And",1
"Fisher Caldwell, And Sandoval",1
"Fisher Carlson Jones, And",1
Fisher Inc,1
"Fisher Kirk, And Becker",1
"Fisher Knight, Walker And",1
"Fisher Perez And Sullivan,",1
"Fisher Smith And Durham,",1
"Fisher Stevens, And Bailey",1
"Fisher Tucker, And Jennings",1
"Fisher Woods And Webb,",1
"Fisher, And Ellis Clark",1
"Fisher, And Johnson Mueller",1
"Fisher, And Montgomery Edwards",1
"Fisher, And Smith Santos",1
"Fisher, And White Woods",1
"Fisher, Barrett Peterson And",1
"Fisher, Moore Jackson And",1
"Fisher, Morgan And Jackson",1
"Fisher, Peck Kennedy And",1
"Fisher, Ruiz And Turner",1
"Fisher, Vance Obrien And",1
Fisher-Aguilar,1
Fisher-Burch,1
Fisher-Carpenter,1
Fisher-Clark,1
Fisher-Conrad,1
Fisher-Cox,1
Fisher-Donaldson,1
Fisher-Dunlap,1
Fisher-Evans,1
Fisher-Fitzgerald,1
Fisher-Keller,1
Fisher-Lewis,1
Fisher-Madden,1
Fisher-Mclean,1
Fisher-Mora,1
Fisher-Perez,1
Fisher-Rodriguez,1
Fisher-Rogers,1
Fisher-Romero,1
Fisher-Snow,1
Fisher-Stevens,1
Fisher-Wells,1
Fisher-White,1
Fitzgerald And Sons,1
"Fitzgerald Cox, And Matthews",1
"Fitzgerald Dougherty, And Jones",1
"Fitzgerald Parrish Harris, And",1
"Fitzgerald Terry Shepherd, And",1
"Fitzgerald, And Price Rodriguez",1
"Fitzgerald, Cummings Reed And",1
"Fitzgerald, Elliott And Lawson",1
"Fitzgerald, Michael And Estrada",1
Fitzgerald-Arias,1
Fitzgerald-Bentley,1
Fitzgerald-Esparza,1
Fitzgerald-Fields,1
Fitzgerald-Fuentes,1
Fitzgerald-Graham,1
Fitzgerald-Hale,1
Fitzgerald-Johnson,1
Fitzgerald-Lam,1
Fitzgerald-Miller,1
Fitzgerald-Mills,1
Fitzgerald-Morris,1
Fitzgerald-Nguyen,1
Fitzgerald-Paul,1
Fitzgerald-Robinson,1
Fitzgerald-Stewart,1
Fitzgerald-Whitaker,1
"Fitzpatrick And Davis, Cook",1
"Fitzpatrick Bishop Ellis, And",1
"Fitzpatrick Ford Ball, And",1
"Fitzpatrick Gibson And Andersen,",1
Fitzpatrick Inc,1
"Fitzpatrick, Nielsen And Mcdonald",1
Fitzpatrick-Gentry,1
Fitzpatrick-Holt,1
Fitzpatrick-Johnson,1
Fitzpatrick-Perez,1
Fitzpatrick-Pierce,1
Fitzpatrick-Ramirez,1
Fitzpatrick-Robinson,1
Fitzpatrick-Wagner,1
Fitzpatrick-Webb,1
"Fleming Allen, And Wade",1
"Fleming And Melton, Snow",1
"Fleming And Skinner, Acosta",1
"Fleming Bauer And Smith,",1
"Fleming Garza, Davis And",1
"Fleming Humphrey And Drake,",1
"Fleming Rodriguez And Young,",1
"Fleming, And Estrada Mills",1
"Fleming, And Frey Wong",1
"Fleming, Caldwell Alvarez And",1
"Fleming, Edwards Short And",1
"Fleming, Thomas And Reed",1
Fleming-Baker,1
Fleming-Carney,1
Fleming-Clark,1
Fleming-Davis,1
Fleming-Diaz,1
Fleming-Franco,1
Fleming-Goodwin,1
Fleming-Klein,1
Fleming-Morales,1
Fleming-Palmer,1
Fleming-Peters,1
Fleming-Rodgers,1
Fleming-Sellers,1
Fleming-Vance,1
"Fletcher And Baldwin, Houston",1
"Fletcher And Hoover Smith,",1
"Fletcher And Parker, Cummings",1
Fletcher And Sons,1
"Fletcher Garcia And Howard,",1
Fletcher Group,1
"Fletcher Ortiz, White And",1
"Fletcher Pratt, Fischer And",1
"Fletcher, Cortez Serrano And",1
"Fletcher, Lee And Taylor",1
Fletcher-Andrade,1
Fletcher-Bowers,1
Fletcher-Bray,1
Fletcher-Gibson,1
Fletcher-Higgins,1
Fletcher-Hoffman,1
Fletcher-Miles,1
Fletcher-Pierce,1
"Flores And Higgins Oneill,",1
"Flores And King Castro,",1
"Flores And Lee, Patton",1
"Flores And Owens, Harrison",1
"Flores And Reynolds, Reyes",1
"Flores And Sims, Smith",1
"Flores And Sullivan Joyce,",1
"Flores Barnett Greene, And",1
"Flores Contreras, And Green",1
"Flores Dean And Hall,",1
"Flores Flynn Miller, And",1
"Flores Friedman And White,",1
"Flores Gardner, And Le",1
"Flores Garner, Montoya And",1
Flores Group,1
"Flores Hanson And Bryan,",1
"Flores Martinez And Hughes,",1
"Flores Miller, Cowan And",1
"Flores Montoya, Terry And",1
"Flores Perez And Barton,",1
"Flores Phillips And Alexander,",1
"Flores Smith And Obrien,",1
"Flores Smith, And Garza",1
Flores Sons And,1
"Flores Stewart, Johnston And",1
"Flores Valdez, And Nelson",1
"Flores, And Buckley Boone",1
"Flores, And Gibson Rodriguez",1
"Flores, And King Adams",1
"Flores, And Stevens Smith",1
"Flores, And Wright Bradley",1
"Flores, Davis And Roberts",1
"Flores, Miller And Rodriguez",1
"Flores, Reynolds And Brown",1
Flores-Aguilar,1
Flores-Bridges,1
Flores-Burton,1
Flores-Chan,1
Flores-Clark,1
Flores-Cox,1
Flores-Duncan,1
Flores-Ellis,1
Flores-Flowers,1
Flores-Franco,1
Flores-Glass,1
Flores-Glover,1
Flores-Gregory,1
Flores-Hall,1
Flores-Hamilton,1
Flores-Harvey,1
Flores-Hayden,1
Flores-Herrera,1
Flores-Hicks,1
Flores-Ho,1
Flores-Hoffman,1
Flores-Johns,1
Flores-Johnson,1
Flores-Jones,1
Flores-Joseph,1
Flores-Maldonado,1
Flores-Mckay,1
Flores-Miller,1
Flores-Nguyen,1
Flores-Parker,1
Flores-Pena,1
Flores-Perkins,1
Flores-Powell,1
Flores-Riley,1
Flores-Smith,1
Flores-Thomas,1
Flores-Wallace,1
Flores-Watts,1
Flores-Webb,1
Flores-Wilkinson,1
Flores-Wilson,1
Flowers Group,1
Flowers Llc,1
"Flowers Mccarthy, And Williams",1
"Flowers, Johnson Hunter And",1
"Flowers, Kemp Anderson And",1
Flowers-Bonilla,1
Flowers-Crawford,1
Flowers-Edwards,1
Flowers-Gonzalez,1
Flowers-Johnson,1
Flowers-Kirby,1
Flowers-Lane,1
Flowers-Mills,1
Flowers-Reid,1
Flowers-Salazar,1
Flowers-York,1
"Floyd And Garcia, Wright",1
"Floyd And Williams Stephenson,",1
"Floyd Cline, Landry And",1
Floyd Group,1
Floyd Inc,1
"Floyd, And Eaton Hall",1
"Floyd, And Johnson Miller",1
"Floyd, And Warren Strong",1
Floyd-Anderson,1
Floyd-Castillo,1
Floyd-Castro,1
Floyd-Davis,1
Floyd-Evans,1
Floyd-Hayes,1
Floyd-Mckinney,1
Floyd-Neal,1
Floyd-Patterson,1
Floyd-Sosa,1
Floyd-Wright,1
Floyd-Young,1
"Flynn And Patterson, Schroeder",1
"Flynn Barnett Kelly, And",1
Flynn Inc,1
"Flynn Lopez, And Lopez",1
Flynn Ltd,1
Flynn Sons And,1
"Flynn Thompson Jacobs, And",1
"Flynn, And Hardy Lopez",1
"Flynn, And Harris Mullins",1
"Flynn, And Lee Mcclain",1
"Flynn, Hart Hodges And",1
"Flynn, Nelson Miller And",1
Flynn-Caldwell,1
Flynn-Garza,1
Flynn-Goodman,1
Flynn-Jenkins,1
Flynn-Johnson,1
Flynn-Parks,1
Flynn-Perez,1
Flynn-Roberson,1
"Foley Collins, And Watkins",1
"Foley Gregory, And Ramos",1
"Foley Nelson, And Thompson",1
"Foley Smith, Morrison And",1
"Foley, And Cruz Hernandez",1
"Foley, And Sexton Kirby",1
"Foley, Archer And Garcia",1
"Foley, Williams Gonzales And",1
Foley-Alexander,1
Foley-Allen,1
Foley-Estrada,1
Foley-Johnson,1
Foley-Marsh,1
Foley-Murphy,1
Foley-Perry,1
Foley-Phillips,1
Foley-Tyler,1
Foley-Webster,1
"Forbes And Kidd, Esparza",1
"Forbes Jackson, Chapman And",1
"Forbes, And Webb Carter",1
"Forbes, Patel Garza And",1
Forbes-Johns,1
Forbes-Knight,1
Forbes-Martinez,1
Forbes-Russo,1
Forbes-Spencer,1
Forbes-Wallace,1
"Ford And Hester Frey,",1
"Ford And Hodge, Ramsey",1
"Ford And Vargas Sanders,",1
"Ford Avery Gomez, And",1
"Ford Clark And Romero,",1
"Ford Fitzgerald, Riley And",1
"Ford Flores Richardson, And",1
"Ford Hamilton, Ramsey And",1
"Ford Johnston Miller, And",1
"Ford King Henry, And",1
Ford Llc,1
Ford Ltd,1
"Ford Russell Bell, And",1
"Ford Sanchez And David,",1
"Ford Simmons, Barber And",1
"Ford Tucker, And White",1
"Ford, And Anderson Mcpherson",1
"Ford, And Singleton Terry",1
"Ford, Boyd And Hunt",1
"Ford, Schroeder Young And",1
Ford-Barker,1
Ford-Brady,1
Ford-Burns,1
Ford-Castro,1
Ford-Cox,1
Ford-Curtis,1
Ford-Dawson,1
Ford-Day,1
Ford-Fisher,1
Ford-Garner,1
Ford-Goodwin,1
Ford-Harris,1
Ford-Jackson,1
Ford-Johnston,1
Ford-Lewis,1
Ford-Mason,1
Ford-Morris,1
Ford-Morrison,1
Ford-Olson,1
Ford-Owens,1
Ford-Robinson,1
Ford-Ryan,1
Ford-Salas,1
Ford-Thomas,1
Ford-Weaver,1
Ford-Werner,1
Ford-Wilson,1
"Foster Alvarez Johnson, And",1
"Foster And Andrews Lang,",1
"Foster And Bolton, Garza",1
"Foster And Fernandez Vargas,",1
"Foster And Hall, Melton",1
"Foster And Hayes, Tucker",1
"Foster And Jefferson, Herring",1
"Foster And Sharp, Silva",1
"Foster Gross Wiggins, And",1
"Foster Harvey, And Jenkins",1
"Foster Hood Lucas, And",1
"Foster Jones, And Taylor",1
"Foster Lamb, Graham And",1
"Foster Patel, Bean And",1
"Foster Phillips, Abbott And",1
"Foster Pierce, Anderson And",1
"Foster Rodriguez, And Smith",1
"Foster Smith And Elliott,",1
"Foster Taylor, And Morris",1
"Foster Winters, Soto And",1
"Foster, And White Morton",1
"Foster, Bentley And Price",1
"Foster, Berg And Holmes",1
"Foster, Gilbert Baldwin And",1
"Foster, King Zimmerman And",1
"Foster, Rodriguez And Knox",1
Foster-Bowman,1
Foster-Brooks,1
Foster-Bush,1
Foster-Chase,1
Foster-Clements,1
Foster-Cooper,1
Foster-Davis,1
Foster-Grant,1
Foster-Hall,1
Foster-Hamilton,1
Foster-Herring,1
Foster-Hill,1
Foster-Hines,1
Foster-Hobbs,1
Foster-Jackson,1
Foster-Joyce,1
Foster-Kim,1
Foster-Lee,1
Foster-Matthews,1
Foster-Mendoza,1
Foster-Miller,1
Foster-Mills,1
Foster-Moore,1
Foster-Nunez,1
Foster-Rhodes,1
Foster-Roach,1
Foster-Rocha,1
Foster-Smith,1
Foster-Stephens,1
Foster-Thomas,1
Foster-Thompson,1
Foster-Torres,1
Foster-Whitaker,1
Foster-Whitehead,1
"Fowler Adams Thompson, And",1
"Fowler And Allen, Holt",1
"Fowler And Grant Thomas,",1
"Fowler And Howell, Suarez",1
"Fowler And Mcdonald Schaefer,",1
"Fowler And Williams, Henry",1
"Fowler Davis, Bowman And",1
"Fowler Hall, Hobbs And",1
"Fowler Kelly Horn, And",1
Fowler Ltd,1
"Fowler Price, Compton And",1
"Fowler Sanchez Skinner, And",1
"Fowler, And Bauer Welch",1
"Fowler, And Diaz Rodriguez",1
"Fowler, And Joyce Thomas",1
"Fowler, Taylor And Hamilton",1
Fowler-Barry,1
Fowler-Campbell,1
Fowler-Dalton,1
Fowler-Dyer,1
Fowler-Garcia,1
Fowler-Mcmahon,1
Fowler-Mills,1
Fowler-Phillips,1
"Fox And Collins Smith,",1
"Fox And Moreno Williams,",1
"Fox And Phillips Elliott,",1
"Fox And Rivera Smith,",1
"Fox And Sanchez Brown,",1
Fox And Sons,1
"Fox Brown, Graves And",1
"Fox Bryant And Richmond,",1
"Fox Clark And Smith,",1
"Fox Davis Long, And",1
"Fox Guzman James, And",1
"Fox Murray And Johnson,",1
"Fox Robles Hooper, And",1
"Fox Young, And Velasquez",1
"Fox, And Lucas Cain",1
"Fox, And Welch Cooper",1
"Fox, Bennett And Turner",1
"Fox, Murphy Parker And",1
Fox-Anthony,1
Fox-Brennan,1
Fox-Burke,1
Fox-Burns,1
Fox-Campos,1
Fox-Choi,1
Fox-Coleman,1
Fox-Garcia,1
Fox-Howard,1
Fox-Lee,1
Fox-Matthews,1
Fox-Mcdonald,1
Fox-Owens,1
Fox-Rocha,1
Fox-Singleton,1
Fox-Smith,1
Fox-Yang,1
"Francis And Callahan, Wright",1
"Francis And Martinez, Alvarez",1
"Francis And Moore, Hawkins",1
"Francis And Smith Pope,",1
Francis And Sons,1
"Francis Johnson Edwards, And",1
Francis Plc,1
"Francis Thompson Ward, And",1
"Francis, Allen And Christensen",1
"Francis, And Moran Brown",1
"Francis, Riley And Barnes",1
"Francis, White Casey And",1
Francis-Cook,1
Francis-Hartman,1
Francis-Jordan,1
Francis-Meyers,1
Francis-Smith,1
Francis-Yang,1
Franco And Sons,1
"Franco And Trevino Clayton,",1
"Franco Anderson, Davidson And",1
Franco Group,1
"Franco Rhodes, Cox And",1
"Franco Thompson, And Ramirez",1
Franco-Campos,1
Franco-Hill,1
Franco-James,1
Franco-Martinez,1
Franco-Nguyen,1
Franco-Richardson,1
Franco-Sawyer,1
Franco-Shaffer,1
Franco-Villarreal,1
"Frank And Klein Miller,",1
"Frank And Porter, Mcclure",1
Frank And Sons,1
"Frank Hernandez, Taylor And",1
Frank Inc,1
"Frank King, Christian And",1
Frank Llc,1
Frank Ltd,1
"Frank, Ballard And Moore",1
"Frank, Calderon And Washington",1
"Frank, Chapman Wilson And",1
"Frank, Lawson Craig And",1
Frank-Archer,1
Frank-Briggs,1
Frank-Gates,1
Frank-Gonzalez,1
Frank-Huang,1
Frank-Mccann,1
Frank-Reyes,1
"Franklin And Johnson Adams,",1
"Franklin And Johnson, Armstrong",1
"Franklin And White, Riley",1
"Franklin Barron, And Figueroa",1
"Franklin Dixon And Chen,",1
"Franklin Franklin Riggs, And",1
"Franklin Gentry And Kennedy,",1
"Franklin Hawkins, Mullins And",1
Franklin Llc,1
"Franklin Smith And Price,",1
"Franklin West And Duke,",1
"Franklin, And Clark Harrison",1
"Franklin, And Hernandez Williams",1
"Franklin, And Valencia Nelson",1
"Franklin, Brennan And Dean",1
"Franklin, Dickerson And Logan",1
"Franklin, Hendricks Phillips And",1
"Franklin, Powell Barajas And",1
Franklin-Abbott,1
Franklin-Brown,1
Franklin-Buckley,1
Franklin-Clark,1
Franklin-Davis,1
Franklin-Dean,1
Franklin-Farrell,1
Franklin-Ferrell,1
Franklin-Garcia,1
Franklin-Gomez,1
Franklin-Hernandez,1
Franklin-Horn,1
Franklin-Johnson,1
Franklin-Medina,1
Franklin-Miles,1
Franklin-Murray,1
Franklin-Sanchez,1
Franklin-Ware,1
Franklin-White,1
"Frazier And Cooper Smith,",1
Frazier And Sons,1
"Frazier And Tran Munoz,",1
"Frazier And Wilkins, Thompson",1
"Frazier Brooks Sheppard, And",1
"Frazier Burns, Ingram And",1
Frazier Group,1
"Frazier Jones Perez, And",1
"Frazier Schmidt And Morton,",1
"Frazier Soto And Hansen,",1
"Frazier, Elliott White And",1
"Frazier, Smith Preston And",1
Frazier-Ashley,1
Frazier-Baker,1
Frazier-Horton,1
Frazier-Hunter,1
Frazier-Lee,1
Frazier-Martin,1
Frazier-Mclean,1
Frazier-Parker,1
Frazier-Rodriguez,1
Frazier-Smith,1
Frazier-White,1
"Frederick And Kennedy, Phillips",1
Frederick Group,1
Frederick Ltd,1
"Frederick Tran, Porter And",1
"Frederick, And Martinez Rivera",1
"Frederick, Marquez Carter And",1
"Frederick, Mayo Jones And",1
Frederick-Bailey,1
Frederick-Gallegos,1
"Freeman And Brown, Haney",1
"Freeman And Fletcher Patton,",1
"Freeman And Maxwell, Mitchell",1
"Freeman And Obrien Williams,",1
"Freeman And Romero, Bullock",1
"Freeman And Walsh Nixon,",1
"Freeman Barrera Arnold, And",1
"Freeman Bennett, Alexander And",1
"Freeman Cohen Bell, And",1
"Freeman Gonzalez Swanson, And",1
"Freeman King Hodges, And",1
Freeman Ltd,1
"Freeman Nelson, And Torres",1
"Freeman Powell, Erickson And",1
"Freeman Richardson, And Cruz",1
"Freeman Ruiz, Costa And",1
"Freeman Stevenson, And Clay",1
"Freeman, And Herman Sexton",1
"Freeman, And Miller Gibson",1
"Freeman, Daniels And Pace",1
"Freeman, Davis Cisneros And",1
"Freeman, Garcia Rogers And",1
"Freeman, Hardin And Hicks",1
"Freeman, Taylor Howard And",1
"Freeman, Weiss Marshall And",1
Freeman-Barnett,1
Freeman-Bell,1
Freeman-Bray,1
Freeman-Brown,1
Freeman-Buchanan,1
Freeman-Carlson,1
Freeman-Chandler,1
Freeman-Cole,1
Freeman-Cruz,1
Freeman-Delgado,1
Freeman-Hahn,1
Freeman-Hayes,1
Freeman-Holt,1
Freeman-Horton,1
Freeman-Hunter,1
Freeman-Mcfarland,1
Freeman-Molina,1
Freeman-Moore,1
Freeman-Myers,1
Freeman-Price,1
Freeman-Roberts,1
Freeman-Rogers,1
Freeman-Simon,1
Freeman-Wang,1
Freeman-Weiss,1
Freeman-Young,1
"French And Allen Collier,",1
French And Sons,1
"French Harris English, And",1
"French Hull, Cunningham And",1
French Plc,1
"French Wells, And Schmidt",1
"French Wilson, And Woods",1
French-Boone,1
French-Hunt,1
French-Marquez,1
French-Martinez,1
French-Newman,1
French-Parks,1
French-Powell,1
French-Ramsey,1
French-Smith,1
French-Summers,1
"Frey And Leon Espinoza,",1
"Frey And Wise, Mendez",1
Frey Group,1
Frey Inc,1
Frey Ltd,1
Frey Plc,1
"Frey, Martin Huang And",1
Frey-Alvarado,1
Frey-Frank,1
Frey-Randolph,1
Frey-Strong,1
"Friedman And Callahan Price,",1
Friedman Llc,1
Friedman Ltd,1
"Friedman, And Ryan Gilbert",1
"Friedman, And Scott Dalton",1
Friedman-Bryant,1
Friedman-Curry,1
Friedman-Douglas,1
Friedman-Martin,1
Friedman-Walker,1
"Fritz Gonzalez, Rodgers And",1
"Fritz Hebert And Sosa,",1
"Fritz Henderson Stanton, And",1
"Fritz Matthews, And Henderson",1
Fritz-Cox,1
Fritz-Evans,1
Fritz-Garcia,1
Fritz-Hensley,1
Fritz-Petty,1
Fritz-Wise,1
"Frost And Garcia, Holmes",1
Frost Llc,1
"Frost, Jones And Morton",1
Frost-Beltran,1
Frost-Bishop,1
Frost-Davis,1
Frost-Dean,1
Frost-Fox,1
Frost-Swanson,1
Frost-Williams,1
"Fry And Drake, Schwartz",1
"Fry Glenn, And Martinez",1
Fry Inc,1
Fry Llc,1
Fry Ltd,1
Fry Sons And,1
"Fry, Vega And Bass",1
Fry-Frye,1
Fry-Howard,1
Fry-Hunt,1
Fry-Johnston,1
Fry-Miles,1
Fry-Mitchell,1
Fry-Shields,1
Fry-Singh,1
Fry-Wade,1
Fry-Wilson,1
"Frye And Allen, Miller",1
"Frye And Clarke Bush,",1
"Frye And Spencer Walker,",1
"Frye Gray, Rogers And",1
Frye Group,1
"Frye Owens And Kennedy,",1
Frye Plc,1
"Frye, King And Phillips",1
Frye-Dunn,1
Frye-Johnson,1
Frye-Perez,1
"Fuentes And Garcia Cannon,",1
"Fuentes And Goodwin Travis,",1
"Fuentes Brown Guzman, And",1
"Fuentes Butler, Ward And",1
Fuentes Inc,1
"Fuentes Knight, Sandoval And",1
Fuentes Llc,1
"Fuentes Thornton Santiago, And",1
"Fuentes Werner, Neal And",1
"Fuentes, And Harris Woods",1
"Fuentes, And Morales Ramsey",1
"Fuentes, Williams And Flores",1
Fuentes-Calderon,1
Fuentes-Castillo,1
Fuentes-Lewis,1
Fuentes-Miller,1
Fuentes-Pope,1
Fuentes-Smith,1
Fuentes-Washington,1
Fuentes-White,1
"Fuller And Hardy Jackson,",1
"Fuller And Jarvis Huynh,",1
"Fuller And Stewart Warner,",1
"Fuller Brown And Blevins,",1
"Fuller Brown, Johnson And",1
"Fuller Davis, And Smith",1
"Fuller Hayes Freeman, And",1
"Fuller Jackson Taylor, And",1
"Fuller Jordan And Cisneros,",1
Fuller Ltd,1
"Fuller Perez Scott, And",1
Fuller Plc,1
"Fuller Sloan Barrera, And",1
Fuller Sons And,1
"Fuller, And Rios Murphy",1
"Fuller, Campbell Yang And",1
"Fuller, Holmes And Butler",1
"Fuller, Stone And Clements",1
Fuller-Allen,1
Fuller-Anderson,1
Fuller-Brown,1
Fuller-Carney,1
Fuller-Fleming,1
Fuller-Gilbert,1
Fuller-Hunter,1
Fuller-Jones,1
Fuller-Sharp,1
Fuller-Wilson,1
"Gaines Alvarez, And Bryant",1
"Gaines And Alvarado Mitchell,",1
Gaines And Sons,1
Gaines Inc,1
Gaines Llc,1
"Gaines Murphy Jones, And",1
"Gaines Williams And Scott,",1
"Gaines, Mcclain Olsen And",1
Gaines-Alvarez,1
Gaines-Dixon,1
Gaines-Eaton,1
Gaines-Johnson,1
Gaines-Mejia,1
Gaines-Mitchell,1
Gaines-Patel,1
Gaines-Rice,1
Gallagher And Sons,1
"Gallagher And Wu, Hull",1
"Gallagher Clark, House And",1
Gallagher Group,1
Gallagher Llc,1
Gallagher Ltd,1
"Gallagher Moore And Ortiz,",1
"Gallagher, And Ward Thomas",1
"Gallagher, Hughes And Palmer",1
"Gallagher, Smith And Brown",1
Gallagher-Ali,1
Gallagher-Bradley,1
Gallagher-Carroll,1
Gallagher-Christian,1
Gallagher-Cline,1
Gallagher-Cunningham,1
Gallagher-Garcia,1
Gallagher-Gomez,1
Gallagher-Hernandez,1
Gallagher-Hill,1
Gallagher-Johnson,1
Gallagher-Knight,1
Gallagher-Torres,1
Gallagher-Watkins,1
Gallagher-Whitney,1
"Gallegos And Adams Wise,",1
"Gallegos And Horton Simon,",1
"Gallegos And Lyons Carter,",1
"Gallegos Anderson, And Cole",1
"Gallegos Chambers, Cain And",1
Gallegos Group,1
"Gallegos Rodriguez, Bush And",1
"Gallegos, And Benson Sloan",1
"Gallegos, And Cherry Garner",1
"Gallegos, Morrow Phillips And",1
Gallegos-Bird,1
Gallegos-Brooks,1
Gallegos-Cook,1
Gallegos-Doyle,1
Gallegos-Hartman,1
Gallegos-Lucero,1
Gallegos-Robinson,1
Gallegos-Scott,1
Gallegos-Tucker,1
Galloway Inc,1
"Galloway, And Hammond Reyes",1
Galloway-Barnett,1
Galloway-Beltran,1
Galloway-Carpenter,1
Galloway-Hall,1
Galloway-Rodriguez,1
Galloway-Romero,1
Galloway-Short,1
Galvan Inc,1
Galvan Ltd,1
"Galvan Mckenzie And Clark,",1
"Galvan, Lopez Salazar And",1
"Galvan, Moore Alexander And",1
Galvan-Ballard,1
Galvan-Brown,1
Galvan-Clark,1
Galvan-Garcia,1
Galvan-Gross,1
Galvan-Hopkins,1
Galvan-Huber,1
Galvan-Young,1
"Gamble And Russo, Brown",1
Gamble Ltd,1
"Gamble, Williams And White",1
Gamble-Blanchard,1
Gamble-Curry,1
Gamble-Gonzalez,1
Gamble-Powell,1
Gamble-Sanders,1
"Garcia And Allen Garcia,",1
"Garcia And Anderson, Bailey",1
"Garcia And Ayala Barnes,",1
"Garcia And Cunningham, Griffin",1
"Garcia And Deleon Jenkins,",1
"Garcia And Evans, Cruz",1
"Garcia And Glass, Santana",1
"Garcia And Hampton Skinner,",1
"Garcia And Ibarra, Conway",1
"Garcia And Johnson Maxwell,",1
"Garcia And Mann Reed,",1
"Garcia And Nguyen, Leonard",1
"Garcia And Sanchez Bond,",1
"Garcia And Sanchez, Marsh",1
"Garcia And Shah, Bradley",1
Garcia And Sons,1
"Garcia And Stone Hamilton,",1
"Garcia And Todd Rogers,",1
"Garcia And Vargas, Brooks",1
"Garcia And Watts, Jenkins",1
"Garcia Anderson And Olson,",1
"Garcia Baxter, Patterson And",1
"Garcia Becker, Morrison And",1
"Garcia Bond, Rivera And",1
"Garcia Cuevas, And Nguyen",1
"Garcia Davis, Nguyen And",1
"Garcia Duncan Peters, And",1
"Garcia Edwards And Daniel,",1
"Garcia Elliott And Williams,",1
"Garcia Hansen Rogers, And",1
"Garcia Henson Lewis, And",1
"Garcia Higgins And Young,",1
"Garcia Hunt, And Wood",1
"Garcia Johnson And Nelson,",1
"Garcia Johnson, And Cordova",1
"Garcia Johnson, And Garcia",1
"Garcia Lucero Thomas, And",1
"Garcia Martin, Taylor And",1
"Garcia Miller Hampton, And",1
"Garcia Miller, Edwards And",1
"Garcia Morales And Pope,",1
"Garcia Moreno And Edwards,",1
"Garcia Mosley, And Baker",1
"Garcia Nelson And Diaz,",1
"Garcia Nolan, Thomas And",1
"Garcia Obrien, Casey And",1
"Garcia Rhodes And Riggs,",1
"Garcia Roberson Taylor, And",1
"Garcia Schroeder, Gilbert And",1
"Garcia Scott And French,",1
"Garcia Sellers, Phillips And",1
"Garcia Shah And Miranda,",1
"Garcia Simmons And Harrison,",1
"Garcia Singh Henry, And",1
"Garcia Smith And Sherman,",1
"Garcia Smith, And Nguyen",1
"Garcia Snyder, And White",1
"Garcia Stanley And Levine,",1
"Garcia Stone, And Gallegos",1
"Garcia Strong, And Holmes",1
"Garcia Thompson And Gibbs,",1
"Garcia Welch, Gordon And",1
"Garcia White, And Cobb",1
"Garcia Wilson And Griffin,",1
"Garcia Woodward And Morgan,",1
"Garcia Wu, And Hudson",1
"Garcia, And Bishop Hernandez",1
"Garcia, And Brooks Carlson",1
"Garcia, And Gutierrez Wilson",1
"Garcia, And Kirk Rogers",1
"Garcia, And Marshall Maxwell",1
"Garcia, And Martinez Ball",1
"Garcia, And Moore Collins",1
"Garcia, And Reyes Carey",1
"Garcia, And Richmond Hudson",1
"Garcia, And Smith Payne",1
"Garcia, Andrade And Howell",1
"Garcia, Benjamin Brooks And",1
"Garcia, Bishop And Norris",1
"Garcia, Brown Aguirre And",1
"Garcia, Dalton Peterson And",1
"Garcia, Davis Bishop And",1
"Garcia, Durham Smith And",1
"Garcia, Gilbert Hill And",1
"Garcia, Gonzalez And Gentry",1
"Garcia, Griffin And Taylor",1
"Garcia, Johnson And Mcpherson",1
"Garcia, Johnson Jimenez And",1
"Garcia, Kim And Fisher",1
"Garcia, King Chan And",1
"Garcia, Martinez Watkins And",1
"Garcia, Nicholson Smith And",1
"Garcia, Porter And Mora",1
"Garcia, Price Rivas And",1
"Garcia, Ross Simpson And",1
"Garcia, Wallace Haley And",1
"Garcia, Wells And Fuentes",1
"Garcia, Williams And Hernandez",1
"Garcia, Williams Lee And",1
"Garcia, Wright And Watson",1
Garcia-Abbott,1
Garcia-Adkins,1
Garcia-Aguilar,1
Garcia-Armstrong,1
Garcia-Barnett,1
Garcia-Bell,1
Garcia-Bennett,1
Garcia-Best,1
Garcia-Black,1
Garcia-Blake,1
Garcia-Bradley,1
Garcia-Bush,1
Garcia-Butler,1
Garcia-Calderon,1
Garcia-Campbell,1
Garcia-Carroll,1
Garcia-Carter,1
Garcia-Casey,1
Garcia-Chavez,1
Garcia-Clark,1
Garcia-Collins,1
Garcia-Contreras,1
Garcia-Cox,1
Garcia-Crawford,1
Garcia-Dougherty,1
Garcia-Duncan,1
Garcia-Erickson,1
Garcia-Faulkner,1
Garcia-Fleming,1
Garcia-Foster,1
Garcia-Frey,1
Garcia-George,1
Garcia-Gonzalez,1
Garcia-Graham,1
Garcia-Grant,1
Garcia-Gray,1
Garcia-Gross,1
Garcia-Hanna,1
Garcia-Harmon,1
Garcia-Harper,1
Garcia-Harris,1
Garcia-Hayes,1
Garcia-Henry,1
Garcia-Hines,1
Garcia-House,1
Garcia-Jacobs,1
Garcia-Jensen,1
Garcia-Johnson,1
Garcia-Jones,1
Garcia-Joseph,1
Garcia-Juarez,1
Garcia-Kelley,1
Garcia-Kidd,1
Garcia-King,1
Garcia-Kline,1
Garcia-Lambert,1
Garcia-Lawrence,1
Garcia-Leach,1
Garcia-Lee,1
Garcia-Lewis,1
Garcia-Lopez,1
Garcia-Mack,1
Garcia-Martin,1
Garcia-Martinez,1
Garcia-Mccullough,1
Garcia-Moore,1
Garcia-Mueller,1
Garcia-Murphy,1
Garcia-Newman,1
Garcia-Newton,1
Garcia-Nichols,1
Garcia-Nixon,1
Garcia-Norton,1
Garcia-Oliver,1
Garcia-Olson,1
Garcia-Palmer,1
Garcia-Parker,1
Garcia-Patterson,1
Garcia-Patton,1
Garcia-Paul,1
Garcia-Payne,1
Garcia-Ramos,1
Garcia-Roberts,1
Garcia-Rodriguez,1
Garcia-Salazar,1
Garcia-Salinas,1
Garcia-Sanchez,1
Garcia-Silva,1
Garcia-Soto,1
Garcia-Stewart,1
Garcia-Sullivan,1
Garcia-Thompson,1
Garcia-Trevino,1
Garcia-Underwood,1
Garcia-Valencia,1
Garcia-Valentine,1
Garcia-Villegas,1
Garcia-Wagner,1
Garcia-Wallace,1
Garcia-Warren,1
Garcia-Wells,1
Garcia-West,1
Garcia-Williamson,1
Garcia-Yoder,1
Garcia-Yu,1
Garcia-Zimmerman,1
"Gardner And Brown, Johnson",1
"Gardner And Contreras Miles,",1
"Gardner And Powers Scott,",1
"Gardner And Russell, Frazier",1
"Gardner Cook, And White",1
"Gardner Ferguson And Blankenship,",1
"Gardner Harris, Wood And",1
Gardner Llc,1
Gardner Ltd,1
"Gardner Morris Lee, And",1
"Gardner Patton Zimmerman, And",1
"Gardner White, And Dominguez",1
"Gardner, Bennett Ramirez And",1
"Gardner, Vaughn And Ramirez",1
Gardner-Adams,1
Gardner-Bell,1
Gardner-Boone,1
Gardner-Brown,1
Gardner-Conley,1
Gardner-Dixon,1
Gardner-Humphrey,1
Gardner-Lopez,1
Gardner-Miller,1
Gardner-Morales,1
Gardner-Moreno,1
Gardner-Munoz,1
Gardner-Ross,1
Gardner-Scott,1
Gardner-Shaw,1
Gardner-Shelton,1
Gardner-Snyder,1
Gardner-Walsh,1
Gardner-Walters,1
Gardner-Watts,1
Gardner-Willis,1
"Garner And Harris Stewart,",1
"Garner And Melton Holmes,",1
"Garner Brown And Carter,",1
Garner Llc,1
"Garner Martin Hall, And",1
"Garner Mendoza, Ward And",1
"Garner Palmer Oconnor, And",1
"Garner, And King Smith",1
Garner-Armstrong,1
Garner-Bowman,1
Garner-Collier,1
Garner-Flores,1
Garner-Hayes,1
Garner-Miles,1
Garner-Mitchell,1
Garner-Rowland,1
Garner-Wheeler,1
Garner-White,1
"Garrett And Haney Martin,",1
"Garrett And Lawson, Quinn",1
"Garrett And Pierce, Sharp",1
Garrett And Sons,1
"Garrett Colon, Cole And",1
"Garrett Cortez, And Price",1
"Garrett Doyle And Gordon,",1
Garrett Inc,1
"Garrett Johnson, And Lee",1
Garrett Llc,1
"Garrett Martinez, Graham And",1
"Garrett Randall, Brown And",1
Garrett Sons And,1
"Garrett, And Bullock Morales",1
"Garrett, And Daugherty Johnson",1
"Garrett, And Morales Myers",1
"Garrett, Nichols And Harrison",1
"Garrett, Patterson And Johnson",1
Garrett-Anderson,1
Garrett-Cox,1
Garrett-Edwards,1
Garrett-Hall,1
Garrett-Hernandez,1
Garrett-Jackson,1
Garrett-Jordan,1
Garrett-Kent,1
Garrett-Knight,1
Garrett-Logan,1
Garrett-Morgan,1
Garrett-Murray,1
Garrett-Schmidt,1
Garrett-Smith,1
"Garrison And Palmer, Gallegos",1
"Garrison Davis, Garza And",1
"Garrison Gonzalez, And Gonzalez",1
Garrison Llc,1
Garrison Ltd,1
"Garrison Smith, Mitchell And",1
"Garrison Strickland, White And",1
"Garrison Yates, Mcgee And",1
"Garrison, Parsons And Jones",1
Garrison-Bruce,1
Garrison-Collier,1
Garrison-Crane,1
Garrison-Gomez,1
Garrison-Jackson,1
Garrison-Mcfarland,1
Garrison-Murillo,1
Garrison-Petersen,1
Garrison-Rodriguez,1
Garrison-Sandoval,1
"Garza And Escobar, Chavez",1
"Garza And Johnson Gordon,",1
"Garza And Velasquez, White",1
"Garza Jordan Harrington, And",1
"Garza Jordan, And Moore",1
Garza Llc,1
Garza Ltd,1
"Garza Moses Wilson, And",1
"Garza Reed, And Freeman",1
"Garza Vazquez, Mcbride And",1
"Garza, Carroll And Hernandez",1
"Garza, Farley And Ford",1
"Garza, Moore And Kennedy",1
"Garza, Morrow And Callahan",1
"Garza, Morton Freeman And",1
"Garza, Williams Walker And",1
"Garza, Young And Smith",1
Garza-Andrews,1
Garza-Bell,1
Garza-Costa,1
Garza-Gallagher,1
Garza-Garcia,1
Garza-Hayes,1
Garza-King,1
Garza-Leon,1
Garza-Lopez,1
Garza-Lucas,1
Garza-Marsh,1
Garza-Martin,1
Garza-Rodriguez,1
Garza-Sanchez,1
Garza-Scott,1
Garza-Strickland,1
Garza-Thompson,1
Garza-Wells,1
Garza-Williams,1
Garza-Yang,1
"Gates And Brown Patel,",1
"Gates And Davis, Thomas",1
"Gates And Roberson, Reynolds",1
"Gates Brown, And Stuart",1
"Gates Francis And Scott,",1
Gates Inc,1
"Gates Johnson, And Velez",1
"Gates Lane, And Calhoun",1
"Gates Lopez, And Spencer",1
Gates Ltd,1
"Gates Price, Wheeler And",1
"Gates Robinson Lopez, And",1
"Gates Stuart And Kennedy,",1
"Gates Underwood, Coleman And",1
"Gates, Cunningham Rubio And",1
"Gates, Hall And Anderson",1
"Gates, Jenkins Johnston And",1
Gates-Austin,1
Gates-Cannon,1
Gates-Hill,1
Gates-Kramer,1
Gates-Lin,1
Gates-Lopez,1
Gates-Monroe,1
Gates-Stewart,1
Gay Inc,1
Gay-Jefferson,1
Gay-Johnson,1
"Gentry Cummings, Taylor And",1
Gentry Inc,1
"Gentry King, Moses And",1
Gentry Ltd,1
"Gentry, Taylor Nash And",1
Gentry-Dyer,1
Gentry-Jones,1
Gentry-Martin,1
Gentry-Snyder,1
Gentry-Thompson,1
Gentry-Walker,1
"George And Alvarez Hayes,",1
"George And Rodriguez Ballard,",1
George And Sons,1
"George Cole, Graham And",1
George Group,1
"George Hebert And Mitchell,",1
"George Henry Kelly, And",1
"George Jones, And Walters",1
"George Leach, Macdonald And",1
George Ltd,1
"George Moss Lopez, And",1
"George Robinson, Ferguson And",1
"George Salazar Walker, And",1
"George Vasquez, Russell And",1
"George Ward, And Clark",1
"George Watson Vazquez, And",1
"George, Leach Duncan And",1
George-Bishop,1
George-Brown,1
George-Chapman,1
George-Gonzalez,1
George-Hill,1
George-Lee,1
George-Moran,1
George-Parrish,1
George-Peck,1
George-Powell,1
George-Rosales,1
George-Vega,1
George-Walker,1
"Gibbs And Gutierrez, Cook",1
"Gibbs Castillo, And Ward",1
Gibbs Ltd,1
Gibbs Sons And,1
"Gibbs Ward And Ruiz,",1
"Gibbs, And Rodriguez Koch",1
"Gibbs, And Thomas Clark",1
"Gibbs, Evans Mack And",1
Gibbs-Alvarez,1
Gibbs-Bowman,1
Gibbs-Boyer,1
Gibbs-Brown,1
Gibbs-Holder,1
Gibbs-Johnson,1
Gibbs-Pena,1
Gibbs-Smith,1
Gibbs-Spencer,1
"Gibson And Cameron Mckee,",1
"Gibson And Kim, Bell",1
"Gibson And Palmer Garcia,",1
"Gibson Clarke, And Knox",1
"Gibson Horne Alexander, And",1
Gibson Inc,1
"Gibson Marquez Andrews, And",1
"Gibson Roberson, And Jimenez",1
"Gibson, And Joseph Kennedy",1
"Gibson, Hanson And Foster",1
"Gibson, Hendricks And Smith",1
"Gibson, Jimenez Brown And",1
"Gibson, Pearson And Pena",1
Gibson-Allen,1
Gibson-Alvarez,1
Gibson-Banks,1
Gibson-Butler,1
Gibson-Chen,1
Gibson-Graham,1
Gibson-Harrell,1
Gibson-Hayden,1
Gibson-Howard,1
Gibson-Jones,1
Gibson-Lucas,1
Gibson-Meyer,1
Gibson-Mitchell,1
Gibson-Osborne,1
Gibson-Perry,1
Gibson-Russell,1
Gibson-Sullivan,1
Gibson-Thompson,1
Gibson-Wagner,1
Gibson-Wallace,1
Gibson-Weber,1
Gibson-Williams,1
"Gilbert Allen, Stone And",1
"Gilbert And Downs, Henderson",1
"Gilbert And Miller Moore,",1
"Gilbert And Miller Neal,",1
"Gilbert Copeland And Lee,",1
"Gilbert Garrett, And Harmon",1
Gilbert Inc,1
Gilbert Llc,1
"Gilbert Parker, And Lucas",1
Gilbert Plc,1
"Gilbert Robinson And Moore,",1
"Gilbert Shannon, Smith And",1
"Gilbert Smith Williams, And",1
"Gilbert, Brooks Peterson And",1
"Gilbert, Morgan And Bowman",1
"Gilbert, Savage Mays And",1
"Gilbert, Williams Ali And",1
Gilbert-Adams,1
Gilbert-Castaneda,1
Gilbert-Cross,1
Gilbert-Daniel,1
Gilbert-Davis,1
Gilbert-Evans,1
Gilbert-Garcia,1
Gilbert-Graham,1
Gilbert-Hall,1
Gilbert-Harmon,1
Gilbert-Jones,1
Gilbert-Jordan,1
Gilbert-King,1
Gilbert-Martinez,1
Gilbert-Miller,1
Gilbert-Morales,1
Gilbert-Salinas,1
Gilbert-Simmons,1
Gilbert-Singleton,1
"Giles And Barnett Ortiz,",1
"Giles And Morton Reyes,",1
"Giles And Ortega, Bowen",1
Giles And Sons,1
Giles Llc,1
"Giles, Thomas And Salas",1
Giles-Burke,1
Giles-Cannon,1
Giles-Cortez,1
Giles-Gonzalez,1
Giles-Miller,1
Giles-Smith,1
Giles-Taylor,1
Giles-Wilson,1
"Gill And Cook, Rowe",1
"Gill And Hanson Barrett,",1
"Gill And Mckinney Garcia,",1
"Gill Jackson And Mccoy,",1
"Gill Roberson And Davis,",1
"Gill Wilson Conley, And",1
"Gill, And Casey Martinez",1
"Gill, Jones Hill And",1
Gill-Andrews,1
Gill-Franklin,1
Gill-Fuller,1
Gill-Harris,1
Gill-Hernandez,1
Gill-Holmes,1
Gill-Hurley,1
Gill-Lawrence,1
Gill-Munoz,1
Gill-Peterson,1
Gill-Rollins,1
Gill-Snyder,1
Gill-Stewart,1
"Gillespie And Cook Hancock,",1
"Gillespie, Gonzales And Blake",1
Gillespie-Edwards,1
Gillespie-Escobar,1
Gillespie-Lowe,1
Gillespie-Mason,1
Gillespie-Reed,1
Gillespie-Rogers,1
Gillespie-Scott,1
Gillespie-Zimmerman,1
"Gilmore And Brown Meyer,",1
"Gilmore And Hernandez, Potter",1
"Gilmore And Ross Wheeler,",1
Gilmore Llc,1
"Gilmore, Miller And Evans",1
Gilmore-Graham,1
Gilmore-Lane,1
Gilmore-Mills,1
Gilmore-Morrow,1
Gilmore-Richard,1
Gilmore-Tyler,1
Gilmore-Washington,1
Gilmore-Wilkins,1
Gilmore-Wright,1
"Glass And Brown, Morgan",1
Glass Group,1
Glass Inc,1
"Glass Jackson And Santos,",1
"Glass Johnson And Perez,",1
Glass Llc,1
"Glass Sandoval, And Dixon",1
Glass Sons And,1
"Glass Whitney Baker, And",1
"Glass, And Clark Martinez",1
"Glass, Dalton Noble And",1
Glass-Baker,1
Glass-Jones,1
Glass-Miller,1
Glass-Taylor,1
Glass-Williams,1
"Glenn Duran Kelly, And",1
"Glenn Kelly And Rodriguez,",1
Glenn Ltd,1
"Glenn, And Miller Bean",1
"Glenn, Graham And Wallace",1
Glenn-Gill,1
Glenn-Kim,1
Glenn-Lane,1
Glenn-Mckenzie,1
Glenn-Powers,1
Glenn-Simmons,1
"Glover And Bradford Briggs,",1
"Glover And Fitzpatrick Clayton,",1
"Glover And Lopez, Page",1
"Glover And Marshall Carpenter,",1
"Glover And Oneill Miller,",1
Glover Inc,1
Glover Ltd,1
"Glover Mitchell And Bell,",1
"Glover Murray And Hansen,",1
"Glover Richardson, And Cochran",1
"Glover, And Garcia Walton",1
"Glover, And Lewis Wong",1
Glover-Ali,1
Glover-Ball,1
Glover-Bass,1
Glover-Browning,1
Glover-Gill,1
Glover-Marshall,1
Glover-Mcgee,1
Glover-Pacheco,1
Glover-Riley,1
Glover-Rogers,1
Glover-Sawyer,1
Glover-Thomas,1
Glover-Wilson,1
"Golden And Davis Gibson,",1
Golden Llc,1
"Golden Lopez, Powell And",1
"Golden Quinn Johnson, And",1
"Golden, And Jackson Franklin",1
"Golden, And Jackson Taylor",1
"Golden, And Morgan Green",1
"Golden, Phillips And Obrien",1
Golden-Cooper,1
Golden-Fox,1
Golden-Harvey,1
Golden-Kidd,1
Golden-Phillips,1
Golden-Powell,1
Golden-Simpson,1
"Gomez And Espinoza, Wilson",1
"Gomez And Garrison Sims,",1
"Gomez And Gonzales, Patel",1
"Gomez And Harris Henry,",1
"Gomez And Holden, Jefferson",1
"Gomez And Norris Holloway,",1
"Gomez And Rose, Hogan",1
Gomez And Sons,1
"Gomez Bell, And Wells",1
"Gomez Bryant, And Murphy",1
"Gomez Conrad, And Harvey",1
"Gomez Dillon Knight, And",1
"Gomez Flores, Lee And",1
"Gomez Garcia, And Davis",1
"Gomez Gilmore, And Lozano",1
"Gomez Holder, And Freeman",1
"Gomez Holt, Carey And",1
"Gomez Padilla And Hall,",1
"Gomez Ray, And Jones",1
"Gomez Rivera Hale, And",1
"Gomez Ruiz, Cardenas And",1
"Gomez Trevino, Reynolds And",1
"Gomez Turner, And Martinez",1
"Gomez Williams And Morales,",1
"Gomez, And Carpenter Velasquez",1
"Gomez, And Grant Harris",1
"Gomez, And Martin Smith",1
"Gomez, And Monroe Walter",1
"Gomez, Beard Colon And",1
"Gomez, Duncan And Chavez",1
"Gomez, Miller Johnson And",1
"Gomez, Mills Hernandez And",1
"Gomez, Rogers Wells And",1
"Gomez, Tucker Collins And",1
Gomez-Baldwin,1
Gomez-Barker,1
Gomez-Barrett,1
Gomez-Berry,1
Gomez-Bradshaw,1
Gomez-Browning,1
Gomez-Chapman,1
Gomez-Conway,1
Gomez-Cook,1
Gomez-Cox,1
Gomez-Curry,1
Gomez-Dixon,1
Gomez-Elliott,1
Gomez-Ellis,1
Gomez-Espinoza,1
Gomez-Farmer,1
Gomez-Gibson,1
Gomez-Gilbert,1
Gomez-Haynes,1
Gomez-Hernandez,1
Gomez-Jones,1
Gomez-Khan,1
Gomez-Lee,1
Gomez-Lyons,1
Gomez-Murphy,1
Gomez-Olson,1
Gomez-Peters,1
Gomez-Phillips,1
Gomez-Robbins,1
Gomez-Rodriguez,1
Gomez-Roman,1
Gomez-Sampson,1
Gomez-Santiago,1
Gomez-Silva,1
Gomez-Smith,1
Gomez-Snyder,1
Gomez-Taylor,1
Gomez-Thomas,1
Gomez-Velez,1
Gomez-Welch,1
Gomez-Whitaker,1
"Gonzales And Franklin, Zimmerman",1
"Gonzales And Huff Young,",1
"Gonzales And Robinson, Thompson",1
"Gonzales And Smith, Sweeney",1
"Gonzales Anderson Rios, And",1
"Gonzales Chen, Anderson And",1
"Gonzales Donaldson And Freeman,",1
"Gonzales Garcia, And Smith",1
"Gonzales Green, Delgado And",1
"Gonzales Montoya, And Diaz",1
Gonzales Plc,1
"Gonzales Robertson, Cruz And",1
"Gonzales Warner Rogers, And",1
"Gonzales, And Melton Ashley",1
"Gonzales, Bailey And Robinson",1
"Gonzales, Davis Anderson And",1
"Gonzales, Ellis Murphy And",1
"Gonzales, Lawson Wagner And",1
"Gonzales, Murillo And Parker",1
"Gonzales, Sharp Hernandez And",1
"Gonzales, Warner And Yoder",1
Gonzales-Aguilar,1
Gonzales-Baldwin,1
Gonzales-Bruce,1
Gonzales-Campbell,1
Gonzales-Chapman,1
Gonzales-Clay,1
Gonzales-Fitzpatrick,1
Gonzales-Haley,1
Gonzales-Harris,1
Gonzales-Hernandez,1
Gonzales-Hubbard,1
Gonzales-Lambert,1
Gonzales-Liu,1
Gonzales-Mathis,1
Gonzales-Morris,1
Gonzales-Patton,1
Gonzales-Ramirez,1
Gonzales-Reilly,1
Gonzales-Rodriguez,1
Gonzales-Snyder,1
Gonzales-Taylor,1
Gonzales-Thomas,1
Gonzales-Wallace,1
Gonzales-Walton,1
Gonzales-Wilkins,1
Gonzales-Wright,1
"Gonzalez And Bennett, Ashley",1
"Gonzalez And Brock, Lambert",1
"Gonzalez And Brown Monroe,",1
"Gonzalez And Huang Bowen,",1
"Gonzalez And Larsen, Bell",1
"Gonzalez And Larson Jenkins,",1
"Gonzalez And Lopez Smith,",1
"Gonzalez And Marks, Lopez",1
"Gonzalez And Mccormick, Andrews",1
"Gonzalez And Meyers, Johnson",1
"Gonzalez And Pearson, Robertson",1
"Gonzalez And Phillips, Adams",1
"Gonzalez And Stevens Ruiz,",1
"Gonzalez And Vega, Lee",1
"Gonzalez And Velasquez Wright,",1
"Gonzalez And Vincent, Powell",1
"Gonzalez And Webb Perez,",1
"Gonzalez And Young Case,",1
"Gonzalez Anderson And Decker,",1
"Gonzalez Anderson Jacobson, And",1
"Gonzalez Berger, And Morris",1
"Gonzalez Burch, And Diaz",1
"Gonzalez Colon And Gomez,",1
"Gonzalez Cooper, Burch And",1
"Gonzalez Crawford Reeves, And",1
"Gonzalez Crawford, Fuller And",1
"Gonzalez Franco, Garza And",1
"Gonzalez Garcia Jones, And",1
"Gonzalez Gonzalez And Martin,",1
"Gonzalez Green Nelson, And",1
"Gonzalez Harris, And Neal",1
"Gonzalez Hernandez And Ramos,",1
"Gonzalez Hudson, Rogers And",1
"Gonzalez Lee Dunn, And",1
"Gonzalez Mason Wilson, And",1
"Gonzalez Mason, And Ramirez",1
"Gonzalez Olson Garcia, And",1
"Gonzalez Ramirez, Johnson And",1
"Gonzalez Raymond And Henry,",1
"Gonzalez Roman, Orozco And",1
"Gonzalez Ross Gonzalez, And",1
"Gonzalez Sanchez Campbell, And",1
"Gonzalez Sims And Logan,",1
"Gonzalez Williams, Sanchez And",1
"Gonzalez Wolf Wall, And",1
"Gonzalez Wong, And Peterson",1
"Gonzalez, And Brown Suarez",1
"Gonzalez, And Cruz Roberts",1
"Gonzalez, And Farrell Clarke",1
"Gonzalez, And Glenn Greene",1
"Gonzalez, And Hughes Roberts",1
"Gonzalez, And Walters White",1
"Gonzalez, Cook Mueller And",1
"Gonzalez, Daniels Hahn And",1
"Gonzalez, James And Davis",1
"Gonzalez, Lambert Anderson And",1
"Gonzalez, Mack And Mejia",1
"Gonzalez, Ochoa Garcia And",1
"Gonzalez, Rodriguez And Jackson",1
"Gonzalez, Sampson And Yates",1
"Gonzalez, Skinner And Gonzalez",1
"Gonzalez, Valdez And Williams",1
"Gonzalez, Ward Hobbs And",1
"Gonzalez, White And Peterson",1
"Gonzalez, White Torres And",1
Gonzalez-Beasley,1
Gonzalez-Bishop,1
Gonzalez-Bright,1
Gonzalez-Buckley,1
Gonzalez-Burch,1
Gonzalez-Carter,1
Gonzalez-Chandler,1
Gonzalez-Chaney,1
Gonzalez-Cherry,1
Gonzalez-Christensen,1
Gonzalez-Cobb,1
Gonzalez-Cole,1
Gonzalez-Cox,1
Gonzalez-Cummings,1
Gonzalez-Diaz,1
Gonzalez-Edwards,1
Gonzalez-Espinoza,1
Gonzalez-Ewing,1
Gonzalez-Fox,1
Gonzalez-Franklin,1
Gonzalez-Garcia,1
Gonzalez-Gardner,1
Gonzalez-Gonzales,1
Gonzalez-Good,1
Gonzalez-Graves,1
Gonzalez-Griffith,1
Gonzalez-Harrison,1
Gonzalez-Herrera,1
Gonzalez-Hill,1
Gonzalez-Hobbs,1
Gonzalez-Jackson,1
Gonzalez-Johnson,1
Gonzalez-Keith,1
Gonzalez-Kim,1
Gonzalez-Lewis,1
Gonzalez-Maldonado,1
Gonzalez-Marks,1
Gonzalez-Martin,1
Gonzalez-Martinez,1
Gonzalez-Mcbride,1
Gonzalez-Mcdonald,1
Gonzalez-Mendoza,1
Gonzalez-Miller,1
Gonzalez-Mitchell,1
Gonzalez-Mora,1
Gonzalez-Morales,1
Gonzalez-Moyer,1
Gonzalez-Orozco,1
Gonzalez-Pacheco,1
Gonzalez-Patel,1
Gonzalez-Price,1
Gonzalez-Quinn,1
Gonzalez-Reed,1
Gonzalez-Roberts,1
Gonzalez-Smith,1
Gonzalez-Sullivan,1
Gonzalez-Taylor,1
Gonzalez-Torres,1
Gonzalez-Tucker,1
Gonzalez-Valdez,1
Gonzalez-Walton,1
Gonzalez-Weber,1
Gonzalez-White,1
Gonzalez-Williamson,1
Gonzalez-Willis,1
Gonzalez-Young,1
"Good And Hamilton Rosales,",1
"Good And Jackson Chang,",1
"Good And Kaufman, Williams",1
"Good And Robertson, Carter",1
Good And Sons,1
"Good Castillo, Trevino And",1
Good Ltd,1
"Good Perez, Anderson And",1
"Good Ross, Carter And",1
Good-Dean,1
Good-Garcia,1
Good-Howard,1
Good-Johnson,1
Good-Martin,1
Good-Sampson,1
"Goodman And Barker Allen,",1
Goodman Group,1
"Goodman Jimenez, Carter And",1
"Goodman Johnson, Gray And",1
"Goodman Maldonado Bauer, And",1
"Goodman Miller And Gonzalez,",1
"Goodman Mullins And Gilmore,",1
"Goodman Thomas, And Peters",1
Goodman-Bryant,1
Goodman-Deleon,1
Goodman-Gonzales,1
Goodman-Griffin,1
Goodman-Hutchinson,1
Goodman-Miller,1
Goodman-Nelson,1
Goodman-Rollins,1
Goodman-Smith,1
Goodman-Williams,1
"Goodwin And White, Smith",1
"Goodwin Austin, Rocha And",1
"Goodwin Baker And Perez,",1
"Goodwin Santana And Munoz,",1
"Goodwin Walker, Gamble And",1
"Goodwin, And Nguyen Lewis",1
"Goodwin, Walker Clark And",1
Goodwin-Clark,1
Goodwin-Gutierrez,1
Goodwin-Hartman,1
Goodwin-Jackson,1
Goodwin-Lam,1
Goodwin-Lawrence,1
Goodwin-Medina,1
Goodwin-Peters,1
Goodwin-Walker,1
Goodwin-Watson,1
"Gordon And Berry Tucker,",1
"Gordon And Berry, Griffith",1
"Gordon And Hopkins Harrington,",1
"Gordon And Newton, Evans",1
"Gordon And Ross, Conway",1
"Gordon And Sampson Gonzalez,",1
"Gordon And Scott Morgan,",1
"Gordon And Smith Garcia,",1
"Gordon And Whitaker Smith,",1
"Gordon Carter, Brown And",1
"Gordon Craig And Garcia,",1
"Gordon Jimenez, Poole And",1
Gordon Ltd,1
"Gordon Sandoval And Schmidt,",1
"Gordon, And Jackson Miller",1
"Gordon, And Johnson Harris",1
"Gordon, Ball And Jackson",1
"Gordon, Burton And Thompson",1
"Gordon, Collins Good And",1
"Gordon, Fox Lane And",1
"Gordon, Reese Cooper And",1
Gordon-Arnold,1
Gordon-Atkins,1
Gordon-Baker,1
Gordon-Campbell,1
Gordon-Colon,1
Gordon-Cooper,1
Gordon-Foster,1
Gordon-Grant,1
Gordon-Hammond,1
Gordon-Haynes,1
Gordon-Hoffman,1
Gordon-Hunt,1
Gordon-Lopez,1
Gordon-Mercer,1
Gordon-Morgan,1
Gordon-Potter,1
Gordon-Powers,1
Gordon-Smith,1
Gordon-Snyder,1
Gordon-Tanner,1
Gordon-Turner,1
Gordon-Washington,1
Gordon-Welch,1
Gould Group,1
"Gould Kelley And Cole,",1
"Gould Smith Phillips, And",1
"Gould, Johnson Smith And",1
"Gould, Moore Jones And",1
Gould-Daniel,1
Gould-Faulkner,1
Gould-Gibbs,1
Gould-Lyons,1
Gould-Montgomery,1
Gould-Pena,1
Gould-Reyes,1
Gould-Wade,1
"Graham And Mason Fisher,",1
"Graham And Nunez Campbell,",1
"Graham And Wheeler, Holt",1
"Graham And White, Smith",1
"Graham And Williams, Gonzales",1
"Graham Anderson, And Johnson",1
"Graham Butler, And Mendoza",1
"Graham Johnston, Shepherd And",1
"Graham Knight, And Griffin",1
"Graham Mitchell And Lewis,",1
"Graham Nelson Shelton, And",1
Graham Sons And,1
"Graham Torres Lopez, And",1
"Graham Williams, Brooks And",1
"Graham Wilson, And King",1
"Graham, And Lee Graves",1
"Graham, Brown And Booker",1
"Graham, Dean Lewis And",1
"Graham, Prince And Ward",1
"Graham, Rice Sellers And",1
"Graham, Taylor And Nelson",1
Graham-Barnett,1
Graham-Carroll,1
Graham-Clark,1
Graham-Conrad,1
Graham-Cunningham,1
Graham-Douglas,1
Graham-Ewing,1
Graham-Fisher,1
Graham-Fleming,1
Graham-Gonzalez,1
Graham-Harris,1
Graham-Hines,1
Graham-Hurst,1
Graham-Lee,1
Graham-Lopez,1
Graham-Lynch,1
Graham-Maddox,1
Graham-Martinez,1
Graham-Myers,1
Graham-Parsons,1
Graham-Richardson,1
Graham-Shepherd,1
Graham-Simon,1
Graham-Williams,1
Graham-Willis,1
Graham-Woodard,1
"Grant And Wilson Rivera,",1
"Grant Bailey, Andrade And",1
"Grant Cox Dixon, And",1
"Grant Gonzales And Bell,",1
"Grant Jackson Jenkins, And",1
"Grant Jensen, James And",1
Grant Llc,1
Grant Ltd,1
"Grant Mitchell, And Bonilla",1
"Grant Walker, Holland And",1
"Grant, And Wood Larsen",1
"Grant, Barnes Cameron And",1
"Grant, Hughes Howard And",1
"Grant, Leon And Potter",1
"Grant, Palmer And Carter",1
"Grant, Thomas And Miller",1
Grant-Brown,1
Grant-Espinoza,1
Grant-Green,1
Grant-Hall,1
Grant-Hill,1
Grant-Kaiser,1
Grant-Marsh,1
Grant-Moore,1
Grant-Rodriguez,1
Grant-Valencia,1
Grant-Waters,1
Grant-Weber,1
Grant-Wiggins,1
"Graves And Christensen Bautista,",1
"Graves And Collins Ortiz,",1
"Graves And Lyons, Peterson",1
"Graves And Mcclure Obrien,",1
Graves And Sons,1
"Graves Cameron And Finley,",1
"Graves Glass Robinson, And",1
"Graves Jones And Cruz,",1
"Graves, And Morales Berger",1
"Graves, Davis And Jefferson",1
"Graves, Turner Lawson And",1
"Graves, Whitehead Weeks And",1
Graves-Buchanan,1
Graves-Burgess,1
Graves-Cantu,1
Graves-Dawson,1
Graves-Freeman,1
Graves-Lewis,1
Graves-Mckee,1
Graves-Nelson,1
Graves-Parker,1
Graves-Pugh,1
Graves-Reyes,1
Graves-Shaffer,1
Graves-Zhang,1
"Gray And Acosta Trevino,",1
"Gray And Allison Wiley,",1
"Gray And Castro Huff,",1
"Gray And Delgado, Moore",1
"Gray And Harris, Oneal",1
"Gray And Hernandez, Garcia",1
"Gray And Holland, Pierce",1
"Gray And Marshall Morris,",1
"Gray And Murphy, Gray",1
"Gray And Simmons, Hunt",1
"Gray And Simpson Riley,",1
"Gray Booker And King,",1
"Gray Contreras, And Henderson",1
"Gray Cruz White, And",1
Gray Group,1
"Gray Guerrero And Robinson,",1
"Gray Hodges And Rodriguez,",1
"Gray Holt, Young And",1
Gray Inc,1
"Gray Jimenez, And Roberts",1
Gray Ltd,1
"Gray Marquez Rogers, And",1
"Gray Reyes, And Duran",1
"Gray Rivera, Moore And",1
"Gray Russo, Williams And",1
"Gray Sampson Pierce, And",1
"Gray Snyder And Perez,",1
Gray Sons And,1
"Gray Tran, And Nelson",1
"Gray Trujillo, And Rasmussen",1
"Gray Turner And Cunningham,",1
"Gray, And Carr Martin",1
"Gray, And Cross Norman",1
"Gray, And Jones Cox",1
"Gray, And May Hernandez",1
"Gray, And Thomas Lewis",1
"Gray, Hensley And Hanson",1
"Gray, Potter Stephenson And",1
"Gray, Randall And Morton",1
"Gray, Sanchez Perez And",1
Gray-Barr,1
Gray-Black,1
Gray-Bond,1
Gray-Carroll,1
Gray-Garcia,1
Gray-Green,1
Gray-Griffith,1
Gray-Hernandez,1
Gray-Howell,1
Gray-Humphrey,1
Gray-Johnson,1
Gray-Jones,1
Gray-Joyce,1
Gray-King,1
Gray-Lee,1
Gray-Marquez,1
Gray-Mckinney,1
Gray-Norman,1
Gray-Parks,1
Gray-Rios,1
Gray-Rosales,1
Gray-Rose,1
Gray-Sanchez,1
Gray-Sanders,1
Gray-Sims,1
Gray-Smith,1
Gray-Solomon,1
Gray-Yoder,1
"Green And Anderson, Ho",1
"Green And Baldwin, Norton",1
"Green And Collins, Jones",1
"Green And Gaines Thompson,",1
"Green And Kelly, Kline",1
"Green And Kim, Anderson",1
"Green And Lee Jackson,",1
"Green And Martin Ellis,",1
"Green And Mcbride, Garza",1
"Green And Ray Allen,",1
"Green And Reed Brown,",1
"Green And Riddle, Powell",1
"Green And Shaffer Mann,",1
Green And Sons,1
"Green And Taylor Harris,",1
"Green Bullock And Jackson,",1
"Green Clements, And Nunez",1
"Green Cooley, And Brown",1
"Green Hayden And Jacobs,",1
"Green Holmes And Morgan,",1
"Green Jenkins Weaver, And",1
"Green Melton, Marquez And",1
"Green Mills, And Mays",1
"Green Nichols, And Jordan",1
"Green Robinson, And Cole",1
"Green Smith, Castillo And",1
"Green Spencer, Garcia And",1
"Green Steele Sims, And",1
"Green Townsend Rose, And",1
"Green, And Bell Silva",1
"Green, And Fischer Davis",1
"Green, And George Jackson",1
"Green, And Howe Medina",1
"Green, And Johnson Patel",1
"Green, And Kelly Schroeder",1
"Green, And Miller Beard",1
"Green, And Perez Huff",1
"Green, And Wong Carter",1
"Green, Baker Flores And",1
"Green, Boyle Martinez And",1
"Green, Donaldson Miller And",1
"Green, Howell And Jordan",1
"Green, Jacobs Hopkins And",1
"Green, Lopez Gonzalez And",1
"Green, Silva Singleton And",1
"Green, Stone And Davila",1
Green-Arnold,1
Green-Barrera,1
Green-Bell,1
Green-Berry,1
Green-Blanchard,1
Green-Carr,1
Green-Castillo,1
Green-Cooper,1
Green-Ellis,1
Green-Fernandez,1
Green-Flores,1
Green-Ford,1
Green-Foster,1
Green-Gomez,1
Green-Haynes,1
Green-Hendrix,1
Green-Hill,1
Green-Houston,1
Green-Irwin,1
Green-Jackson,1
Green-Johnson,1
Green-Jones,1
Green-Keller,1
Green-Leon,1
Green-Lloyd,1
Green-Luna,1
Green-Marshall,1
Green-Mckinney,1
Green-Montgomery,1
Green-Morgan,1
Green-Ortiz,1
Green-Owens,1
Green-Palmer,1
Green-Patterson,1
Green-Perry,1
Green-Reese,1
Green-Riley,1
Green-Robertson,1
Green-Robinson,1
Green-Rodriguez,1
Green-Rogers,1
Green-Shannon,1
Green-Sharp,1
Green-Smith,1
Green-Soto,1
Green-Stewart,1
Green-Sweeney,1
Green-Torres,1
Green-Turner,1
Green-Valenzuela,1
Green-Walker,1
Green-Walters,1
Green-Wells,1
Green-Willis,1
Green-Wilson,1
Green-Winters,1
"Greene And Cantu, Robertson",1
"Greene And Cummings, Jones",1
"Greene And Garcia, Wilson",1
"Greene And Murphy Black,",1
"Greene And Sawyer, Hayes",1
"Greene Collins And Brown,",1
"Greene Davis, And Patterson",1
Greene Inc,1
"Greene Mccarty Daniels, And",1
"Greene Perez, Adams And",1
Greene Plc,1
"Greene Ross, Torres And",1
Greene Sons And,1
"Greene, And Dean Hunter",1
"Greene, Ortiz Berger And",1
"Greene, Sawyer Calhoun And",1
Greene-Adkins,1
Greene-Andrade,1
Greene-Barnett,1
Greene-Cain,1
Greene-Carroll,1
Greene-Christian,1
Greene-Fritz,1
Greene-Garrett,1
Greene-Graham,1
Greene-Huber,1
Greene-Miller,1
Greene-Parsons,1
Greene-Perez,1
Greene-Ramirez,1
Greene-Rodriguez,1
Greene-Shields,1
Greene-Travis,1
Greene-Walker,1
Greene-Ward,1
"Greer Cain And Taylor,",1
Greer Group,1
"Greer Reilly, And Smith",1
"Greer Smith And Mayer,",1
"Greer, And Welch Banks",1
"Greer, Frazier Jimenez And",1
Greer-Bean,1
Greer-Cortez,1
Greer-Graham,1
Greer-Henderson,1
Greer-Mendoza,1
Greer-Rodriguez,1
Greer-Scott,1
Greer-Williams,1
Greer-Young,1
"Gregory Crawford, And Gonzalez",1
"Gregory Evans And Bush,",1
"Gregory Hudson, Romero And",1
"Gregory Johnson And Estrada,",1
Gregory Plc,1
"Gregory Smith And Bush,",1
Gregory Sons And,1
"Gregory, And Christensen Levy",1
"Gregory, And Dunn Grant",1
"Gregory, And Phillips Morales",1
"Gregory, Crawford Butler And",1
"Gregory, Hardin And Clark",1
"Gregory, Mcgee And Sparks",1
"Gregory, Myers And Martin",1
"Gregory, Rosario And Bruce",1
Gregory-Allen,1
Gregory-Chandler,1
Gregory-Church,1
Gregory-Flynn,1
Gregory-Frank,1
Gregory-Hammond,1
Gregory-Jones,1
Gregory-Mcdonald,1
Gregory-Park,1
Gregory-Walker,1
Gregory-Weiss,1
"Griffin And Crawford, Ward",1
"Griffin And Dickerson, Ramos",1
"Griffin And Gregory Jones,",1
"Griffin And Lyons Rivers,",1
"Griffin Bauer Johnson, And",1
"Griffin Carney And Pruitt,",1
"Griffin Carr, And Farmer",1
"Griffin Downs, And Collins",1
"Griffin Espinoza, Berg And",1
"Griffin Santiago Coleman, And",1
"Griffin Schwartz Mills, And",1
"Griffin Soto And Wilkins,",1
"Griffin Walker, Barrera And",1
"Griffin Williams Mckay, And",1
"Griffin Williams, Harding And",1
"Griffin Wilson, Martin And",1
"Griffin, Ali And Mckinney",1
"Griffin, And Dickerson Scott",1
"Griffin, And Harvey Miller",1
"Griffin, And Morales Wyatt",1
"Griffin, And Nguyen Mcknight",1
"Griffin, Bell Salazar And",1
"Griffin, Mcintosh King And",1
"Griffin, Moran And Kirby",1
"Griffin, Reyes And Garcia",1
"Griffin, Williams And Rivera",1
Griffin-Bonilla,1
Griffin-Davis,1
Griffin-Dodson,1
Griffin-Foster,1
Griffin-Gordon,1
Griffin-Hampton,1
Griffin-Hill,1
Griffin-Johnson,1
Griffin-Lewis,1
Griffin-Martin,1
Griffin-Moon,1
Griffin-Moore,1
Griffin-Noble,1
Griffin-Patterson,1
Griffin-Pham,1
Griffin-Sims,1
Griffin-Smith,1
Griffin-Sweeney,1
Griffin-Thomas,1
Griffin-Wall,1
Griffin-Walters,1
"Griffith And Bell Smith,",1
"Griffith Lowery Hardy, And",1
"Griffith Mccullough Mendoza, And",1
Griffith Sons And,1
"Griffith, And Park Johnson",1
"Griffith, And Shepherd Donaldson",1
"Griffith, Serrano Hampton And",1
Griffith-Jones,1
Griffith-Sanders,1
Griffith-Schmidt,1
Griffith-Sherman,1
Griffith-Taylor,1
Griffith-Walton,1
"Grimes And Abbott Pierce,",1
"Grimes And Turner Turner,",1
Grimes Group,1
"Grimes Jones And Swanson,",1
Grimes Ltd,1
"Grimes Romero And Davis,",1
"Grimes Yates Hines, And",1
"Grimes, And Silva Contreras",1
Grimes-Burch,1
Grimes-Carter,1
Grimes-Christian,1
Grimes-Gilbert,1
Grimes-Hernandez,1
Grimes-Jackson,1
Grimes-Mcdaniel,1
Grimes-Nelson,1
Grimes-Pennington,1
Grimes-Ramsey,1
Grimes-Smith,1
Grimes-White,1
"Gross And Church, Werner",1
"Gross And Cunningham, Scott",1
"Gross And Dawson Woodard,",1
"Gross And Meyer, Smith",1
"Gross And Simpson White,",1
"Gross Bell Cross, And",1
"Gross Jackson Finley, And",1
Gross Ltd,1
"Gross Pham Li, And",1
Gross Plc,1
"Gross, Carter Simmons And",1
"Gross, Durham Nash And",1
"Gross, Thompson Smith And",1
Gross-Bailey,1
Gross-Cuevas,1
Gross-Grant,1
Gross-Hall,1
Gross-Harper,1
Gross-Hickman,1
Gross-Odom,1
Gross-Peterson,1
Gross-Reed,1
Gross-Richards,1
Group Abbott,1
Group Acosta,1
Group Aguilar,1
Group Ali,1
Group Andersen,1
Group Andrews,1
Group Anthony,1
Group Arias,1
Group Avila,1
Group Ayala,1
Group Banks,1
Group Barry,1
Group Bartlett,1
Group Barton,1
Group Beasley,1
Group Beck,1
Group Becker,1
Group Bender,1
Group Benson,1
Group Bird,1
Group Bishop,1
Group Blake,1
Group Blanchard,1
Group Blankenship,1
Group Blevins,1
Group Bolton,1
Group Booker,1
Group Booth,1
Group Bowman,1
Group Brennan,1
Group Brock,1
Group Browning,1
Group Bruce,1
Group Buck,1
Group Bullock,1
Group Burton,1
Group Byrd,1
Group Cabrera,1
Group Cain,1
Group Calderon,1
Group Camacho,1
Group Cantrell,1
Group Carpenter,1
Group Carrillo,1
Group Castaneda,1
Group Chan,1
Group Chaney,1
Group Chen,1
Group Cherry,1
Group Christensen,1
Group Christian,1
Group Clarke,1
Group Cobb,1
Group Coffey,1
Group Combs,1
Group Compton,1
Group Conley,1
Group Cooke,1
Group Cordova,1
Group Cox,1
Group Craig,1
Group Crawford,1
Group Crosby,1
Group Cuevas,1
Group Cunningham,1
Group Daniel,1
Group David,1
Group Diaz,1
Group Dodson,1
Group Dominguez,1
Group Dorsey,1
Group Douglas,1
Group Duarte,1
Group Dunlap,1
Group Dunn,1
Group Durham,1
Group Espinoza,1
Group Estrada,1
Group Farley,1
Group Flowers,1
Group Floyd,1
Group Forbes,1
Group Franco,1
Group Frank,1
Group Franklin,1
Group Frederick,1
Group Freeman,1
Group French,1
Group Fuentes,1
Group Fuller,1
Group Gallagher,1
Group Gates,1
Group Gibson,1
Group Gillespie,1
Group Gilmore,1
Group Glass,1
Group Glover,1
Group Gonzales,1
Group Gordon,1
Group Greene,1
Group Greer,1
Group Gregory,1
Group Griffith,1
Group Grimes,1
Group Guerra,1
Group Guerrero,1
Group Haley,1
Group Hampton,1
Group Hancock,1
Group Hanson,1
Group Hardin,1
Group Harrington,1
Group Hartman,1
Group Haynes,1
Group Heath,1
Group Hebert,1
Group Hendricks,1
Group Henson,1
Group Higgins,1
Group Hines,1
Group Hodge,1
Group Holder,1
Group Holland,1
Group Hood,1
Group Hoover,1
Group Horton,1
Group Houston,1
Group Howell,1
Group Huang,1
Group Huerta,1
Group Humphrey,1
Group Jacobson,1
Group Jenkins,1
Group Joseph,1
Group Juarez,1
Group Kane,1
Group Kidd,1
Group Kirby,1
Group Klein,1
Group Knox,1
Group Koch,1
Group Lamb,1
Group Lara,1
Group Larsen,1
Group Lawrence,1
Group Leach,1
Group Levy,1
Group Li,1
Group Love,1
Group Lucas,1
Group Lutz,1
Group Lyons,1
Group Macdonald,1
Group Madden,1
Group Malone,1
Group Marks,1
Group Marsh,1
Group Marshall,1
Group Mata,1
Group Mathews,1
Group Mayo,1
Group Mays,1
Group Mccarthy,1
Group Mcconnell,1
Group Mccormick,1
Group Mcfarland,1
Group Mcintosh,1
Group Mckay,1
Group Mckee,1
Group Mckenzie,1
Group Mckinney,1
Group Mclaughlin,1
Group Mclean,1
Group Mcmillan,1
Group Mcpherson,1
Group Merritt,1
Group Middleton,1
Group Molina,1
Group Moon,1
Group Mora,1
Group Moran,1
Group Moses,1
Group Moss,1
Group Mueller,1
Group Nichols,1
Group Nixon,1
Group Noble,1
Group Norton,1
Group Osborn,1
Group Padilla,1
Group Palmer,1
Group Patel,1
Group Paul,1
Group Payne,1
Group Pearson,1
Group Perez,1
Group Perkins,1
Group Petersen,1
Group Pittman,1
Group Poole,1
Group Pope,1
Group Potts,1
Group Preston,1
Group Rasmussen,1
Group Ray,1
Group Raymond,1
Group Reid,1
Group Reynolds,1
Group Rice,1
Group Richards,1
Group Riley,1
Group Robles,1
Group Rocha,1
Group Rodgers,1
Group Roman,1
Group Rosales,1
Group Rose,1
Group Roth,1
Group Rowland,1
Group Savage,1
Group Sawyer,1
Group Schroeder,1
Group Sellers,1
Group Sharp,1
Group Simon,1
Group Singleton,1
Group Sloan,1
Group Snow,1
Group Solis,1
Group Solomon,1
Group Sparks,1
Group Stafford,1
Group Stout,1
Group Strickland,1
Group Strong,1
Group Summers,1
Group Sutton,1
Group Swanson,1
Group Tanner,1
Group Thornton,1
Group Tyler,1
Group Underwood,1
Group Valencia,1
Group Valenzuela,1
Group Vance,1
Group Vang,1
Group Velazquez,1
Group Villa,1
Group Vincent,1
Group Wade,1
Group Walter,1
Group Walters,1
Group Warren,1
Group Waters,1
Group Watkins,1
Group Weber,1
Group Weeks,1
Group West,1
Group Wheeler,1
Group Whitney,1
Group Wiggins,1
Group Wilkinson,1
Group Williamson,1
Group Wise,1
Group Wong,1
Group Woods,1
Group Woodward,1
Group Yang,1
Group Yoder,1
Group Yu,1
Group Zamora,1
Group Zimmerman,1
"Guerra And Escobar Schultz,",1
"Guerra Obrien And Bentley,",1
Guerra-Clark,1
Guerra-Lozano,1
Guerra-Murphy,1
Guerra-Perry,1
Guerra-Wheeler,1
Guerra-White,1
"Guerrero Carter Smith, And",1
Guerrero Group,1
"Guerrero Jones, Powell And",1
Guerrero Llc,1
"Guerrero Miller And Benitez,",1
"Guerrero Perez And Miller,",1
"Guerrero Roth, Tucker And",1
"Guerrero Ward Lopez, And",1
"Guerrero, And Campbell Conrad",1
"Guerrero, And Chan Wright",1
Guerrero-Aguirre,1
Guerrero-Boone,1
Guerrero-Boyd,1
Guerrero-Cooper,1
Guerrero-Hall,1
Guerrero-Ibarra,1
Guerrero-Johnson,1
Guerrero-Jones,1
Guerrero-Jordan,1
Guerrero-Krause,1
Guerrero-Moore,1
Guerrero-Prince,1
Guerrero-Salazar,1
Guerrero-Simon,1
Guerrero-Smith,1
Guerrero-Sullivan,1
"Gutierrez And Williamson Schmitt,",1
"Gutierrez Bush And Christensen,",1
"Gutierrez Douglas, Conley And",1
"Gutierrez Farmer Leblanc, And",1
"Gutierrez Fuentes Adams, And",1
"Gutierrez Garcia And Garcia,",1
"Gutierrez Hall, Cruz And",1
"Gutierrez King And Sullivan,",1
"Gutierrez Lopez Bennett, And",1
"Gutierrez Navarro, Roman And",1
"Gutierrez Obrien And Hill,",1
"Gutierrez Valentine, And Harmon",1
"Gutierrez Vargas, And Snyder",1
"Gutierrez Watts, Fletcher And",1
"Gutierrez Wolf, And Hopkins",1
"Gutierrez, And Powers Chapman",1
"Gutierrez, And Simpson Brown",1
"Gutierrez, Cook Fritz And",1
"Gutierrez, Gonzalez Fields And",1
"Gutierrez, Martinez And Johnson",1
"Gutierrez, Massey Chaney And",1
"Gutierrez, Mosley Wilson And",1
"Gutierrez, Powell And Nelson",1
"Gutierrez, Rios White And",1
"Gutierrez, Taylor And Mason",1
"Gutierrez, Wilson And Waters",1
Gutierrez-Arroyo,1
Gutierrez-Black,1
Gutierrez-Bray,1
Gutierrez-Campos,1
Gutierrez-Frost,1
Gutierrez-Gonzales,1
Gutierrez-Gonzalez,1
Gutierrez-Gutierrez,1
Gutierrez-Haynes,1
Gutierrez-Johnson,1
Gutierrez-Juarez,1
Gutierrez-Long,1
Gutierrez-Lopez,1
Gutierrez-Macias,1
Gutierrez-Marks,1
Gutierrez-Mcdaniel,1
Gutierrez-Medina,1
Gutierrez-Meyer,1
Gutierrez-Mills,1
Gutierrez-Peterson,1
Gutierrez-Rasmussen,1
Gutierrez-Reese,1
Gutierrez-Roberts,1
Gutierrez-Rodriguez,1
Gutierrez-Smith,1
Gutierrez-Solis,1
Gutierrez-Turner,1
Gutierrez-Webster,1
"Guzman And Brown King,",1
"Guzman And Young Allison,",1
"Guzman Cherry, Miller And",1
"Guzman Jones And Graves,",1
"Guzman Smith And Price,",1
"Guzman Smith, Smith And",1
"Guzman, And Krause Gray",1
"Guzman, And Wall Wall",1
"Guzman, Schneider Price And",1
Guzman-Brown,1
Guzman-Buckley,1
Guzman-Carlson,1
Guzman-Daniels,1
Guzman-Davidson,1
Guzman-Dunn,1
Guzman-Gomez,1
Guzman-Griffin,1
Guzman-Norton,1
Guzman-Oneill,1
Guzman-Parrish,1
Guzman-Stanton,1
Guzman-Vega,1
Guzman-Whitaker,1
Guzman-White,1
Guzman-Williams,1
Guzman-Wolfe,1
Guzman-Young,1
"Haas And Ho Riley,",1
Haas And Sons,1
"Haas Barber Hoffman, And",1
Haas Inc,1
"Haas Jenkins Perry, And",1
"Haas Thomas And Payne,",1
"Haas, Barr And Russell",1
Haas-Garner,1
Haas-Holmes,1
Haas-Jimenez,1
Haas-Lopez,1
Haas-Mata,1
Haas-Pollard,1
Haas-Shaw,1
"Hahn Gonzalez, Smith And",1
Hahn Inc,1
Hahn Llc,1
Hahn Plc,1
"Hahn Simpson, Young And",1
Hahn-Rollins,1
Hahn-Roy,1
Hahn-Wilson,1
"Hale And Barry, Smith",1
"Hale And Martinez Thomas,",1
"Hale And Robinson Hudson,",1
"Hale Garcia And Smith,",1
"Hale Garner, Schultz And",1
Hale Llc,1
"Hale Meyer, Smith And",1
"Hale Nelson, And Stevens",1
"Hale, And Jones Perez",1
"Hale, And Owens Reed",1
"Hale, Jones And Hogan",1
"Hale, Lowe Gates And",1
Hale-Anderson,1
Hale-Ayers,1
Hale-Barrett,1
Hale-Brown,1
Hale-Franklin,1
Hale-Hines,1
Hale-Johnson,1
Hale-Livingston,1
Hale-Mullins,1
Hale-Perry,1
Hale-Sherman,1
Hale-Vega,1
"Haley Bates Curtis, And",1
"Haley Davis And Morris,",1
Haley Llc,1
"Haley Orozco, Mcpherson And",1
"Haley, And Gonzalez Ortega",1
"Haley, And Wu Brown",1
Haley-Fisher,1
Haley-Franco,1
Haley-Jones,1
Haley-Mitchell,1
Haley-Porter,1
Haley-Sanders,1
Haley-Wilson,1
"Hall And Adkins, Thomas",1
"Hall And Faulkner Harris,",1
"Hall And Flores, Campbell",1
"Hall And Freeman, Jackson",1
"Hall And Hebert Castillo,",1
"Hall And Hernandez Miller,",1
"Hall And Montgomery King,",1
"Hall And Morgan Erickson,",1
"Hall And Ray, Johnson",1
"Hall And Sheppard, Solis",1
Hall And Sons,1
"Hall And West Rosario,",1
"Hall Becker, Oneill And",1
"Hall Chang And Collins,",1
"Hall Collier, And Bush",1
"Hall Collins, Gay And",1
"Hall Cook, And Smith",1
"Hall Cooke, And Chandler",1
"Hall Davis And Adams,",1
"Hall Davis And Anderson,",1
"Hall Erickson Paul, And",1
"Hall Gonzalez And Duarte,",1
"Hall Hodge And Reynolds,",1
"Hall Jackson, And Sanchez",1
"Hall Johnson And Webster,",1
"Hall Johnson Rodriguez, And",1
"Hall Lee Bailey, And",1
"Hall Lee, Cantu And",1
"Hall Mason And Clark,",1
"Hall Morris And Barrett,",1
"Hall Phillips, And Hurley",1
"Hall Reed And Kaiser,",1
"Hall Roberts And Duarte,",1
"Hall Roberts, Owens And",1
"Hall Skinner, Davis And",1
"Hall Smith Long, And",1
"Hall Stewart, And Walters",1
"Hall Sullivan And Hernandez,",1
"Hall Walker, And Petty",1
"Hall West And Patterson,",1
"Hall Woods And Johnson,",1
"Hall Wright, Smith And",1
"Hall, And Cole Carpenter",1
"Hall, And Fox Nash",1
"Hall, And Howard Stewart",1
"Hall, And Miller Gardner",1
"Hall, Benjamin And Castillo",1
"Hall, Bowers And Mendez",1
"Hall, Brown Black And",1
"Hall, Cameron And Hernandez",1
"Hall, Clark David And",1
"Hall, Dawson Powell And",1
"Hall, Garcia And Watkins",1
"Hall, Gonzalez Wilson And",1
"Hall, Harrison And Graham",1
"Hall, Martinez Holmes And",1
"Hall, Moyer And Pierce",1
"Hall, Nunez Booth And",1
"Hall, Reilly Rogers And",1
"Hall, Rogers And Patton",1
"Hall, Thomas Jones And",1
"Hall, Velez Coffey And",1
"Hall, Williams Powell And",1
Hall-Allen,1
Hall-Bailey,1
Hall-Bentley,1
Hall-Bishop,1
Hall-Brown,1
Hall-Carter,1
Hall-Casey,1
Hall-Chandler,1
Hall-Conner,1
Hall-Cox,1
Hall-Curry,1
Hall-Dunn,1
Hall-Duran,1
Hall-Edwards,1
Hall-Espinoza,1
Hall-Fernandez,1
Hall-Flores,1
Hall-Fritz,1
Hall-Gonzalez,1
Hall-Grant,1
Hall-Griffin,1
Hall-Hamilton,1
Hall-Harris,1
Hall-Houston,1
Hall-Howard,1
Hall-Hughes,1
Hall-Hunt,1
Hall-Jackson,1
Hall-James,1
Hall-Jenkins,1
Hall-Jimenez,1
Hall-Lyons,1
Hall-Mckinney,1
Hall-Medina,1
Hall-Mendoza,1
Hall-Middleton,1
Hall-Ortiz,1
Hall-Patton,1
Hall-Pearson,1
Hall-Perez,1
Hall-Peterson,1
Hall-Randolph,1
Hall-Rodriguez,1
Hall-Rogers,1
Hall-Schneider,1
Hall-Small,1
Hall-Sullivan,1
Hall-Thompson,1
Hall-Valdez,1
Hall-Vargas,1
Hall-Wallace,1
Hall-Woods,1
Hall-Zamora,1
"Hamilton And Hansen Carrillo,",1
"Hamilton And Lee, Russell",1
"Hamilton And Smith, Clements",1
Hamilton And Sons,1
"Hamilton And Thomas Velazquez,",1
"Hamilton Anthony Allen, And",1
"Hamilton Brown And Crane,",1
"Hamilton Ellis, And Williams",1
"Hamilton Hall And Bryan,",1
Hamilton Ltd,1
"Hamilton Martin And Ryan,",1
"Hamilton Martin Werner, And",1
"Hamilton Phillips, And Oneal",1
"Hamilton Rollins, And Soto",1
"Hamilton Smith, Brown And",1
"Hamilton York And Foster,",1
"Hamilton, And Jacobs Turner",1
"Hamilton, Burgess Fowler And",1
"Hamilton, Reeves Morris And",1
"Hamilton, Todd Allen And",1
Hamilton-Barker,1
Hamilton-Bradley,1
Hamilton-Burns,1
Hamilton-Cunningham,1
Hamilton-Dudley,1
Hamilton-Garcia,1
Hamilton-Griffin,1
Hamilton-Hardy,1
Hamilton-Johnson,1
Hamilton-Knight,1
Hamilton-Maddox,1
Hamilton-Miller,1
Hamilton-Petty,1
Hamilton-Rasmussen,1
Hamilton-Russell,1
Hamilton-Sanders,1
Hamilton-Stone,1
Hamilton-Trevino,1
Hamilton-Weber,1
Hamilton-Wright,1
"Hammond And Gill Buchanan,",1
"Hammond And Kelley Williams,",1
"Hammond And Mcgee, Johnson",1
Hammond And Sons,1
"Hammond Kelly, Wise And",1
Hammond Ltd,1
Hammond Plc,1
"Hammond Richardson, And Miller",1
"Hammond Smith And Potter,",1
"Hammond, And Harris Hill",1
"Hammond, And King Hebert",1
"Hammond, Downs And Johnston",1
"Hammond, Shannon Esparza And",1
"Hammond, Sims Mejia And",1
Hammond-Anderson,1
Hammond-Austin,1
Hammond-Barrett,1
Hammond-Buck,1
Hammond-Castillo,1
Hammond-Davis,1
Hammond-Ford,1
Hammond-Rodriguez,1
Hammond-Sherman,1
"Hampton And Bowman, Molina",1
"Hampton Fox And Sanchez,",1
Hampton Group,1
"Hampton Leon And Fernandez,",1
Hampton Ltd,1
"Hampton, And Watson Lowe",1
"Hampton, Henry And Holden",1
"Hampton, Vaughn And Estrada",1
Hampton-Campbell,1
Hampton-Carter,1
Hampton-Collins,1
Hampton-Ellis,1
Hampton-Holmes,1
Hampton-Ingram,1
Hampton-Jennings,1
Hampton-Kennedy,1
Hampton-Long,1
Hampton-Miller,1
Hampton-Mitchell,1
Hampton-Phillips,1
Hampton-Rivera,1
Hampton-Romero,1
Hampton-Sanders,1
Hampton-Taylor,1
Hampton-Thomas,1
Hampton-Walker,1
"Hancock And Barnett, Jones",1
"Hancock And Clark, Johnson",1
"Hancock And Copeland, Gonzalez",1
"Hancock Christensen And Campbell,",1
"Hancock Perez Gill, And",1
Hancock Plc,1
"Hancock Smith, Lawson And",1
Hancock Sons And,1
Hancock-Benson,1
Hancock-Cook,1
Hancock-Galloway,1
Hancock-Hall,1
Hancock-Hernandez,1
Hancock-Lewis,1
Hancock-Rogers,1
Hancock-Williams,1
Haney Inc,1
"Haney, And Diaz Watson",1
Haney-Boyd,1
Haney-Jones,1
Haney-Marshall,1
Haney-Moore,1
Haney-Nielsen,1
Haney-Zimmerman,1
"Hanna And Moore, Weiss",1
Hanna Llc,1
"Hanna Sanders, And Reed",1
"Hanna, And Brock Novak",1
Hanna-Bond,1
Hanna-Braun,1
Hanna-Meadows,1
Hanna-Peterson,1
"Hansen And Brown, Patel",1
Hansen And Sons,1
"Hansen And Wells, Silva",1
"Hansen Diaz Cox, And",1
Hansen Inc,1
"Hansen Johnson And Avila,",1
Hansen Llc,1
"Hansen Meyer, And Reed",1
"Hansen Miller And Robertson,",1
"Hansen Smith And Mcdonald,",1
"Hansen Smith Li, And",1
"Hansen Taylor, Bowen And",1
"Hansen Watkins, And Fitzpatrick",1
"Hansen Yoder Wong, And",1
"Hansen, And Acosta Rodriguez",1
"Hansen, And Smith Foster",1
"Hansen, Mendez And Smith",1
"Hansen, Shelton And Le",1
Hansen-Adkins,1
Hansen-Booker,1
Hansen-Calhoun,1
Hansen-Cooper,1
Hansen-Daniel,1
Hansen-Howard,1
Hansen-Lindsey,1
Hansen-Lyons,1
Hansen-Murphy,1
Hansen-Oliver,1
Hansen-Ortega,1
Hansen-Santos,1
Hansen-Simon,1
Hansen-Steele,1
Hansen-Torres,1
Hansen-Travis,1
Hansen-White,1
Hansen-Wright,1
"Hanson And Lawrence Mcintosh,",1
"Hanson And Robinson, Edwards",1
Hanson And Sons,1
"Hanson Harris Long, And",1
"Hanson Hughes, Ferrell And",1
Hanson Plc,1
"Hanson Stevens Richard, And",1
"Hanson, And Buchanan Davis",1
"Hanson, Johnson Gilbert And",1
Hanson-Cochran,1
Hanson-Harris,1
Hanson-Johnson,1
Hanson-Miles,1
Hanson-Perez,1
Hanson-Richardson,1
Hanson-Warner,1
Hardin Group,1
Hardin Plc,1
"Hardin Scott Shannon, And",1
"Hardin Terry, Hunter And",1
"Hardin Wood Holmes, And",1
"Hardin, Baker And Campos",1
"Hardin, Gutierrez Jefferson And",1
Hardin-Bennett,1
Hardin-Horton,1
Hardin-Murphy,1
Hardin-Spencer,1
"Harding And Berry, Taylor",1
"Harding Davis Phillips, And",1
"Harding Jenkins, And Mcneil",1
Harding Llc,1
"Harding Wilkerson Watkins, And",1
Harding-Adams,1
Harding-Bush,1
Harding-Fisher,1
Harding-Friedman,1
Harding-Harrington,1
Harding-Hatfield,1
Harding-Jones,1
Harding-Lindsey,1
Harding-Mcdaniel,1
Harding-Scott,1
Harding-Sullivan,1
"Hardy And Crawford Green,",1
"Hardy And Duke Navarro,",1
"Hardy And Mason, Caldwell",1
"Hardy And Ramsey, Patel",1
"Hardy Brown And Bush,",1
"Hardy Chavez, And Freeman",1
"Hardy Espinoza And Robinson,",1
"Hardy Flynn, And Park",1
Hardy Inc,1
"Hardy Miller, Ward And",1
Hardy Plc,1
"Hardy Rasmussen And Clarke,",1
Hardy Sons And,1
"Hardy, Barker And Payne",1
"Hardy, Kelley And Gonzalez",1
"Hardy, Schaefer And Howard",1
Hardy-Berry,1
Hardy-Burch,1
Hardy-Figueroa,1
Hardy-Gutierrez,1
Hardy-Harrison,1
Hardy-Hayes,1
Hardy-Hoffman,1
Hardy-Lee,1
Hardy-Patel,1
Hardy-Sosa,1
Hardy-Trevino,1
Hardy-Tucker,1
"Harmon And Hall, Smith",1
"Harmon And Henry Edwards,",1
"Harmon And Martinez, Miller",1
"Harmon And Robles, Becker",1
Harmon And Sons,1
"Harmon Harris, And Strickland",1
Harmon Ltd,1
"Harmon Murillo Black, And",1
Harmon Plc,1
"Harmon Thompson, And Combs",1
"Harmon, And Keith Scott",1
"Harmon, And Reed Carpenter",1
"Harmon, Poole Le And",1
"Harmon, Wagner Solis And",1
Harmon-Brock,1
Harmon-Brooks,1
Harmon-Carroll,1
Harmon-Hughes,1
Harmon-Lin,1
Harmon-Martinez,1
Harmon-Stein,1
Harmon-Yoder,1
"Harper And Bennett Ryan,",1
"Harper And Burke, Flores",1
"Harper And Hunt Rose,",1
"Harper And Rojas, Santos",1
"Harper Jackson Jordan, And",1
"Harper Jordan And Thompson,",1
"Harper Miller And Hernandez,",1
"Harper Pope, Clark And",1
"Harper Strong Smith, And",1
"Harper Wagner Turner, And",1
"Harper, And Anderson Haney",1
"Harper, And Hahn Williams",1
"Harper, Barrett Ingram And",1
"Harper, Crawford Pope And",1
"Harper, Dudley And Santos",1
Harper-Cannon,1
Harper-Cherry,1
Harper-Contreras,1
Harper-Garza,1
Harper-Hampton,1
Harper-Hicks,1
Harper-Ho,1
Harper-Howard,1
Harper-Hughes,1
Harper-Johnston,1
Harper-Liu,1
Harper-Odom,1
Harper-Sandoval,1
Harper-Thomas,1
Harper-Trevino,1
Harper-Wilson,1
"Harrell Bright, Smith And",1
Harrell Ltd,1
"Harrell Miller, Marquez And",1
"Harrell Spencer, Jacobson And",1
"Harrell Turner, And Beard",1
"Harrell, Castillo And Randall",1
Harrell-Butler,1
Harrell-Jones,1
Harrell-Mcclure,1
"Harrington And Williams, Mercado",1
"Harrington Carney And Brown,",1
"Harrington Nguyen, And Bass",1
Harrington Plc,1
"Harrington Walker, Rowland And",1
"Harrington, And Owens Preston",1
Harrington-Adams,1
Harrington-Austin,1
Harrington-Hess,1
Harrington-Jackson,1
Harrington-Jacobs,1
Harrington-Marshall,1
Harrington-Meyer,1
Harrington-Perez,1
Harrington-Sandoval,1
Harrington-Schultz,1
Harrington-Silva,1
Harrington-Stevens,1
Harrington-Thomas,1
Harrington-Wright,1
"Harris Aguilar And Ochoa,",1
"Harris And Burns Sanders,",1
"Harris And Chandler Brown,",1
"Harris And Gibson Reynolds,",1
"Harris And Gonzalez, Lopez",1
"Harris And Gray, Camacho",1
"Harris And Greer Novak,",1
"Harris And Gross Carpenter,",1
"Harris And Guerra Case,",1
"Harris And Holland, Vargas",1
"Harris And Murray, Brown",1
"Harris And Owens Long,",1
"Harris And Parker, Welch",1
"Harris And Potter, Vargas",1
"Harris And Smith Austin,",1
"Harris And Thomas Rice,",1
"Harris And Walters, Collins",1
"Harris Brown, And Daniels",1
"Harris Burgess And Rodriguez,",1
"Harris Burton, And Walker",1
"Harris David Reed, And",1
"Harris Garcia And Burch,",1
"Harris Harper And Newman,",1
"Harris Henson And Ellison,",1
"Harris Hull, And Harding",1
"Harris Jackson Pearson, And",1
"Harris Jenkins, And Moreno",1
"Harris Kirk Marshall, And",1
"Harris Lee And Carter,",1
"Harris Olson Russell, And",1
"Harris Ortiz, And Jones",1
"Harris Patel, And Collins",1
"Harris Powell Bennett, And",1
"Harris Richardson Lloyd, And",1
"Harris Sanders, Castillo And",1
"Harris Santana, And Webb",1
"Harris Steele, And Lyons",1
"Harris Watts, Taylor And",1
"Harris Werner And Moore,",1
"Harris Williams Young, And",1
"Harris Wilson, Jacobson And",1
"Harris, And Allen Silva",1
"Harris, And Baldwin Walker",1
"Harris, And Brown Holder",1
"Harris, And Harvey Garcia",1
"Harris, And Hoffman Greene",1
"Harris, And Lane Wagner",1
"Harris, And Rodriguez Chen",1
"Harris, And White Green",1
"Harris, Barber And Brown",1
"Harris, Bautista Callahan And",1
"Harris, Brown Walker And",1
"Harris, Cruz And George",1
"Harris, Frazier And Franklin",1
"Harris, Hernandez And Vazquez",1
"Harris, Kane And Spencer",1
"Harris, Myers And Dunn",1
"Harris, Neal And Aguilar",1
"Harris, Nguyen Alvarez And",1
"Harris, Nguyen Swanson And",1
"Harris, Preston Wagner And",1
"Harris, Reed And Webb",1
"Harris, Roberson And Hudson",1
"Harris, Roberts And Carter",1
"Harris, Scott Spencer And",1
"Harris, Strickland And Hernandez",1
"Harris, Terry Hicks And",1
"Harris, Vazquez And Simpson",1
"Harris, White Benson And",1
"Harris, Willis Davis And",1
"Harris, York And Brown",1
"Harris, Young Harmon And",1
Harris-Adams,1
Harris-Alexander,1
Harris-Austin,1
Harris-Ayers,1
Harris-Bass,1
Harris-Benitez,1
Harris-Bowers,1
Harris-Campbell,1
Harris-Chambers,1
Harris-Coleman,1
Harris-Cooke,1
Harris-Cooper,1
Harris-Crawford,1
Harris-Davidson,1
Harris-Day,1
Harris-Delgado,1
Harris-Dominguez,1
Harris-Dorsey,1
Harris-Doyle,1
Harris-Duncan,1
Harris-Edwards,1
Harris-Ellison,1
Harris-Estrada,1
Harris-Farrell,1
Harris-Ferguson,1
Harris-Flores,1
Harris-Fowler,1
Harris-Freeman,1
Harris-Frye,1
Harris-Galloway,1
Harris-Galvan,1
Harris-Gay,1
Harris-George,1
Harris-Gould,1
Harris-Hall,1
Harris-Hanna,1
Harris-Henry,1
Harris-Hernandez,1
Harris-Hicks,1
Harris-Hooper,1
Harris-Ingram,1
Harris-Jenkins,1
Harris-Johnson,1
Harris-Lewis,1
Harris-Mann,1
Harris-Marshall,1
Harris-Martinez,1
Harris-Melendez,1
Harris-Mendoza,1
Harris-Morgan,1
Harris-Murray,1
Harris-Oconnor,1
Harris-Olson,1
Harris-Ortiz,1
Harris-Owens,1
Harris-Patel,1
Harris-Payne,1
Harris-Peterson,1
Harris-Preston,1
Harris-Richards,1
Harris-Robbins,1
Harris-Rodriguez,1
Harris-Roman,1
Harris-Roy,1
Harris-Santana,1
Harris-Snyder,1
Harris-Stokes,1
Harris-Stout,1
Harris-Taylor,1
Harris-Torres,1
Harris-Tucker,1
Harris-Turner,1
Harris-Vargas,1
Harris-Walker,1
Harris-Wallace,1
Harris-Weaver,1
Harris-West,1
Harris-Whitaker,1
Harris-White,1
Harris-Wilkerson,1
Harris-Wilson,1
"Harrison And Carrillo Herman,",1
"Harrison And Erickson, Barnett",1
"Harrison And Flynn, Barnes",1
"Harrison And Lindsey Gonzales,",1
"Harrison And Torres Howe,",1
"Harrison Bailey, And Mendoza",1
"Harrison Brandt And Levine,",1
"Harrison Bray, And Padilla",1
"Harrison Foster And Daniel,",1
"Harrison Hall And Kirk,",1
Harrison Inc,1
"Harrison Johnson Miller, And",1
"Harrison Lee Hughes, And",1
Harrison Llc,1
"Harrison Martinez, And White",1
"Harrison Rodriguez, And Lopez",1
"Harrison Smith And Chang,",1
Harrison Sons And,1
"Harrison Taylor, Washington And",1
"Harrison Wilson And James,",1
"Harrison, And Mcdonald Vang",1
"Harrison, And Wagner Andersen",1
"Harrison, Coleman Price And",1
"Harrison, Downs Norton And",1
"Harrison, Price Miller And",1
"Harrison, Rhodes And Wade",1
"Harrison, Robinson Miller And",1
"Harrison, Thompson And Mitchell",1
Harrison-Alexander,1
Harrison-Bennett,1
Harrison-Castaneda,1
Harrison-Davis,1
Harrison-Dudley,1
Harrison-Finley,1
Harrison-Gardner,1
Harrison-Holt,1
Harrison-Hughes,1
Harrison-Johnson,1
Harrison-Johnston,1
Harrison-Matthews,1
Harrison-Mclaughlin,1
Harrison-Melendez,1
Harrison-Nielsen,1
Harrison-Ortiz,1
Harrison-Parker,1
Harrison-Robles,1
Harrison-Valenzuela,1
Harrison-Walters,1
Harrison-White,1
Harrison-Wilson,1
"Hart And Johnson, Schmidt",1
"Hart And Reed Gonzalez,",1
"Hart And Winters, Giles",1
"Hart Bell Koch, And",1
"Hart Cannon And Hernandez,",1
"Hart Conrad, And Tanner",1
"Hart Day And Palmer,",1
"Hart Holt, And Brock",1
"Hart Petersen, And Simmons",1
"Hart Rogers Myers, And",1
Hart Sons And,1
"Hart Taylor And Montes,",1
"Hart Wilson Lambert, And",1
"Hart, And Bennett Carroll",1
"Hart, And Gonzalez Short",1
"Hart, Palmer And Poole",1
Hart-Allen,1
Hart-Barron,1
Hart-Brock,1
Hart-Butler,1
Hart-Ferguson,1
Hart-Fowler,1
Hart-Johnson,1
Hart-Jones,1
Hart-Lopez,1
Hart-Lowe,1
Hart-Lucas,1
Hart-Mason,1
Hart-Mueller,1
Hart-Patel,1
Hart-Pena,1
Hart-Scott,1
Hart-Stone,1
Hart-White,1
"Hartman And Larsen, Campos",1
"Hartman And Sanchez, Roberts",1
Hartman Inc,1
"Hartman Johnson Smith, And",1
"Hartman Morgan, Fischer And",1
"Hartman, Page Terry And",1
"Hartman, Shaffer Thomas And",1
"Hartman, Shepherd And Garcia",1
"Hartman, Wilson And Villegas",1
Hartman-Davis,1
Hartman-Deleon,1
Hartman-Erickson,1
Hartman-Ho,1
Hartman-Kemp,1
Hartman-Kim,1
Hartman-Mccoy,1
Hartman-Nguyen,1
Hartman-Rosales,1
Hartman-Schmitt,1
Hartman-Shaw,1
Hartman-Williams,1
Hartman-Wright,1
"Harvey And Allen, Thompson",1
"Harvey And Hughes Logan,",1
"Harvey And Smith, Johnson",1
Harvey And Sons,1
"Harvey And Stewart, Williams",1
"Harvey Cooper, And Smith",1
"Harvey Diaz, Delacruz And",1
"Harvey Reynolds And Wiley,",1
"Harvey, And Kemp Smith",1
"Harvey, Hernandez And Gray",1
"Harvey, Sanders Daniels And",1
Harvey-Alvarez,1
Harvey-Bowen,1
Harvey-Clarke,1
Harvey-Cook,1
Harvey-Gilbert,1
Harvey-Jordan,1
Harvey-Massey,1
Harvey-Moody,1
Harvey-Mullen,1
Harvey-Nichols,1
Harvey-Schmitt,1
Harvey-Sellers,1
Harvey-Strong,1
Harvey-Vaughn,1
Harvey-Wright,1
"Hatfield And Gibson Harris,",1
"Hatfield Ballard, Mcconnell And",1
Hatfield Inc,1
"Hatfield Wong, And Richardson",1
"Hatfield, Shaw And Bruce",1
Hatfield-Cooper,1
Hatfield-Jones,1
Hatfield-Lopez,1
Hatfield-Phillips,1
Hatfield-Simon,1
Hatfield-Weaver,1
Hatfield-Wilson,1
"Hawkins Alvarado Koch, And",1
"Hawkins And Lawson Curry,",1
Hawkins And Sons,1
"Hawkins Bailey Hamilton, And",1
"Hawkins Brown, Meyers And",1
"Hawkins Copeland, And Marshall",1
"Hawkins Davidson Oliver, And",1
"Hawkins Davis, And Perez",1
Hawkins Group,1
"Hawkins Keller And Morris,",1
"Hawkins Pierce Nelson, And",1
Hawkins Plc,1
"Hawkins Short, Johnson And",1
Hawkins Sons And,1
"Hawkins, Copeland Gill And",1
"Hawkins, Davis Anderson And",1
"Hawkins, Drake And Oneill",1
"Hawkins, Tucker Smith And",1
"Hawkins, Wells And Jimenez",1
Hawkins-Campbell,1
Hawkins-Delacruz,1
Hawkins-Harper,1
Hawkins-Humphrey,1
Hawkins-James,1
Hawkins-Jordan,1
Hawkins-Long,1
Hawkins-Morgan,1
Hawkins-Parker,1
Hawkins-Richards,1
Hawkins-Ross,1
Hawkins-Travis,1
Hawkins-Walsh,1
Hawkins-Watkins,1
"Hayden And Miller, Schneider",1
"Hayden Compton And King,",1
Hayden Group,1
"Hayden Navarro Bates, And",1
"Hayden, Taylor Chandler And",1
"Hayden, Zamora Riley And",1
Hayden-Casey,1
Hayden-Day,1
Hayden-Liu,1
Hayden-Romero,1
"Hayes And Evans, Maddox",1
"Hayes And Garcia Cruz,",1
"Hayes And Hanna Hudson,",1
"Hayes And Hill, Harris",1
"Hayes And Miller, Sawyer",1
"Hayes And Ray Taylor,",1
"Hayes And Ruiz, Carroll",1
"Hayes And Stewart, Lane",1
"Hayes And Wilson, Thompson",1
"Hayes Calhoun And Smith,",1
"Hayes Cox Tate, And",1
Hayes Group,1
"Hayes Hurst, King And",1
"Hayes Lane Flores, And",1
"Hayes Mayer, Barrett And",1
"Hayes Owens Jefferson, And",1
"Hayes Robbins And Gallagher,",1
"Hayes Ryan, And Martinez",1
"Hayes Scott, And Adams",1
"Hayes Smith, And Young",1
"Hayes, And Ball Boyer",1
"Hayes, And Black Kelley",1
"Hayes, And Lee Adams",1
"Hayes, Bell And Rollins",1
"Hayes, Russell Garcia And",1
Hayes-Atkinson,1
Hayes-Bass,1
Hayes-Carson,1
Hayes-Chavez,1
Hayes-Curry,1
Hayes-Dalton,1
Hayes-Flores,1
Hayes-Flowers,1
Hayes-Foster,1
Hayes-Gibson,1
Hayes-Harris,1
Hayes-Hart,1
Hayes-Henry,1
Hayes-Hernandez,1
Hayes-Howard,1
Hayes-Ibarra,1
Hayes-James,1
Hayes-Jensen,1
Hayes-Jimenez,1
Hayes-Jones,1
Hayes-Lucas,1
Hayes-Morgan,1
Hayes-Parker,1
Hayes-Ramos,1
Hayes-Rhodes,1
Hayes-Rodriguez,1
Hayes-Simpson,1
Hayes-Taylor,1
Hayes-Thomas,1
Hayes-Vargas,1
Hayes-Wade,1
Hayes-Wagner,1
Hayes-Walker,1
Hayes-Walton,1
Hayes-Yoder,1
"Haynes And Navarro, Jackson",1
Haynes Inc,1
Haynes Llc,1
"Haynes Lopez And Simon,",1
Haynes Ltd,1
"Haynes Miller, And Gray",1
"Haynes Newman, And Zuniga",1
"Haynes, And Perry Rivera",1
"Haynes, Vaughan Foley And",1
Haynes-Daniels,1
Haynes-Dyer,1
Haynes-Garcia,1
Haynes-Jordan,1
Haynes-Montes,1
Haynes-Parker,1
Haynes-Silva,1
Haynes-Thompson,1
Haynes-Vaughn,1
Haynes-York,1
Hays Group,1
Hays Inc,1
Hays Llc,1
"Hays Martinez, Ball And",1
"Hays, Cohen Wilson And",1
"Hays, Robinson Elliott And",1
Hays-Bennett,1
Hays-Ford,1
Hays-Harris,1
Hays-Peters,1
Hays-Wallace,1
"Heath And Hart Pearson,",1
Heath And Sons,1
"Heath And Webb, Turner",1
"Heath Day Aguilar, And",1
"Heath Moore Jones, And",1
Heath Plc,1
Heath Sons And,1
"Heath, And Jones Jacobs",1
"Heath, Rowe Barnes And",1
"Heath, Smith Kennedy And",1
Heath-Brown,1
Heath-Bryant,1
Heath-Callahan,1
Heath-Garcia,1
Heath-Gardner,1
Heath-Gibson,1
Heath-Hicks,1
Heath-Ibarra,1
Heath-Krause,1
Heath-Miller,1
Heath-Wagner,1
"Hebert And Morgan, Wilson",1
Hebert Plc,1
"Hebert, Brown Kim And",1
"Hebert, Weaver Park And",1
Hebert-Evans,1
Hebert-Hoffman,1
Hebert-Kelly,1
Hebert-Manning,1
Hebert-Wells,1
"Henderson And Bernard, Gibson",1
"Henderson And Carlson, Watkins",1
"Henderson And Douglas Carter,",1
"Henderson And Ray, Williams",1
"Henderson And Sanchez, Holland",1
"Henderson And Smith Johnson,",1
"Henderson And White, Hawkins",1
"Henderson Baker And Jones,",1
"Henderson Campbell Sanchez, And",1
"Henderson Carpenter And Barrett,",1
"Henderson Green, Foster And",1
"Henderson Hobbs, And Martin",1
"Henderson Morgan And Garner,",1
"Henderson Ramirez, And Smith",1
Henderson Sons And,1
"Henderson, And Baldwin Nunez",1
"Henderson, And Williams Peterson",1
"Henderson, Lawrence And Gates",1
"Henderson, Rich And Moreno",1
Henderson-Aguilar,1
Henderson-Ashley,1
Henderson-Bernard,1
Henderson-Clark,1
Henderson-Cole,1
Henderson-Cruz,1
Henderson-Cummings,1
Henderson-Garcia,1
Henderson-Hall,1
Henderson-Huber,1
Henderson-Johnson,1
Henderson-Jones,1
Henderson-Kelly,1
Henderson-Lewis,1
Henderson-Moore,1
Henderson-Newton,1
Henderson-Nixon,1
Henderson-Quinn,1
Henderson-Reyes,1
Henderson-Spencer,1
Henderson-Stephens,1
Henderson-Stone,1
Henderson-Taylor,1
Henderson-Vasquez,1
"Hendricks Dickson And Wong,",1
Hendricks Ltd,1
Hendricks Plc,1
"Hendricks, Randolph And Buchanan",1
"Hendricks, Scott Harrington And",1
Hendricks-Cannon,1
Hendricks-Esparza,1
Hendricks-Hart,1
Hendricks-Mccoy,1
Hendricks-Pennington,1
Hendricks-Robinson,1
Hendricks-Smith,1
"Hendrix And Hernandez, Solis",1
Hendrix And Sons,1
"Hendrix Bennett Gentry, And",1
Hendrix Group,1
Hendrix Ltd,1
"Hendrix Walker And Williams,",1
"Hendrix, Roberts And Pitts",1
"Hendrix, Salazar And Martin",1
Hendrix-Black,1
Hendrix-Hobbs,1
Hendrix-Moore,1
"Henry And Ortega Bishop,",1
"Henry And Smith Riley,",1
Henry And Sons,1
"Henry Garcia And Harris,",1
"Henry Gillespie Parker, And",1
Henry Group,1
"Henry Henderson, And Beasley",1
"Henry Kim, Hodge And",1
"Henry Savage, And Cooper",1
"Henry Spence And Faulkner,",1
"Henry Williams And Stone,",1
"Henry, And Carter Dunn",1
"Henry, And Guerrero Johnson",1
"Henry, Buckley And Ferguson",1
"Henry, Cervantes And Garcia",1
"Henry, Hammond And Hunter",1
"Henry, Hardin Rodriguez And",1
"Henry, Mata Harris And",1
"Henry, Mcdonald And Ross",1
Henry-Black,1
Henry-Bradford,1
Henry-Buchanan,1
Henry-Hardin,1
Henry-Ho,1
Henry-Johnson,1
Henry-Moore,1
Henry-Morris,1
Henry-Odom,1
Henry-Osborne,1
Henry-Peterson,1
Henry-Pope,1
Henry-Richardson,1
Henry-Schneider,1
Henry-Scott,1
Henry-Smith,1
Henry-Stevenson,1
Henry-Taylor,1
Henry-Tucker,1
Henry-Wise,1
"Hensley And Johnson Thompson,",1
"Hensley Cohen, And Hill",1
"Hensley Gill And Palmer,",1
Hensley Llc,1
Hensley Ltd,1
"Hensley Richard And Norton,",1
"Hensley Turner And Lin,",1
"Hensley, Mclean And Williams",1
Hensley-Hernandez,1
Hensley-Molina,1
Hensley-Morgan,1
Hensley-Rodriguez,1
Hensley-Sanchez,1
Hensley-Shepard,1
Hensley-Ward,1
Henson Inc,1
"Henson Smith Lester, And",1
"Henson, Bennett And Becker",1
Henson-Gomez,1
Henson-Harmon,1
Henson-Johnson,1
Henson-Montoya,1
Henson-Morris,1
Henson-Paul,1
Henson-Walker,1
"Herman And Jones, Schmidt",1
"Herman Brown, Jacobs And",1
Herman Inc,1
"Herman, And Conley Hood",1
"Herman, Liu And Hill",1
"Herman, Rangel And Charles",1
Herman-Arnold,1
Herman-Barton,1
Herman-Christian,1
Herman-Diaz,1
Herman-Ewing,1
Herman-Griffin,1
Herman-Howell,1
Herman-Miller,1
Herman-Stewart,1
Herman-Wood,1
"Hernandez And Austin Young,",1
"Hernandez And Cruz Murphy,",1
"Hernandez And Delacruz, Kramer",1
"Hernandez And Erickson May,",1
"Hernandez And Gray Bennett,",1
"Hernandez And Lawrence Flores,",1
"Hernandez And Marsh, Kim",1
"Hernandez And Martin Blackwell,",1
"Hernandez And Martinez White,",1
"Hernandez And Nichols Moore,",1
"Hernandez And Oconnor, Morris",1
"Hernandez And Parker Davidson,",1
"Hernandez And Peterson, Palmer",1
"Hernandez And Randolph, Butler",1
"Hernandez And Reid Edwards,",1
"Hernandez And Wilson, Nguyen",1
"Hernandez Anderson Horton, And",1
"Hernandez Anderson Owens, And",1
"Hernandez Anderson, And Rush",1
"Hernandez Bowen, Castillo And",1
"Hernandez Brown, And Norman",1
"Hernandez Carter, And Taylor",1
"Hernandez Clark Durham, And",1
"Hernandez Cox Wallace, And",1
"Hernandez Cruz, Hull And",1
"Hernandez Davis, Vega And",1
"Hernandez Dean, Phillips And",1
"Hernandez Ellis Thomas, And",1
"Hernandez Ford, And Pena",1
"Hernandez Foster, And Martin",1
"Hernandez Glass, And Porter",1
"Hernandez Henderson, And Smith",1
"Hernandez Hernandez And Medina,",1
"Hernandez Johnson, Edwards And",1
"Hernandez Kelly Oneal, And",1
"Hernandez Lewis And Campbell,",1
"Hernandez Montoya, And Escobar",1
"Hernandez Padilla, And Green",1
"Hernandez Randolph And Blair,",1
"Hernandez Richard Simmons, And",1
"Hernandez Rivera And Munoz,",1
"Hernandez Robinson And Washington,",1
"Hernandez Rogers And Vang,",1
"Hernandez Salinas, And Stevenson",1
"Hernandez Sanchez, Thomas And",1
"Hernandez Short Cooper, And",1
"Hernandez Stewart, And Gentry",1
"Hernandez Wheeler And Johnson,",1
"Hernandez Wong Allen, And",1
"Hernandez, Adams Barnett And",1
"Hernandez, And Allen Brewer",1
"Hernandez, And Alvarez George",1
"Hernandez, And Baker Anderson",1
"Hernandez, And Clark Herrera",1
"Hernandez, And Coleman Travis",1
"Hernandez, And Hill Marshall",1
"Hernandez, And Kirby Soto",1
"Hernandez, And Lee Carr",1
"Hernandez, And Lucas Palmer",1
"Hernandez, And Smith Noble",1
"Hernandez, And Taylor Smith",1
"Hernandez, Boyd Williams And",1
"Hernandez, Contreras And Pierce",1
"Hernandez, Flores And Green",1
"Hernandez, Jones Garrett And",1
"Hernandez, Lane Nelson And",1
"Hernandez, Lopez Garrett And",1
"Hernandez, Lynch And Hardy",1
"Hernandez, Mccann And Garcia",1
"Hernandez, Parks And Moore",1
"Hernandez, Perez Acosta And",1
"Hernandez, Pope Garcia And",1
"Hernandez, Rich And Young",1
"Hernandez, Ritter And Huffman",1
"Hernandez, Sanchez Hays And",1
"Hernandez, Santos Mullen And",1
"Hernandez, Singh Meza And",1
"Hernandez, Smith Reed And",1
"Hernandez, Wilson Simmons And",1
Hernandez-Aguilar,1
Hernandez-Armstrong,1
Hernandez-Baker,1
Hernandez-Barrett,1
Hernandez-Benitez,1
Hernandez-Berg,1
Hernandez-Bishop,1
Hernandez-Black,1
Hernandez-Blankenship,1
Hernandez-Bowman,1
Hernandez-Bradley,1
Hernandez-Burke,1
Hernandez-Burns,1
Hernandez-Butler,1
Hernandez-Caldwell,1
Hernandez-Carey,1
Hernandez-Carter,1
Hernandez-Castro,1
Hernandez-Clark,1
Hernandez-Cook,1
Hernandez-Davis,1
Hernandez-Dean,1
Hernandez-Dorsey,1
Hernandez-Edwards,1
Hernandez-Foster,1
Hernandez-Freeman,1
Hernandez-Gaines,1
Hernandez-Gibson,1
Hernandez-Gonzales,1
Hernandez-Gordon,1
Hernandez-Green,1
Hernandez-Gutierrez,1
Hernandez-Hamilton,1
Hernandez-Harrington,1
Hernandez-Hayes,1
Hernandez-Holland,1
Hernandez-Hughes,1
Hernandez-Leonard,1
Hernandez-Lloyd,1
Hernandez-Lopez,1
Hernandez-Martinez,1
Hernandez-May,1
Hernandez-Mccann,1
Hernandez-Mccoy,1
Hernandez-Mccullough,1
Hernandez-Mckenzie,1
Hernandez-Mendoza,1
Hernandez-Moore,1
Hernandez-Morales,1
Hernandez-Morton,1
Hernandez-Murphy,1
Hernandez-Myers,1
Hernandez-Newton,1
Hernandez-Ochoa,1
Hernandez-Ortega,1
Hernandez-Parker,1
Hernandez-Patton,1
Hernandez-Pearson,1
Hernandez-Perez,1
Hernandez-Phillips,1
Hernandez-Potter,1
Hernandez-Prince,1
Hernandez-Ramirez,1
Hernandez-Rhodes,1
Hernandez-Riley,1
Hernandez-Roach,1
Hernandez-Robertson,1
Hernandez-Rodriguez,1
Hernandez-Rubio,1
Hernandez-Santos,1
Hernandez-Scott,1
Hernandez-Sherman,1
Hernandez-Stevens,1
Hernandez-Stewart,1
Hernandez-Todd,1
Hernandez-Torres,1
Hernandez-Valdez,1
Hernandez-Valenzuela,1
Hernandez-Vaughn,1
Hernandez-Villegas,1
Hernandez-Wagner,1
Hernandez-Wall,1
Hernandez-Webster,1
Hernandez-Werner,1
Hernandez-Wood,1
"Herrera And Ayers Miller,",1
"Herrera And Carter Briggs,",1
"Herrera And Gray, Howell",1
"Herrera And Hughes Perkins,",1
"Herrera And Martinez, Mcdonald",1
"Herrera And Morgan, Cook",1
"Herrera And Patterson, Ellis",1
"Herrera And Ward Valenzuela,",1
"Herrera And Young, Valdez",1
"Herrera Garcia Cochran, And",1
"Herrera Nguyen And Smith,",1
"Herrera Owen And Carr,",1
"Herrera Pearson Collins, And",1
"Herrera Tyler, Owens And",1
"Herrera Wall And Morgan,",1
"Herrera White Bryant, And",1
"Herrera, And Bowen Lane",1
"Herrera, And Martinez Hess",1
"Herrera, And Welch Waller",1
"Herrera, Barber Hoover And",1
"Herrera, Hines Kerr And",1
"Herrera, Morton Cruz And",1
"Herrera, Sanchez Griffith And",1
Herrera-Adams,1
Herrera-Alvarado,1
Herrera-Anderson,1
Herrera-Castillo,1
Herrera-Chandler,1
Herrera-Chang,1
Herrera-Dudley,1
Herrera-Freeman,1
Herrera-Gutierrez,1
Herrera-Hall,1
Herrera-Hays,1
Herrera-Hernandez,1
Herrera-Jones,1
Herrera-Lucas,1
Herrera-Malone,1
Herrera-Meadows,1
Herrera-Miranda,1
Herrera-Myers,1
Herrera-Rivera,1
Herrera-Robertson,1
Herrera-Rodriguez,1
Herrera-Sanders,1
Herrera-Shaw,1
Herrera-Smith,1
Herrera-Stewart,1
Herrera-Vance,1
Herrera-Wang,1
"Herring Cruz Taylor, And",1
Herring Ltd,1
"Herring Walker, Richards And",1
"Herring, And Mccullough Trevino",1
Herring-Green,1
Herring-Johnson,1
Herring-Norman,1
Herring-Olson,1
Herring-Peterson,1
Herring-Smith,1
Herring-Watts,1
"Hess And Hamilton Allison,",1
"Hess And Kidd, Ford",1
"Hess And Sexton, Le",1
"Hess Cole, Herring And",1
Hess Group,1
Hess Inc,1
Hess Sons And,1
"Hess White And Drake,",1
"Hess Wilcox, And Richards",1
Hess-Fuller,1
Hess-Gallagher,1
Hess-Garrett,1
Hess-Nichols,1
Hess-Ruiz,1
Hess-Smith,1
Hess-White,1
Hess-Wilson,1
Hester And Sons,1
Hester Group,1
"Hester, Patel And Robinson",1
"Hester, Thomas Richards And",1
Hester-Graham,1
Hester-Larson,1
Hester-Morgan,1
Hester-Roberts,1
Hester-Silva,1
"Hickman And Matthews Wilson,",1
Hickman Group,1
"Hickman Gutierrez, Schultz And",1
Hickman-Briggs,1
Hickman-Jackson,1
Hickman-Myers,1
Hickman-Schmitt,1
Hickman-Snyder,1
"Hicks And Ellison, Harris",1
"Hicks And Lee Price,",1
"Hicks And Powers, Dixon",1
"Hicks Campbell Smith, And",1
"Hicks Flores And Parker,",1
"Hicks Foster, And White",1
Hicks Group,1
"Hicks Hancock, And Williams",1
Hicks Inc,1
"Hicks Kidd And Allen,",1
"Hicks Mccarty Olsen, And",1
"Hicks Mitchell, Chan And",1
"Hicks Moreno Stein, And",1
"Hicks Sanford, And Flores",1
"Hicks, And Harris Manning",1
"Hicks, Brady And Brown",1
"Hicks, Harris And Hicks",1
"Hicks, Knight Gonzalez And",1
"Hicks, Moon And Ayala",1
"Hicks, Perez Watkins And",1
"Hicks, Wilson And Johnson",1
"Hicks, Yates Morris And",1
Hicks-Bennett,1
Hicks-Caldwell,1
Hicks-Carter,1
Hicks-Cervantes,1
Hicks-Dunn,1
Hicks-Frederick,1
Hicks-Freeman,1
Hicks-Garcia,1
Hicks-Garrett,1
Hicks-Harrison,1
Hicks-Hayes,1
Hicks-Kelly,1
Hicks-Krueger,1
Hicks-Myers,1
Hicks-Noble,1
Hicks-Perez,1
Hicks-Phillips,1
Hicks-Porter,1
Hicks-Williamson,1
"Higgins And Baker, Dalton",1
"Higgins And Berry, Boone",1
"Higgins And Garcia Cooper,",1
"Higgins And Lopez, Turner",1
"Higgins And Wells, King",1
"Higgins Cruz Cook, And",1
"Higgins Goodwin Martinez, And",1
Higgins Llc,1
"Higgins Sherman, And Walton",1
"Higgins Singh And Pacheco,",1
"Higgins Thomas, And Esparza",1
"Higgins, And Martinez Stevens",1
"Higgins, And Mccann Odom",1
"Higgins, Wong And Turner",1
Higgins-Barnes,1
Higgins-Evans,1
Higgins-Jenkins,1
Higgins-Miller,1
Higgins-Rivera,1
Higgins-Roberts,1
Higgins-Sosa,1
"Hill Allen, Mitchell And",1
"Hill And Decker Becker,",1
"Hill And Garcia, Rodriguez",1
"Hill And Hill Ellis,",1
"Hill And Larson, Atkinson",1
"Hill And Mcgrath, Larson",1
"Hill And Moore Barr,",1
"Hill And Perez, Chen",1
"Hill And Poole Goodwin,",1
"Hill And Reynolds, Brown",1
"Hill And Smith Sullivan,",1
Hill And Sons,1
"Hill And Walsh, Watkins",1
"Hill Andrews And Mullins,",1
"Hill Anthony Smith, And",1
"Hill Collier And Patton,",1
"Hill Dixon, Henry And",1
"Hill Gonzalez Patterson, And",1
"Hill Hernandez Scott, And",1
"Hill Johnson, Ford And",1
"Hill Johnson, Fuentes And",1
"Hill Kelley, And Dixon",1
"Hill Moore And Valdez,",1
"Hill Rivera, Wilson And",1
"Hill Villanueva, And Fuller",1
"Hill Washington And Jackson,",1
"Hill Yates, And Taylor",1
"Hill, And Lopez Brown",1
"Hill, And Oliver Brown",1
"Hill, And Pope Rodriguez",1
"Hill, Campbell Crawford And",1
"Hill, Davis Rodriguez And",1
"Hill, Fernandez And Sullivan",1
"Hill, Flores And Moreno",1
"Hill, Fox Rosario And",1
"Hill, Griffin Bowers And",1
"Hill, Hancock And Mills",1
"Hill, Krueger And Miller",1
"Hill, Mann Stevens And",1
"Hill, Miller And Brown",1
"Hill, Miller And Castillo",1
"Hill, Murphy And Stewart",1
"Hill, Norris Montgomery And",1
"Hill, Rodriguez Weaver And",1
"Hill, Shannon Robertson And",1
"Hill, Zamora And White",1
Hill-Adams,1
Hill-Aguilar,1
Hill-Ashley,1
Hill-Baker,1
Hill-Barrera,1
Hill-Beasley,1
Hill-Bell,1
Hill-Bennett,1
Hill-Bowman,1
Hill-Caldwell,1
Hill-Chambers,1
Hill-Cox,1
Hill-Duran,1
Hill-Ellis,1
Hill-Espinoza,1
Hill-Ford,1
Hill-Gallagher,1
Hill-Gates,1
Hill-Gibson,1
Hill-Gilbert,1
Hill-Green,1
Hill-Griffin,1
Hill-Guzman,1
Hill-Hensley,1
Hill-Hernandez,1
Hill-Hill,1
Hill-Holden,1
Hill-Hunt,1
Hill-Jordan,1
Hill-Knight,1
Hill-Lee,1
Hill-Mason,1
Hill-Mayo,1
Hill-Miller,1
Hill-Patton,1
Hill-Payne,1
Hill-Perez,1
Hill-Powers,1
Hill-Rivera,1
Hill-Robles,1
Hill-Rogers,1
Hill-Salinas,1
Hill-Sanchez,1
Hill-Schneider,1
Hill-Scott,1
Hill-Smith,1
Hill-Stewart,1
Hill-Taylor,1
Hill-Thomas,1
Hill-Trevino,1
Hill-Velez,1
Hill-Wall,1
Hill-Washington,1
Hill-Watts,1
Hill-Williams,1
Hill-Willis,1
Hill-Wong,1
Hill-Wood,1
Hill-Woods,1
"Hines And Bell Rose,",1
"Hines Barajas And Mitchell,",1
"Hines Elliott, Petty And",1
"Hines Fields, And Lamb",1
"Hines Ho Morton, And",1
"Hines, And Davis Evans",1
"Hines, Barker Martin And",1
"Hines, Guzman Taylor And",1
"Hines, Morris And Martinez",1
Hines-Frazier,1
Hines-Mccann,1
Hines-Stewart,1
"Hinton Blevins And Sutton,",1
"Hinton Chase And Parker,",1
"Hinton Graves Jordan, And",1
"Hinton Hudson, Lopez And",1
"Hinton White And Davis,",1
"Hinton, And Davis Flores",1
"Hinton, Newman Lynch And",1
"Hinton, Watson Hubbard And",1
Hinton-Bridges,1
Hinton-Foster,1
Hinton-Lawrence,1
Hinton-Moore,1
"Ho And Martinez Davis,",1
"Ho And Oneal, Morgan",1
"Ho Brown Perez, And",1
Ho Group,1
"Ho, And Crawford Fitzpatrick",1
"Ho, And Hill Bates",1
"Ho, Bennett And Stein",1
"Ho, Roberson Garcia And",1
Ho-Adams,1
Ho-Bradford,1
Ho-Copeland,1
Ho-Gill,1
Ho-Melendez,1
Ho-Turner,1
"Hobbs Becker Collins, And",1
Hobbs Group,1
Hobbs Inc,1
Hobbs Plc,1
"Hobbs Schneider, And Walter",1
"Hobbs Skinner Watkins, And",1
Hobbs-Carter,1
Hobbs-King,1
Hobbs-Ruiz,1
Hobbs-Sullivan,1
Hobbs-Thompson,1
Hobbs-Wu,1
"Hodge And Jones Johnson,",1
"Hodge And Underwood, Williams",1
Hodge Group,1
Hodge Llc,1
Hodge Ltd,1
"Hodge Stewart, And Williams",1
Hodge-Choi,1
Hodge-Curtis,1
Hodge-Harris,1
Hodge-Ibarra,1
Hodge-Jackson,1
Hodge-Love,1
Hodge-Mitchell,1
Hodge-Morgan,1
Hodge-Paul,1
Hodge-Thomas,1
Hodge-Thompson,1
"Hodges Brown, Munoz And",1
Hodges Inc,1
"Hodges Leach And Palmer,",1
Hodges Llc,1
"Hodges Nguyen, Haynes And",1
"Hodges Olsen, And Stevens",1
"Hodges Smith, Green And",1
"Hodges, And Campbell Johnson",1
"Hodges, Lyons And Mclean",1
"Hodges, Williamson And Gibson",1
Hodges-Bush,1
Hodges-Fowler,1
Hodges-Hopkins,1
Hodges-Kelley,1
Hodges-Lane,1
Hodges-Martinez,1
Hodges-Parker,1
Hodges-Powell,1
Hodges-Rogers,1
Hodges-Ross,1
Hodges-Soto,1
Hodges-Wall,1
"Hoffman And Townsend Erickson,",1
"Hoffman And Woods Leblanc,",1
"Hoffman Blair, And Ramsey",1
"Hoffman Brown And Schmidt,",1
"Hoffman Cox Mcdonald, And",1
"Hoffman Farley, And Rodriguez",1
Hoffman Group,1
"Hoffman Henry, Garcia And",1
Hoffman Inc,1
"Hoffman Johnson, Johnson And",1
"Hoffman Lopez, And Sullivan",1
Hoffman Plc,1
"Hoffman, And Adams Mayo",1
"Hoffman, Carter Pearson And",1
"Hoffman, Ortega Brown And",1
"Hoffman, Sanders Bradford And",1
Hoffman-Allen,1
Hoffman-Delgado,1
Hoffman-Garcia,1
Hoffman-Huber,1
Hoffman-Jacobs,1
Hoffman-Jennings,1
Hoffman-Owen,1
Hoffman-Washington,1
Hoffman-Williams,1
Hoffman-Zavala,1
Hogan Group,1
"Hogan Jones, And Reyes",1
"Hogan Jones, Jenkins And",1
"Hogan Kelley And Frye,",1
Hogan Llc,1
Hogan Ltd,1
"Hogan Malone, And Gray",1
"Hogan, And Wheeler Ray",1
"Hogan, Krueger And Vaughn",1
"Hogan, Ross And Davis",1
"Hogan, Young Holmes And",1
Hogan-Ho,1
Hogan-Huber,1
Hogan-Mclaughlin,1
Hogan-Parker,1
Hogan-Rollins,1
Hogan-Sanders,1
Hogan-Stone,1
"Holden And Wagner, Powell",1
"Holden Combs Jones, And",1
Holden Inc,1
Holden Ltd,1
"Holden Perez, And Carter",1
Holden Plc,1
Holden Sons And,1
"Holden, Collins And Glover",1
Holden-Edwards,1
Holden-Hines,1
Holden-Hubbard,1
Holden-Jimenez,1
Holden-Stewart,1
"Holder And Flores, Francis",1
"Holder And Gray, Garcia",1
"Holder And Jackson Baker,",1
"Holder And Sanchez Torres,",1
Holder Inc,1
"Holder Johnson, Morales And",1
Holder-Griffin,1
Holder-Ward,1
Holder-Watson,1
"Holland And Jackson Johnson,",1
"Holland And Solomon Stuart,",1
Holland And Sons,1
"Holland Brown, And York",1
"Holland Kramer Williams, And",1
"Holland Lopez And Baker,",1
Holland Ltd,1
"Holland Miranda, Medina And",1
"Holland Murphy, Rodriguez And",1
Holland Plc,1
"Holland Porter Thompson, And",1
"Holland, And Davenport Reyes",1
"Holland, Daniels Brennan And",1
"Holland, Johnson Williams And",1
Holland-Adams,1
Holland-Allen,1
Holland-Black,1
Holland-Brown,1
Holland-Daniels,1
Holland-Dickerson,1
Holland-Fisher,1
Holland-Guzman,1
Holland-Jones,1
Holland-Marsh,1
Holland-Martinez,1
Holland-Morse,1
Holland-Myers,1
Holland-Nelson,1
Holland-Peters,1
Holland-Richardson,1
Holland-Roberts,1
Holland-Schmitt,1
Holland-Stevens,1
Holloway Group,1
"Holloway Jackson, Heath And",1
"Holloway, Gonzales Wood And",1
Holloway-Davis,1
Holloway-Donaldson,1
Holloway-Hamilton,1
Holloway-Jimenez,1
Holloway-Marquez,1
Holloway-Mcintyre,1
Holloway-Moore,1
Holloway-Smith,1
"Holmes And Duncan Fernandez,",1
"Holmes And Hall Mcintyre,",1
"Holmes And Howard Castro,",1
"Holmes And Hughes, Phillips",1
"Holmes And Smith Ortiz,",1
"Holmes Contreras Boone, And",1
Holmes Inc,1
"Holmes Jacobs, And Norman",1
"Holmes Johnson, Bishop And",1
Holmes Llc,1
Holmes Ltd,1
Holmes Plc,1
"Holmes Pope, And Morgan",1
"Holmes Reed And Johnson,",1
"Holmes Santos, And Mendez",1
"Holmes Smith, Scott And",1
"Holmes Spencer, And Cook",1
"Holmes Warren, And Barnett",1
"Holmes, And Anderson Watkins",1
"Holmes, And Levine Eaton",1
"Holmes, And Miller Ramirez",1
"Holmes, Davis Thompson And",1
"Holmes, Jones And Hoover",1
"Holmes, Lee Rose And",1
"Holmes, May Garcia And",1
"Holmes, Miller And Vargas",1
"Holmes, Randall And Coffey",1
"Holmes, Sanders Bernard And",1
"Holmes, Vasquez Sanchez And",1
"Holmes, Wood And Hernandez",1
Holmes-Bennett,1
Holmes-Bradley,1
Holmes-Bush,1
Holmes-Castaneda,1
Holmes-Duncan,1
Holmes-Gonzalez,1
Holmes-Greene,1
Holmes-Griffin,1
Holmes-Johnson,1
Holmes-King,1
Holmes-Lambert,1
Holmes-Mitchell,1
Holmes-Peterson,1
Holmes-Rodriguez,1
Holmes-Roman,1
Holmes-Smith,1
Holmes-Stein,1
Holmes-Stevenson,1
Holmes-Torres,1
"Holt And Fernandez, Berry",1
"Holt And Holder, Barnes",1
"Holt And Rosario Gould,",1
"Holt And Schaefer Khan,",1
Holt And Sons,1
"Holt And Ward, Perez",1
"Holt Caldwell Rhodes, And",1
Holt Group,1
Holt Inc,1
"Holt Lopez, And Cantrell",1
"Holt Ochoa, And Rodriguez",1
Holt Plc,1
Holt Sons And,1
"Holt, And Green James",1
"Holt, Cox And Martin",1
"Holt, Hamilton And Luna",1
"Holt, Miller And Wilson",1
Holt-Barnes,1
Holt-Davis,1
Holt-Gonzalez,1
Holt-Hale,1
Holt-Harris,1
Holt-King,1
Holt-Lewis,1
Holt-Meyers,1
Holt-Moore,1
Holt-Rangel,1
Holt-Reese,1
Holt-Strickland,1
Holt-Thomas,1
Holt-Vaughn,1
"Hood And Mcdonald, Ford",1
"Hood Cherry, Kelley And",1
"Hood Davis Lopez, And",1
"Hood Goodwin, Campos And",1
Hood Llc,1
"Hood Padilla And Rhodes,",1
Hood Plc,1
"Hood Russell And Martinez,",1
Hood Sons And,1
"Hood, And Rodriguez Sims",1
"Hood, Powers And Stephenson",1
Hood-Armstrong,1
Hood-Jones,1
Hood-Martin,1
Hood-Morgan,1
Hood-Reed,1
Hood-White,1
"Hooper And Wilson, Bishop",1
"Hooper Jones And Hamilton,",1
Hooper-Cross,1
Hooper-Freeman,1
Hooper-Hess,1
Hooper-Holt,1
Hooper-Murphy,1
Hooper-Norman,1
Hooper-Roy,1
Hooper-Thompson,1
Hooper-Wright,1
"Hoover Gibson And Jones,",1
Hoover Group,1
"Hoover Hayes Mullen, And",1
"Hoover Jimenez, And Smith",1
"Hoover Rodriguez, And Vang",1
"Hoover Shaffer Sloan, And",1
Hoover Sons And,1
"Hoover, Moore Anderson And",1
Hoover-Harmon,1
Hoover-Jones,1
Hoover-Lee,1
Hoover-Martinez,1
Hoover-Rangel,1
"Hopkins And Neal Logan,",1
"Hopkins And Randolph, Mitchell",1
"Hopkins Gates, Howard And",1
"Hopkins Hopkins, And Dominguez",1
"Hopkins Mcgrath, And Kelley",1
"Hopkins Ortega And Walker,",1
"Hopkins Ramirez And Foley,",1
"Hopkins, Bradley Mercado And",1
"Hopkins, Compton Lewis And",1
Hopkins-Aguirre,1
Hopkins-Chavez,1
Hopkins-Dunn,1
Hopkins-Herring,1
Hopkins-Kirk,1
Hopkins-Moran,1
Hopkins-Pacheco,1
"Horn And Ball, Sanders",1
Horn And Sons,1
"Horn And Wilson, Patton",1
"Horn Gardner, And Leonard",1
Horn Plc,1
"Horn, Hall Davis And",1
"Horn, Wright Sanchez And",1
Horn-Alexander,1
Horn-Baker,1
Horn-Macdonald,1
"Horne And Jones Villa,",1
"Horne And Thomas Hubbard,",1
Horne Inc,1
Horne Llc,1
Horne Ltd,1
Horne Sons And,1
"Horne, Butler And Mcgee",1
"Horne, Jones And Nguyen",1
Horne-Swanson,1
Horne-Thomas,1
"Horton Allen, And Warren",1
"Horton And Garcia Hancock,",1
Horton And Sons,1
"Horton And Wright, Hudson",1
"Horton Coleman, Spencer And",1
"Horton Davis, And Alexander",1
"Horton Hester, Kelly And",1
"Horton Jones, And Flowers",1
"Horton Kennedy, Melendez And",1
"Horton Lee And Perry,",1
Horton Llc,1
Horton Ltd,1
"Horton Orozco Kirby, And",1
"Horton Rivera And Doyle,",1
Horton Sons And,1
"Horton, And Miller Baird",1
"Horton, Fox And Walsh",1
"Horton, Gonzalez Duncan And",1
"Horton, Walker And Howell",1
Horton-Barnes,1
Horton-Boone,1
Horton-Brewer,1
Horton-Clay,1
Horton-Collins,1
Horton-Gilbert,1
Horton-Hall,1
Horton-Hampton,1
Horton-Hill,1
Horton-Hines,1
Horton-Holloway,1
Horton-Kane,1
Horton-Lee,1
Horton-Martinez,1
Horton-Massey,1
Horton-Roberts,1
Horton-Simmons,1
Horton-Swanson,1
Horton-Walker,1
"House Baldwin And Cruz,",1
"House Gonzales, Walker And",1
House Ltd,1
"House, And Coffey Davis",1
House-Cox,1
House-Forbes,1
House-Graham,1
House-Ortega,1
House-Payne,1
House-Reed,1
House-Shaw,1
"Houston And Davis, White",1
"Houston And Valencia, Matthews",1
"Houston Fischer Russell, And",1
"Houston Glenn, And Perez",1
Houston Ltd,1
"Houston Mccarthy, Stokes And",1
Houston Plc,1
"Houston Smith Yang, And",1
"Houston, Sherman Rowland And",1
Houston-Andrade,1
Houston-Bell,1
Houston-Chan,1
Houston-Davis,1
Houston-Lin,1
Houston-Newton,1
Houston-Stanley,1
Houston-Thomas,1
Houston-Walsh,1
"Howard And Allen, Gutierrez",1
"Howard And Cannon Hamilton,",1
"Howard And Farmer Rush,",1
"Howard And Hayden, Cruz",1
"Howard And Lee, Harper",1
"Howard And Moore, Blackburn",1
"Howard And Neal Chandler,",1
"Howard And Nunez Lee,",1
"Howard And Potter, Sanford",1
"Howard And Sanders Matthews,",1
"Howard And Simpson, Castillo",1
Howard And Sons,1
"Howard Berry, Warren And",1
"Howard Brown And Peterson,",1
"Howard Duke, And Murray",1
"Howard Gutierrez And Mayer,",1
"Howard Hudson And Hill,",1
"Howard Jackson, And Johnson",1
"Howard Jensen Mcguire, And",1
"Howard Moore And Kennedy,",1
Howard Plc,1
"Howard Ray And Charles,",1
"Howard Rodriguez, Cooper And",1
"Howard, And Allen Daniels",1
"Howard, And Murphy Wagner",1
"Howard, And Young Santana",1
"Howard, Harmon And Morris",1
"Howard, Harris And Holden",1
"Howard, Jensen And Smith",1
"Howard, Obrien And Cannon",1
Howard-Alexander,1
Howard-Andrews,1
Howard-Bates,1
Howard-Brown,1
Howard-Butler,1
Howard-Campbell,1
Howard-Clarke,1
Howard-Davis,1
Howard-Erickson,1
Howard-Flores,1
Howard-Fritz,1
Howard-Garcia,1
Howard-Green,1
Howard-Hernandez,1
Howard-Holloway,1
Howard-Howard,1
Howard-Hurley,1
Howard-Klein,1
Howard-Lopez,1
Howard-Mann,1
Howard-Mays,1
Howard-Mercado,1
Howard-Meyer,1
Howard-Moran,1
Howard-Munoz,1
Howard-Murillo,1
Howard-Pitts,1
Howard-Ramirez,1
Howard-Rosales,1
Howard-Roy,1
Howard-Sanchez,1
Howard-Santos,1
Howard-Schultz,1
Howard-Thompson,1
Howard-Tran,1
Howard-Wells,1
Howard-Woodard,1
"Howe Alvarado, George And",1
"Howe And Duncan, Green",1
"Howe And Murphy, Cox",1
"Howe And Parker Martinez,",1
"Howe And Terrell Roberts,",1
"Howe Anderson And Dunlap,",1
"Howe Collins Phillips, And",1
Howe Group,1
Howe Inc,1
Howe Llc,1
Howe Ltd,1
Howe Plc,1
"Howe Shaw And Peterson,",1
"Howe, And Watson Wilson",1
Howe-Farley,1
Howe-Kelly,1
Howe-Mitchell,1
Howe-Smith,1
"Howell Aguirre, Short And",1
"Howell Chandler And Davis,",1
Howell Ltd,1
Howell Sons And,1
"Howell Thompson, Garza And",1
"Howell, Bennett Mata And",1
"Howell, Cole Diaz And",1
"Howell, Swanson And Lewis",1
"Howell, Young Potts And",1
Howell-Gould,1
Howell-Hays,1
Howell-Humphrey,1
Howell-Johnson,1
Howell-Leon,1
Howell-Mcpherson,1
Howell-Reynolds,1
Howell-Saunders,1
Howell-Woodard,1
"Huang And Kelly Steele,",1
Huang And Sons,1
"Huang And Williams, West",1
"Huang Greene Myers, And",1
"Huang Travis Thomas, And",1
"Huang Valenzuela, And Garcia",1
"Huang, Hicks Calhoun And",1
Huang-Aguilar,1
Huang-Blanchard,1
Huang-Cooper,1
Huang-Levine,1
Huang-Reed,1
"Hubbard And Cook Nelson,",1
"Hubbard And Santos Jordan,",1
"Hubbard Davis, And Stuart",1
"Hubbard Edwards, Romero And",1
Hubbard Ltd,1
"Hubbard Robbins Moore, And",1
"Hubbard, Garza Jordan And",1
"Hubbard, Williams And Snow",1
Hubbard-Carson,1
Hubbard-Gutierrez,1
Hubbard-Lester,1
Hubbard-Robinson,1
Hubbard-Shaw,1
Hubbard-Smith,1
Hubbard-Williams,1
Hubbard-Wood,1
"Huber And Hardin, Walker",1
"Huber And Porter, Page",1
"Huber Gibson And Bowman,",1
"Huber Ramirez Ortega, And",1
"Huber, And Smith Rivera",1
"Huber, Rodriguez Chapman And",1
"Huber, Salazar And Black",1
Huber-Fuller,1
Huber-Gray,1
Huber-Henry,1
Huber-Martin,1
Huber-Tran,1
"Hudson And Hale, Kelly",1
"Hudson And Martin Vasquez,",1
"Hudson And Montgomery Rose,",1
Hudson And Sons,1
"Hudson Bond, Russell And",1
"Hudson Cruz And Rogers,",1
"Hudson Downs And Sutton,",1
"Hudson Harrison, Cooper And",1
"Hudson Monroe And Harris,",1
"Hudson Patterson, Trujillo And",1
"Hudson Reynolds, And Gonzalez",1
"Hudson Summers, And Alvarado",1
"Hudson, Robertson Johnson And",1
"Hudson, Wilson And Johnson",1
Hudson-Arnold,1
Hudson-Ayala,1
Hudson-Barnes,1
Hudson-Barron,1
Hudson-Black,1
Hudson-Carroll,1
Hudson-Carter,1
Hudson-Crane,1
Hudson-Edwards,1
Hudson-Green,1
Hudson-Hunt,1
Hudson-Kelley,1
Hudson-Martin,1
Hudson-Obrien,1
Hudson-Perry,1
Hudson-Rodriguez,1
Hudson-Rojas,1
Hudson-Smith,1
Hudson-Waters,1
Hudson-Williams,1
"Huerta And Barnes Fisher,",1
"Huerta And Boyle, Bush",1
Huerta Group,1
"Huerta Jones, And Reyes",1
Huerta-Bullock,1
Huerta-Cabrera,1
Huerta-Sanchez,1
Huerta-Taylor,1
Huff Group,1
"Huff Lee Peterson, And",1
Huff Ltd,1
"Huff Miller And Thomas,",1
Huff Plc,1
"Huff Smith, Good And",1
"Huff, And Boyd Moore",1
"Huff, And Green Phillips",1
"Huff, Dyer And Johnston",1
"Huff, Mendoza And Smith",1
Huff-Davis,1
Huff-Duran,1
Huff-Graham,1
Huff-Liu,1
Huff-Martinez,1
Huff-Scott,1
Huff-Smith,1
Huff-Snyder,1
"Huffman And Moss, Young",1
"Huffman Hall Orozco, And",1
Huffman Inc,1
"Huffman Lozano, And Mckenzie",1
"Huffman Molina, Garcia And",1
Huffman Plc,1
"Huffman, And Harrell Warren",1
"Huffman, Mendez Thompson And",1
Huffman-Flowers,1
Huffman-Jones,1
Huffman-Marks,1
Huffman-Mooney,1
Huffman-Snyder,1
"Hughes And Butler, Stokes",1
"Hughes And Erickson, Anderson",1
"Hughes And Ramirez, Gordon",1
"Hughes And Wong, Tanner",1
"Hughes Dunn, And Day",1
"Hughes Fry, Villarreal And",1
"Hughes Green, Case And",1
Hughes Group,1
"Hughes Kim And Quinn,",1
"Hughes Livingston, Dorsey And",1
Hughes Sons And,1
"Hughes, And Cunningham Sanchez",1
"Hughes, And Forbes Nolan",1
"Hughes, And Hensley James",1
"Hughes, And Johnson Mooney",1
"Hughes, And Lawson Huynh",1
"Hughes, And Martin Adkins",1
"Hughes, And Quinn Vazquez",1
"Hughes, Kerr Pierce And",1
"Hughes, Miranda Reynolds And",1
Hughes-Allen,1
Hughes-Clarke,1
Hughes-Crawford,1
Hughes-Davis,1
Hughes-Duke,1
Hughes-Edwards,1
Hughes-Estes,1
Hughes-Hanna,1
Hughes-Hart,1
Hughes-Horn,1
Hughes-Houston,1
Hughes-Jackson,1
Hughes-Jones,1
Hughes-Lambert,1
Hughes-Levine,1
Hughes-Mcgrath,1
Hughes-Novak,1
Hughes-Quinn,1
Hughes-Rodriguez,1
Hughes-Salinas,1
Hughes-Sanchez,1
Hughes-Schmidt,1
Hughes-Short,1
Hughes-Taylor,1
Hughes-Watson,1
Hughes-White,1
Hughes-Woods,1
"Hull And Daniels Johnson,",1
"Hull Davidson Garcia, And",1
Hull Ltd,1
Hull Sons And,1
"Hull, And Chapman Jones",1
"Hull, And Davis Marks",1
"Hull, Andrews Gonzalez And",1
"Hull, Yoder And Martinez",1
Hull-Barnett,1
Hull-Contreras,1
Hull-Davis,1
Hull-Murphy,1
Hull-Smith,1
"Humphrey And Browning Fitzgerald,",1
Humphrey Group,1
Humphrey Llc,1
"Humphrey Mckee, Myers And",1
"Humphrey Wise, And Bender",1
"Humphrey, And Chapman Jones",1
"Humphrey, Bailey And Hart",1
Humphrey-Burton,1
Humphrey-Castillo,1
Humphrey-Daniels,1
Humphrey-Davis,1
Humphrey-Glenn,1
Humphrey-Good,1
Humphrey-Harmon,1
Humphrey-Hill,1
Humphrey-Kelly,1
Humphrey-Sanchez,1
Humphrey-Sharp,1
"Hunt And Young Vasquez,",1
"Hunt Cortez Morris, And",1
"Hunt Green And Kim,",1
"Hunt James, Romero And",1
"Hunt Macias, And Garcia",1
"Hunt Martinez, And Edwards",1
"Hunt Morris, Boyle And",1
"Hunt Orozco Murphy, And",1
Hunt Plc,1
"Hunt Rivera, Small And",1
Hunt Sons And,1
"Hunt, And Alvarez Mendoza",1
"Hunt, And Cook Ross",1
"Hunt, And Wagner Moore",1
"Hunt, And Williams Perez",1
"Hunt, Carlson And Cherry",1
"Hunt, Gomez And Black",1
"Hunt, Johnson And Walton",1
"Hunt, Smith And Ruiz",1
"Hunt, Villa Goodman And",1
Hunt-Anderson,1
Hunt-Armstrong,1
Hunt-Ballard,1
Hunt-Bradley,1
Hunt-Brooks,1
Hunt-Brown,1
Hunt-Dillon,1
Hunt-Foster,1
Hunt-Gibbs,1
Hunt-Goodman,1
Hunt-Green,1
Hunt-Henderson,1
Hunt-Herman,1
Hunt-Hooper,1
Hunt-Little,1
Hunt-Malone,1
Hunt-Meyer,1
Hunt-Moore,1
Hunt-Myers,1
Hunt-Norris,1
Hunt-Padilla,1
Hunt-Pierce,1
Hunt-Reid,1
Hunt-Rodriguez,1
Hunt-White,1
"Hunter And James Wilson,",1
"Hunter And Johnson Snow,",1
"Hunter And Jones Evans,",1
"Hunter And Kelly, Silva",1
"Hunter And King Parker,",1
"Hunter And Martin Perkins,",1
"Hunter And Mckenzie, Parsons",1
"Hunter And White, Campos",1
"Hunter Bennett, And Fletcher",1
"Hunter Brennan, And Gardner",1
"Hunter Hooper, And Jones",1
"Hunter Jimenez, Rios And",1
"Hunter Williams, Alexander And",1
"Hunter, And Conley Black",1
"Hunter, Haynes And Terrell",1
"Hunter, Kim Parker And",1
"Hunter, Peterson And Payne",1
Hunter-Bolton,1
Hunter-Carter,1
Hunter-Cooper,1
Hunter-Diaz,1
Hunter-Grant,1
Hunter-Guzman,1
Hunter-Hall,1
Hunter-Harrison,1
Hunter-Harvey,1
Hunter-Hughes,1
Hunter-Kelly,1
Hunter-Lee,1
Hunter-Mccoy,1
Hunter-Mcguire,1
Hunter-Potts,1
Hunter-Ramirez,1
Hunter-Russell,1
Hunter-Schultz,1
Hunter-Scott,1
Hunter-Thompson,1
Hunter-Todd,1
Hunter-Vincent,1
Hunter-Wang,1
Hunter-Watkins,1
"Hurley And Mccoy David,",1
Hurley Llc,1
Hurley Sons And,1
"Hurley Sullivan, Sutton And",1
Hurley-Bradley,1
Hurley-Cooley,1
Hurley-Gill,1
Hurley-Roach,1
Hurley-Simpson,1
Hurley-Taylor,1
Hurley-Webb,1
Hurley-Wilson,1
"Hurst And Davis Sanchez,",1
"Hurst And Hayes, Lozano",1
"Hurst And Schwartz Smith,",1
Hurst Group,1
Hurst Inc,1
"Hurst Warren, And Marsh",1
"Hurst, And Mason Hudson",1
"Hurst, Spencer And Morales",1
"Hurst, Thompson And Walls",1
Hurst-Bailey,1
Hurst-Caldwell,1
Hurst-Conway,1
Hurst-Goodwin,1
Hurst-Lewis,1
Hurst-Morgan,1
Hurst-Ross,1
Hurst-Sanchez,1
Hurst-Skinner,1
Hurst-White,1
"Hutchinson And Armstrong, Weber",1
"Hutchinson And Nelson, Morris",1
"Hutchinson Campbell Andrade, And",1
Hutchinson Inc,1
Hutchinson Llc,1
"Hutchinson Ramirez And Cook,",1
"Hutchinson Smith And Kaufman,",1
Hutchinson Sons And,1
"Hutchinson, Baker Rogers And",1
"Hutchinson, Wilson Daniel And",1
Hutchinson-Graves,1
Hutchinson-Haney,1
Hutchinson-Nguyen,1
Hutchinson-Riley,1
Hutchinson-Thomas,1
"Huynh And Brown, Gonzales",1
"Huynh And Christensen Price,",1
"Huynh Hines, And James",1
Huynh Llc,1
Huynh Plc,1
"Huynh, Edwards Robinson And",1
Huynh-Adams,1
Huynh-Bryant,1
Huynh-Edwards,1
Huynh-Hopkins,1
Huynh-Kelly,1
Huynh-Livingston,1
Huynh-Parker,1
Huynh-White,1
"Ibarra And Mitchell Wilson,",1
"Ibarra And Powers Adams,",1
Ibarra And Sons,1
"Ibarra Hernandez, And Bartlett",1
Ibarra Inc,1
Ibarra Llc,1
Ibarra-Browning,1
Ibarra-Campbell,1
Ibarra-Chaney,1
Ibarra-Garcia,1
Ibarra-Gomez,1
Ibarra-Grant,1
Ibarra-Reed,1
Ibarra-Sellers,1
Inc Aguilar,1
Inc Ali,1
Inc Alvarez,1
Inc Andersen,1
Inc Arellano,1
Inc Avila,1
Inc Ayala,1
Inc Bailey,1
Inc Baldwin,1
Inc Barnett,1
Inc Bartlett,1
Inc Bautista,1
Inc Beasley,1
Inc Becker,1
Inc Beltran,1
Inc Blake,1
Inc Boone,1
Inc Bowman,1
Inc Boyer,1
Inc Boyle,1
Inc Bradford,1
Inc Brandt,1
Inc Bray,1
Inc Brooks,1
Inc Bryan,1
Inc Buchanan,1
Inc Burgess,1
Inc Burnett,1
Inc Bush,1
Inc Byrd,1
Inc Caldwell,1
Inc Cannon,1
Inc Cantu,1
Inc Carey,1
Inc Carlson,1
Inc Carrillo,1
Inc Case,1
Inc Castro,1
Inc Chambers,1
Inc Chan,1
Inc Cherry,1
Inc Christensen,1
Inc Church,1
Inc Cisneros,1
Inc Coffey,1
Inc Coleman,1
Inc Colon,1
Inc Combs,1
Inc Conner,1
Inc Contreras,1
Inc Cooke,1
Inc Cooley,1
Inc Craig,1
Inc Daugherty,1
Inc Davenport,1
Inc Davies,1
Inc Day,1
Inc Dean,1
Inc Deleon,1
Inc Dickson,1
Inc Dillon,1
Inc Dominguez,1
Inc Dorsey,1
Inc Douglas,1
Inc Drake,1
Inc Duarte,1
Inc Duffy,1
Inc Dunn,1
Inc Duran,1
Inc Eaton,1
Inc Erickson,1
Inc Esparza,1
Inc Espinoza,1
Inc Everett,1
Inc Ferrell,1
Inc Finley,1
Inc Fischer,1
Inc Fitzpatrick,1
Inc Floyd,1
Inc Foley,1
Inc Ford,1
Inc Foster,1
Inc Frank,1
Inc French,1
Inc Fry,1
Inc Fuller,1
Inc Gardner,1
Inc Garza,1
Inc Gates,1
Inc Gay,1
Inc Gibbs,1
Inc Giles,1
Inc Graves,1
Inc Greene,1
Inc Gregory,1
Inc Gross,1
Inc Hale,1
Inc Hammond,1
Inc Hanson,1
Inc Harmon,1
Inc Harrell,1
Inc Harvey,1
Inc Hawkins,1
Inc Hendricks,1
Inc Herring,1
Inc Hodges,1
Inc Hoffman,1
Inc Holland,1
Inc Holloway,1
Inc Hooper,1
Inc Horne,1
Inc Howe,1
Inc Huff,1
Inc Hutchinson,1
Inc Ibarra,1
Inc Irwin,1
Inc Jenkins,1
Inc Jennings,1
Inc Johnston,1
Inc Joseph,1
Inc Kelley,1
Inc Kelly,1
Inc Kennedy,1
Inc Khan,1
Inc Kirk,1
Inc Kline,1
Inc Koch,1
Inc Kramer,1
Inc Krueger,1
Inc Lamb,1
Inc Lambert,1
Inc Landry,1
Inc Lane,1
Inc Lang,1
Inc Lara,1
Inc Larson,1
Inc Lawson,1
Inc Leach,1
Inc Leblanc,1
Inc Leon,1
Inc Lester,1
Inc Levine,1
Inc Levy,1
Inc Liu,1
Inc Logan,1
Inc Love,1
Inc Lowe,1
Inc Luna,1
Inc Lyons,1
Inc Mahoney,1
Inc Manning,1
Inc Marquez,1
Inc Mathis,1
Inc Matthews,1
Inc Mays,1
Inc Mccann,1
Inc Mccarthy,1
Inc Mcconnell,1
Inc Mccoy,1
Inc Mcdaniel,1
Inc Mcgee,1
Inc Mcintosh,1
Inc Mcmillan,1
Inc Mcneil,1
Inc Mejia,1
Inc Melendez,1
Inc Mercer,1
Inc Meyers,1
Inc Michael,1
Inc Moody,1
Inc Moon,1
Inc Mooney,1
Inc Mora,1
Inc Moran,1
Inc Morton,1
Inc Moyer,1
Inc Mueller,1
Inc Nash,1
Inc Neal,1
Inc Nielsen,1
Inc Nolan,1
Inc Norman,1
Inc Norton,1
Inc Novak,1
Inc Ochoa,1
Inc Oconnor,1
Inc Ortega,1
Inc Owens,1
Inc Padilla,1
Inc Palmer,1
Inc Park,1
Inc Parks,1
Inc Parsons,1
Inc Patton,1
Inc Paul,1
Inc Payne,1
Inc Peck,1
Inc Peters,1
Inc Pittman,1
Inc Poole,1
Inc Pope,1
Inc Potts,1
Inc Pruitt,1
Inc Pugh,1
Inc Ramos,1
Inc Ramsey,1
Inc Reyes,1
Inc Rhodes,1
Inc Richard,1
Inc Roach,1
Inc Romero,1
Inc Rowland,1
Inc Roy,1
Inc Rubio,1
Inc Russo,1
Inc Salinas,1
Inc Sampson,1
Inc Sanford,1
Inc Santana,1
Inc Saunders,1
Inc Schroeder,1
Inc Serrano,1
Inc Shah,1
Inc Shaw,1
Inc Shields,1
Inc Short,1
Inc Sims,1
Inc Skinner,1
Inc Stafford,1
Inc Stanley,1
Inc Stanton,1
Inc Stark,1
Inc Stein,1
Inc Stokes,1
Inc Stout,1
Inc Summers,1
Inc Sutton,1
Inc Tapia,1
Inc Thornton,1
Inc Travis,1
Inc Trevino,1
Inc Trujillo,1
Inc Underwood,1
Inc Vance,1
Inc Vang,1
Inc Vargas,1
Inc Vazquez,1
Inc Velez,1
Inc Villanueva,1
Inc Villegas,1
Inc Walls,1
Inc Warner,1
Inc Warren,1
Inc Weaver,1
Inc Welch,1
Inc Wiley,1
Inc Wilkerson,1
Inc Wilkins,1
Inc Woodard,1
Inc Wu,1
Inc Yang,1
Inc Yates,1
Inc Yu,1
"Ingram Bailey And Little,",1
"Ingram Beltran, And Poole",1
"Ingram Gutierrez, And Holden",1
"Ingram Howard And Huber,",1
"Ingram Lamb Villegas, And",1
Ingram Ltd,1
"Ingram Patel, And Stephens",1
Ingram Plc,1
Ingram Sons And,1
"Ingram, Reed And Mason",1
"Ingram, Sloan And Mooney",1
Ingram-Benson,1
Ingram-Chandler,1
Ingram-Collins,1
Ingram-Fields,1
Ingram-Gregory,1
Ingram-Hernandez,1
Ingram-Jackson,1
Ingram-Lloyd,1
Ingram-Murphy,1
Ingram-Richardson,1
Ingram-Rosario,1
Irwin Ltd,1
Irwin Plc,1
"Irwin, Cain And Scott",1
Irwin-Howard,1
Irwin-Johnson,1
Irwin-Kaufman,1
Irwin-Medina,1
Irwin-Vaughn,1
"Jackson Abbott, And Padilla",1
"Jackson And Bradley Nelson,",1
"Jackson And Carr, White",1
"Jackson And Coleman, Fowler",1
"Jackson And Davis Reid,",1
"Jackson And Knight Armstrong,",1
"Jackson And Lane, Dillon",1
"Jackson And Nguyen House,",1
"Jackson And Proctor Oneill,",1
"Jackson And Rivera Morris,",1
"Jackson And Walker, Torres",1
"Jackson And Wilson, Harris",1
"Jackson Banks, And Phillips",1
"Jackson Barber, And Ramos",1
"Jackson Brown Hess, And",1
"Jackson Brown Hester, And",1
"Jackson Butler, And Madden",1
"Jackson Carr, Garcia And",1
"Jackson Carrillo, And Sims",1
"Jackson Chapman, And Foster",1
"Jackson Clark, And May",1
"Jackson Cochran, And Crosby",1
"Jackson Collier And Delacruz,",1
"Jackson Collins Thomas, And",1
"Jackson Contreras And Byrd,",1
"Jackson Davis, And Cherry",1
"Jackson Fleming, And Schroeder",1
"Jackson Ford, And Curry",1
"Jackson Gonzales, Giles And",1
"Jackson Hammond And Garcia,",1
"Jackson Harmon And Brewer,",1
"Jackson Harris Lawrence, And",1
"Jackson Hartman Brooks, And",1
"Jackson Hernandez And Wang,",1
"Jackson Jackson Cooley, And",1
"Jackson Kane And Diaz,",1
"Jackson Kim, And Evans",1
"Jackson Long, And Perez",1
"Jackson Matthews, Mcdonald And",1
"Jackson Mccoy, And Beasley",1
"Jackson Moore Fuller, And",1
"Jackson Morgan, Oliver And",1
"Jackson Nelson And Wall,",1
"Jackson Obrien And Scott,",1
"Jackson Parks, And Hickman",1
"Jackson Prince, Burton And",1
"Jackson Ray And Garcia,",1
"Jackson Roberts, And Randolph",1
"Jackson Robinson And Walsh,",1
"Jackson Simmons, And Barnes",1
"Jackson Stewart, Ramos And",1
"Jackson Swanson, And Lopez",1
"Jackson Thompson, And Beck",1
"Jackson Todd And Castro,",1
"Jackson Williams And Johnson,",1
"Jackson, And Anderson Lambert",1
"Jackson, And Barr Moses",1
"Jackson, And Brown Gould",1
"Jackson, And Burns Russell",1
"Jackson, And Carroll Martin",1
"Jackson, And Dorsey Simpson",1
"Jackson, And Fitzgerald Johnson",1
"Jackson, And Lee Bauer",1
"Jackson, And Martin Wright",1
"Jackson, And Mitchell Kemp",1
"Jackson, And Mitchell Moyer",1
"Jackson, And Rose Osborne",1
"Jackson, And Washington Thompson",1
"Jackson, Anderson And Olsen",1
"Jackson, Brock And White",1
"Jackson, Bryant Gallagher And",1
"Jackson, Byrd Wilkerson And",1
"Jackson, Campos Best And",1
"Jackson, Carr And Andrews",1
"Jackson, Craig Johnson And",1
"Jackson, Davis And Johnson",1
"Jackson, Foley And Klein",1
"Jackson, Fowler And Hunt",1
"Jackson, Griffith And Conner",1
"Jackson, Hansen And Greene",1
"Jackson, Harris Vance And",1
"Jackson, Johnson And Gilmore",1
"Jackson, Mccoy Nixon And",1
"Jackson, Meyers And Simpson",1
"Jackson, Morrow And Lewis",1
"Jackson, Newman Adams And",1
"Jackson, Phillips And Dennis",1
"Jackson, Scott And Gonzalez",1
"Jackson, Smith And Green",1
"Jackson, Tate Ayers And",1
Jackson-Acevedo,1
Jackson-Alvarado,1
Jackson-Andersen,1
Jackson-Bell,1
Jackson-Brennan,1
Jackson-Brown,1
Jackson-Burgess,1
Jackson-Burnett,1
Jackson-Burns,1
Jackson-Butler,1
Jackson-Campbell,1
Jackson-Carter,1
Jackson-Collins,1
Jackson-Cooley,1
Jackson-Copeland,1
Jackson-Curry,1
Jackson-Evans,1
Jackson-Fowler,1
Jackson-Fuller,1
Jackson-Garcia,1
Jackson-Garner,1
Jackson-Gates,1
Jackson-Green,1
Jackson-Guerrero,1
Jackson-Hall,1
Jackson-Hamilton,1
Jackson-Hoffman,1
Jackson-Hughes,1
Jackson-Hurley,1
Jackson-Jacobs,1
Jackson-Jenkins,1
Jackson-Jordan,1
Jackson-Kelley,1
Jackson-Kennedy,1
Jackson-Kim,1
Jackson-Leonard,1
Jackson-Little,1
Jackson-Martinez,1
Jackson-Mckinney,1
Jackson-Medina,1
Jackson-Mendez,1
Jackson-Meyer,1
Jackson-Morgan,1
Jackson-Morton,1
Jackson-Nelson,1
Jackson-Nguyen,1
Jackson-Nichols,1
Jackson-Nicholson,1
Jackson-Oconnor,1
Jackson-Orr,1
Jackson-Page,1
Jackson-Patterson,1
Jackson-Phelps,1
Jackson-Rivera,1
Jackson-Robinson,1
Jackson-Rogers,1
Jackson-Ross,1
Jackson-Roy,1
Jackson-Shelton,1
Jackson-Simpson,1
Jackson-Smith,1
Jackson-Thompson,1
Jackson-Vargas,1
Jackson-Vaughn,1
Jackson-Wallace,1
Jackson-Warner,1
Jackson-Webb,1
Jackson-White,1
Jackson-Whitney,1
Jackson-Wilcox,1
Jackson-Williamson,1
Jackson-Wilson,1
"Jacobs And Barron, Medina",1
"Jacobs And Carlson Hernandez,",1
"Jacobs Cooper, And Ayers",1
"Jacobs Johnson, And Brooks",1
"Jacobs Johnson, And Powers",1
Jacobs Ltd,1
"Jacobs Myers, And Freeman",1
"Jacobs Owens Smith, And",1
"Jacobs Pacheco Cunningham, And",1
Jacobs Plc,1
"Jacobs Porter, And Bailey",1
"Jacobs Ramos, Jones And",1
"Jacobs Smith And Holland,",1
"Jacobs, Cook And Moore",1
"Jacobs, Miller Juarez And",1
Jacobs-Alexander,1
Jacobs-Alvarez,1
Jacobs-Benjamin,1
Jacobs-Brooks,1
Jacobs-Brown,1
Jacobs-Dominguez,1
Jacobs-Ford,1
Jacobs-Hansen,1
Jacobs-Howell,1
Jacobs-Johnson,1
Jacobs-Pena,1
Jacobs-Schneider,1
Jacobs-Smith,1
Jacobs-Wheeler,1
Jacobs-Zuniga,1
"Jacobson And Juarez, Galloway",1
"Jacobson Butler, And Garcia",1
Jacobson Llc,1
Jacobson Plc,1
"Jacobson Ruiz, Smith And",1
"Jacobson, Williams And Rivera",1
Jacobson-Butler,1
Jacobson-Hall,1
Jacobson-King,1
Jacobson-Mercer,1
Jacobson-Potter,1
Jacobson-Salazar,1
"James And Barajas, Espinoza",1
"James And Gonzalez Woods,",1
"James And Hernandez, Kennedy",1
"James And Miller Cardenas,",1
"James And Shepherd, Horton",1
"James And Vega, Gilbert",1
"James Ayala, And Smith",1
"James Campbell Avila, And",1
"James Campbell Bauer, And",1
"James Christian, Jones And",1
"James Davis, Ball And",1
"James Harris And Morales,",1
"James King And Daugherty,",1
"James Klein Kramer, And",1
"James Martin Fischer, And",1
"James Russell, And Burke",1
"James Schneider, And Chambers",1
"James Smith Moore, And",1
James Sons And,1
"James Stephens And Mosley,",1
"James Turner, And Yu",1
"James Vasquez Allen, And",1
"James Watson, Ramirez And",1
"James, And Erickson Nelson",1
"James, And Guzman Long",1
"James, And Ryan Leonard",1
"James, And Warren Hernandez",1
"James, Clarke Mcbride And",1
"James, Gates Richardson And",1
"James, Huber And Jenkins",1
"James, Johnson Drake And",1
"James, Mann And Ballard",1
"James, Moore Hawkins And",1
"James, Peterson Jackson And",1
"James, Wilson Ferguson And",1
James-Adkins,1
James-Alvarez,1
James-Andrews,1
James-Barrett,1
James-Booker,1
James-Collins,1
James-Cunningham,1
James-Garcia,1
James-Gray,1
James-Harris,1
James-Horne,1
James-Hudson,1
James-Lyons,1
James-Martin,1
James-Mcintyre,1
James-Miller,1
James-Mills,1
James-Ortiz,1
James-Owen,1
James-Parker,1
James-Robinson,1
James-Russell,1
James-Salazar,1
James-Schmidt,1
James-Sharp,1
James-Simon,1
James-Thomas,1
James-Wall,1
James-Webb,1
James-Whitaker,1
Jarvis Llc,1
"Jarvis Scott, Fleming And",1
Jarvis-Barton,1
Jarvis-Burgess,1
Jarvis-Craig,1
Jarvis-Roberts,1
Jarvis-Thompson,1
Jarvis-Wilson,1
Jefferson Llc,1
"Jefferson Morales Gilbert, And",1
Jefferson Plc,1
"Jefferson Rice Cobb, And",1
"Jefferson Stewart And Watkins,",1
"Jefferson, Clarke And Hurley",1
"Jefferson, David Jackson And",1
Jefferson-Brandt,1
Jefferson-Brooks,1
Jefferson-Carlson,1
Jefferson-Cohen,1
Jefferson-Lee,1
Jefferson-Thomas,1
"Jenkins And Carson Adams,",1
"Jenkins And Clements Lara,",1
"Jenkins And Franklin, Lambert",1
"Jenkins And Miles Kirby,",1
"Jenkins And Smith, Garcia",1
"Jenkins Andersen, Woods And",1
"Jenkins Anderson, And Jones",1
Jenkins Group,1
Jenkins Inc,1
"Jenkins James, Arnold And",1
"Jenkins Johnson Strong, And",1
"Jenkins Kirk And Roman,",1
"Jenkins Lopez, And Thompson",1
"Jenkins Mccarty Pearson, And",1
"Jenkins Perez, Miller And",1
"Jenkins Peterson, And Lambert",1
"Jenkins Shaw And Nelson,",1
"Jenkins Snyder, Bennett And",1
Jenkins Sons And,1
"Jenkins, And Cisneros Fischer",1
"Jenkins, Banks Ramsey And",1
"Jenkins, Booker Hughes And",1
"Jenkins, Brown Phillips And",1
"Jenkins, Dunn Conrad And",1
"Jenkins, Jenkins And Patterson",1
"Jenkins, Lewis And Brown",1
"Jenkins, Lopez And Atkinson",1
"Jenkins, Mathews And Ho",1
"Jenkins, Ramos Matthews And",1
"Jenkins, Sanchez Patterson And",1
"Jenkins, Stephens And Patton",1
"Jenkins, Thompson And Nguyen",1
"Jenkins, Webb Chandler And",1
"Jenkins, Wood Duncan And",1
Jenkins-Adkins,1
Jenkins-Allen,1
Jenkins-Anderson,1
Jenkins-Banks,1
Jenkins-Bowers,1
Jenkins-Chan,1
Jenkins-Charles,1
Jenkins-Fernandez,1
Jenkins-Fields,1
Jenkins-Foley,1
Jenkins-Garcia,1
Jenkins-Garner,1
Jenkins-Gill,1
Jenkins-Harmon,1
Jenkins-Harris,1
Jenkins-Jackson,1
Jenkins-James,1
Jenkins-Larson,1
Jenkins-Martinez,1
Jenkins-Mendoza,1
Jenkins-Mills,1
Jenkins-Nash,1
Jenkins-Peterson,1
Jenkins-Ray,1
Jenkins-Robinson,1
Jenkins-Rodriguez,1
Jenkins-Rojas,1
Jenkins-Russell,1
Jenkins-Sanders,1
Jenkins-Smith,1
Jenkins-Thompson,1
Jenkins-Vasquez,1
Jenkins-Wall,1
Jenkins-Walsh,1
Jenkins-Yates,1
"Jennings Ali And King,",1
"Jennings And Peterson Pace,",1
"Jennings And Spence Wood,",1
"Jennings And White Hudson,",1
"Jennings Banks And Hart,",1
"Jennings Caldwell Christensen, And",1
"Jennings Jensen And Waters,",1
Jennings Llc,1
"Jennings Murray And Davies,",1
Jennings Sons And,1
"Jennings, And Andrews Long",1
"Jennings, And Li Dominguez",1
"Jennings, And Richardson Tapia",1
"Jennings, Williams Shields And",1
Jennings-Cole,1
Jennings-Cordova,1
Jennings-Elliott,1
Jennings-Gates,1
Jennings-Glass,1
Jennings-Graham,1
Jennings-Larson,1
Jennings-Lee,1
Jennings-Nguyen,1
Jennings-Nichols,1
Jennings-Peterson,1
Jennings-Sims,1
Jennings-Thompson,1
Jennings-Wood,1
"Jensen And Jackson, Greene",1
"Jensen And Mcgee Olson,",1
Jensen And Sons,1
"Jensen Baker And Baker,",1
"Jensen Bishop Wallace, And",1
"Jensen Colon, And Nolan",1
"Jensen Gross, Arias And",1
Jensen Group,1
Jensen Inc,1
"Jensen Lawson And Diaz,",1
"Jensen, Estrada And Jones",1
"Jensen, Mcguire And Brown",1
"Jensen, Sanchez Foley And",1
"Jensen, Thomas Porter And",1
"Jensen, Walsh And Scott",1
Jensen-Davis,1
Jensen-Gilmore,1
Jensen-Gray,1
Jensen-Maldonado,1
Jensen-Monroe,1
Jensen-Moore,1
Jensen-Palmer,1
Jensen-Poole,1
Jensen-Porter,1
Jensen-Rose,1
Jensen-Scott,1
Jensen-Summers,1
Jensen-Weber,1
Jensen-Williams,1
"Jimenez And Gross, Hogan",1
"Jimenez And Johnson Daniels,",1
"Jimenez And Le, Wilson",1
"Jimenez And Ross Mason,",1
"Jimenez Collins And Wilson,",1
"Jimenez Henry And Henderson,",1
"Jimenez Humphrey And Evans,",1
"Jimenez Logan Lee, And",1
"Jimenez Patton And Ramirez,",1
"Jimenez Roy, Johnson And",1
"Jimenez Wade, And King",1
"Jimenez Washington, Perkins And",1
"Jimenez, Adams And Moore",1
"Jimenez, And Miller Perry",1
"Jimenez, And Soto Johnson",1
"Jimenez, Bailey And Frederick",1
"Jimenez, Bradley And Jacobs",1
"Jimenez, Brennan Craig And",1
"Jimenez, Green And Wright",1
"Jimenez, Griffin Acevedo And",1
"Jimenez, Le And Vargas",1
Jimenez-Bautista,1
Jimenez-Brown,1
Jimenez-Diaz,1
Jimenez-Dixon,1
Jimenez-Hernandez,1
Jimenez-Huff,1
Jimenez-Jones,1
Jimenez-Meyers,1
Jimenez-Moreno,1
Jimenez-Rhodes,1
Jimenez-Richardson,1
Jimenez-Shaw,1
Jimenez-Wagner,1
Jimenez-Ward,1
Jimenez-White,1
Jimenez-Wilson,1
"Johns Barton Cabrera, And",1
Johns Ltd,1
"Johns Potter, And Herrera",1
"Johns, Hammond Vang And",1
"Johns, Jennings Craig And",1
"Johns, Lopez Perez And",1
Johns-Evans,1
Johns-Golden,1
Johns-Gomez,1
Johns-King,1
Johns-Long,1
Johns-Martin,1
Johns-Myers,1
Johns-Patel,1
Johns-Soto,1
Johns-Wyatt,1
"Johnson Aguilar Hamilton, And",1
"Johnson Allen Brown, And",1
"Johnson And Bruce Nelson,",1
"Johnson And Cantu Le,",1
"Johnson And Carrillo, Thomas",1
"Johnson And Cruz Gentry,",1
"Johnson And Delacruz, Gonzalez",1
"Johnson And Delgado, Bennett",1
"Johnson And Dickerson Keller,",1
"Johnson And Doyle, Collins",1
"Johnson And Flores, Beck",1
"Johnson And Ford, Henderson",1
"Johnson And Garcia Ray,",1
"Johnson And George Newman,",1
"Johnson And Gill Watson,",1
"Johnson And Gonzalez Patterson,",1
"Johnson And Gonzalez Wright,",1
"Johnson And Hale Durham,",1
"Johnson And Harrell Parker,",1
"Johnson And Hill, Brown",1
"Johnson And Holt Young,",1
"Johnson And Jackson Rogers,",1
"Johnson And Jones Horne,",1
"Johnson And Kim Lara,",1
"Johnson And Lee Dunlap,",1
"Johnson And Lewis, Fuller",1
"Johnson And Lopez Everett,",1
"Johnson And Lyons Wood,",1
"Johnson And Maldonado, Lee",1
"Johnson And Miller Smith,",1
"Johnson And Mitchell, Duncan",1
"Johnson And Morrison, Wright",1
"Johnson And Parks Grant,",1
"Johnson And Rivera, Allen",1
"Johnson And Roberts, Gutierrez",1
"Johnson And Robles, Robinson",1
"Johnson And Rodriguez Franco,",1
"Johnson And Rogers, Rose",1
"Johnson And Shannon Hamilton,",1
"Johnson And Smith Padilla,",1
"Johnson And Stevens, Fuller",1
"Johnson And Thompson Little,",1
"Johnson And Trevino Reyes,",1
"Johnson And Tucker Perez,",1
"Johnson And Wagner, Perry",1
"Johnson And West Peterson,",1
"Johnson And Wilkerson, Crane",1
"Johnson And Wilson Hall,",1
"Johnson And Wright Brady,",1
"Johnson And Yoder Erickson,",1
"Johnson Anderson And Anderson,",1
"Johnson Anderson And Martin,",1
"Johnson Armstrong And Howell,",1
"Johnson Bailey, And Abbott",1
"Johnson Baker, And Allison",1
"Johnson Baldwin, And Brown",1
"Johnson Beck Johnson, And",1
"Johnson Berger, Espinoza And",1
"Johnson Bishop, And Russell",1
"Johnson Bridges, Hill And",1
"Johnson Brooks And Wagner,",1
"Johnson Brown, And Malone",1
"Johnson Butler, Hahn And",1
"Johnson Carter Stone, And",1
"Johnson Castaneda Williams, And",1
"Johnson Chapman, Miller And",1
"Johnson Chavez And Wheeler,",1
"Johnson Chavez, And Hall",1
"Johnson Clarke, And Quinn",1
"Johnson Dalton And Austin,",1
"Johnson David Carpenter, And",1
"Johnson Farrell, Stone And",1
"Johnson Foster, And Houston",1
"Johnson Foster, And Lopez",1
"Johnson Fuller, And Francis",1
"Johnson Garcia, And Anthony",1
"Johnson Garcia, And Guerra",1
"Johnson Gibbs Lee, And",1
"Johnson Gomez, And Berger",1
"Johnson Gonzalez, Hudson And",1
"Johnson Goodman Clark, And",1
"Johnson Green, Ballard And",1
"Johnson Hale, And Kim",1
"Johnson Hayes, And Allen",1
"Johnson Hernandez And Perry,",1
"Johnson Hernandez, Camacho And",1
"Johnson Hodges And Mills,",1
"Johnson Jackson And Hernandez,",1
"Johnson Jenkins And Conley,",1
"Johnson Jennings Johnston, And",1
"Johnson Johnson And Fisher,",1
"Johnson Johnson, Wood And",1
"Johnson Jones And Kennedy,",1
"Johnson Jones Robertson, And",1
"Johnson Kelley, Williams And",1
"Johnson Kirby And Richard,",1
"Johnson Koch And Duncan,",1
"Johnson Lang And Evans,",1
"Johnson Lawrence And Anderson,",1
"Johnson Leach And Lee,",1
"Johnson Leon And Vargas,",1
"Johnson Lindsey Evans, And",1
"Johnson Livingston Kirby, And",1
"Johnson Lopez, Walker And",1
"Johnson Martin And Rodriguez,",1
"Johnson Martin, And Randall",1
"Johnson Martinez And Greene,",1
"Johnson Mccullough, Gibson And",1
"Johnson Mcfarland And Long,",1
"Johnson Mcintyre, And Webb",1
"Johnson Mclaughlin, Valenzuela And",1
"Johnson Medina Lopez, And",1
"Johnson Mendoza Fernandez, And",1
"Johnson Meyers And Novak,",1
"Johnson Monroe And Thomas,",1
"Johnson Morales, Kelley And",1
"Johnson Morton Bright, And",1
"Johnson Moss And Smith,",1
"Johnson Norris Leonard, And",1
"Johnson Owens And Mcgee,",1
"Johnson Padilla And Garcia,",1
"Johnson Parker, Smith And",1
"Johnson Perkins Chapman, And",1
"Johnson Perry, Ferguson And",1
"Johnson Ramirez, Farmer And",1
"Johnson Riley, And Walker",1
"Johnson Rivas Hernandez, And",1
"Johnson Sanchez, Carpenter And",1
"Johnson Schmidt, And Parker",1
"Johnson Shepherd And Silva,",1
"Johnson Simmons, And Garrison",1
"Johnson Simpson Thomas, And",1
"Johnson Smith And Cole,",1
"Johnson Smith And Ritter,",1
"Johnson Smith Carey, And",1
"Johnson Smith Hudson, And",1
"Johnson Smith Morgan, And",1
"Johnson Stone And Morris,",1
"Johnson Thompson And Crawford,",1
"Johnson Thompson, And Marquez",1
"Johnson Turner And Vega,",1
"Johnson Vargas Lee, And",1
"Johnson Villarreal And Gomez,",1
"Johnson Washington, And Collins",1
"Johnson, Adams Waters And",1
"Johnson, Adkins And Ferguson",1
"Johnson, Allen And Golden",1
"Johnson, And Andrews Douglas",1
"Johnson, And Bell Dickerson",1
"Johnson, And Benson Harris",1
"Johnson, And Castillo Coleman",1
"Johnson, And Gallagher English",1
"Johnson, And Harrison Lee",1
"Johnson, And Hodge Novak",1
"Johnson, And Jennings Colon",1
"Johnson, And Jones Rivera",1
"Johnson, And Lowe Wood",1
"Johnson, And Mata Medina",1
"Johnson, And Mendoza Evans",1
"Johnson, And Mitchell Lyons",1
"Johnson, And Myers Smith",1
"Johnson, And Petty Rubio",1
"Johnson, And Ray Lopez",1
"Johnson, And Robinson Peterson",1
"Johnson, And Ross Harris",1
"Johnson, And Smith Allen",1
"Johnson, And Smith Brown",1
"Johnson, And Snyder Roberts",1
"Johnson, And Thompson Wilson",1
"Johnson, And Tucker Bass",1
"Johnson, And Wallace Palmer",1
"Johnson, And Wood Brown",1
"Johnson, Anderson And Harris",1
"Johnson, Anderson And Maddox",1
"Johnson, Bailey And Moreno",1
"Johnson, Baldwin And Cole",1
"Johnson, Brock Mccormick And",1
"Johnson, Brown And Holland",1
"Johnson, Burns Gonzales And",1
"Johnson, Butler Bray And",1
"Johnson, Collins And Dominguez",1
"Johnson, Day Pham And",1
"Johnson, Deleon And Schwartz",1
"Johnson, Duran Zamora And",1
"Johnson, Edwards Miller And",1
"Johnson, Gardner Frank And",1
"Johnson, Gordon Walls And",1
"Johnson, Hardy And Reyes",1
"Johnson, Harris Baker And",1
"Johnson, Henderson And Calhoun",1
"Johnson, Holland And Kaiser",1
"Johnson, Jones And Gomez",1
"Johnson, Kane Johnson And",1
"Johnson, Marks Kramer And",1
"Johnson, Moore Wade And",1
"Johnson, Parker Fitzpatrick And",1
"Johnson, Parrish And Berry",1
"Johnson, Payne Moody And",1
"Johnson, Ray Wall And",1
"Johnson, Reynolds Williamson And",1
"Johnson, Sanders Day And",1
"Johnson, Smith King And",1
"Johnson, Smith Reid And",1
"Johnson, Smith Reynolds And",1
"Johnson, Stevens And Diaz",1
"Johnson, Valenzuela And Wood",1
"Johnson, Whitaker And Johnson",1
"Johnson, Woodard And Thomas",1
Johnson-Anderson,1
Johnson-Andrade,1
Johnson-Armstrong,1
Johnson-Banks,1
Johnson-Barnes,1
Johnson-Barnett,1
Johnson-Bates,1
Johnson-Bautista,1
Johnson-Baxter,1
Johnson-Becker,1
Johnson-Bell,1
Johnson-Beltran,1
Johnson-Benton,1
Johnson-Braun,1
Johnson-Bryan,1
Johnson-Bryant,1
Johnson-Buchanan,1
Johnson-Calderon,1
Johnson-Cannon,1
Johnson-Cantrell,1
Johnson-Carpenter,1
Johnson-Carr,1
Johnson-Carroll,1
Johnson-Christensen,1
Johnson-Cook,1
Johnson-Cordova,1
Johnson-Crawford,1
Johnson-Cruz,1
Johnson-Daniels,1
Johnson-Dean,1
Johnson-Diaz,1
Johnson-Dillon,1
Johnson-Dodson,1
Johnson-Dominguez,1
Johnson-Douglas,1
Johnson-Duncan,1
Johnson-Dunn,1
Johnson-Erickson,1
Johnson-Estrada,1
Johnson-Farley,1
Johnson-Ferguson,1
Johnson-Fischer,1
Johnson-Fisher,1
Johnson-Foley,1
Johnson-Foster,1
Johnson-Franklin,1
Johnson-Gallagher,1
Johnson-Garrett,1
Johnson-Garza,1
Johnson-Gates,1
Johnson-Gibson,1
Johnson-Goodwin,1
Johnson-Gordon,1
Johnson-Griffin,1
Johnson-Gutierrez,1
Johnson-Guzman,1
Johnson-Hale,1
Johnson-Hardy,1
Johnson-Harper,1
Johnson-Harrison,1
Johnson-Hawkins,1
Johnson-Heath,1
Johnson-Henderson,1
Johnson-Hernandez,1
Johnson-Hines,1
Johnson-Holt,1
Johnson-Hubbard,1
Johnson-Hughes,1
Johnson-Ingram,1
Johnson-Jenkins,1
Johnson-Jennings,1
Johnson-Johns,1
Johnson-Johnston,1
Johnson-Kelley,1
Johnson-Kent,1
Johnson-Kerr,1
Johnson-King,1
Johnson-Kirk,1
Johnson-Knight,1
Johnson-Koch,1
Johnson-Larsen,1
Johnson-Levine,1
Johnson-Little,1
Johnson-Malone,1
Johnson-Martinez,1
Johnson-Mccarty,1
Johnson-Mcclure,1
Johnson-Mcdaniel,1
Johnson-Mckinney,1
Johnson-Mejia,1
Johnson-Mendez,1
Johnson-Meyers,1
"Abbott Moore And Williams,",1
Johnson-Mills,1
"Abbott, Peters And Hoffman",1
Johnson-Mooney,1
Johnson-Morales,1
Johnson-Morgan,1
Johnson-Mosley,1
Johnson-Mueller,1
Johnson-Mullen,1
"Zimmerman And Phelps Mcgee,",1
Johnson-Nash,1
"Acevedo Holmes And Rangel,",1
Zimmerman-Smith,1
Johnson-Nichols,1
Johnson-Nolan,1
Johnson-Novak,1
Abbott Inc,1
Johnson-Pacheco,1
Johnson-Palmer,1
Johnson-Parker,1
Johnson-Parsons,1
Abbott-Castillo,1
Johnson-Payne,1
Abbott-Coleman,1
Johnson-Petersen,1
Johnson-Peterson,1
Johnson-Powers,1
Johnson-Reed,1
Johnson-Richardson,1
Johnson-Riddle,1
Johnson-Rivera,1
Johnson-Roberts,1
Johnson-Rogers,1
Johnson-Rojas,1
Johnson-Rosales,1
Johnson-Rosario,1
Johnson-Rowe,1
Johnson-Ruiz,1
Johnson-Russo,1
Abbott-Ferrell,1
Johnson-Schultz,1
Johnson-Schwartz,1
Johnson-Sellers,1
Johnson-Shaw,1
Johnson-Simmons,1
Abbott-Hill,1
Abbott-Jones,1
Johnson-Snyder,1
Johnson-Sosa,1
Abbott-Rios,1
Johnson-Stephens,1
Abbott-Wilson,1
"Acevedo And Ellis, Snyder",1
Johnson-Stout,1
"Acevedo And Hart, Hernandez",1
Johnson-Swanson,1
"Acevedo And Howard Burke,",1
Johnson-Thomas,1
Johnson-Todd,1
Johnson-Travis,1
Johnson-Tyler,1
Johnson-Valdez,1
Johnson-Vargas,1
Johnson-Wagner,1
Johnson-Warner,1
Johnson-Watkins,1
Johnson-Watson,1
Johnson-Webb,1
"Acevedo And Larson Andrews,",1
"Acevedo And Lewis Barker,",1
Johnson-Wells,1
Johnson-West,1
Johnson-White,1
Johnson-Whitehead,1
Johnson-Whitney,1
Acevedo Group,1
"Abbott, Vazquez Bautista And",1
Johnson-Wise,1
Johnson-Wolfe,1
Johnson-Wong,1
Acevedo Llc,1
"Acevedo Phillips Steele, And",1
Johnson-Young,1
Johnson-Zamora,1
"Johnston And Trujillo Duran,",1
"Johnston And Watson, Frye",1
"Johnston Douglas And George,",1
"Acevedo, Jordan And Diaz",1
"Acevedo, Martin And Price",1
"Johnston Jones, Hansen And",1
"Acevedo, Riddle Payne And",1
Acevedo-Diaz,1
"Johnston Perry Lewis, And",1
Acevedo-Goodwin,1
"Johnston Ryan, Nichols And",1
"Johnston Williams Dalton, And",1
"Johnston, And Lopez Anderson",1
"Johnston, Hensley Jones And",1
"Johnston, Mora And Sparks",1
"Johnston, Pena Lewis And",1
"Johnston, Shepherd Mckinney And",1
"Johnston, Williams Kim And",1
Johnston-Anderson,1
Johnston-Brown,1
Johnston-Clarke,1
Johnston-Clay,1
Johnston-Elliott,1
Johnston-Frost,1
Johnston-Garcia,1
Johnston-Hester,1
Johnston-Jones,1
Johnston-Kim,1
Johnston-Lawrence,1
Johnston-Malone,1
Johnston-Sharp,1
Acevedo-Henderson,1
Johnston-Turner,1
Johnston-Vargas,1
Johnston-Warren,1
Johnston-West,1
Johnston-White,1
Johnston-Woodward,1
"Jones Allen, Rhodes And",1
"Jones And Ayala, Stephens",1
"Jones And Barnes Hall,",1
"Jones And Barron Mcpherson,",1
"Jones And Bauer Lester,",1
"Jones And Bradley, Hanson",1
"Jones And Buck, Guerra",1
"Jones And Carter Johnson,",1
"Jones And Collier Vaughan,",1
"Jones And Collins, Harper",1
"Jones And Cox, Berry",1
"Jones And Cross Andrews,",1
"Jones And Evans Carter,",1
"Jones And Fitzpatrick King,",1
"Jones And Franklin, Smith",1
"Jones And Gaines, Brady",1
"Jones And Hill Stewart,",1
"Jones And Hill, Medina",1
"Jones And Hobbs, Miller",1
"Jones And Jones, Turner",1
"Jones And Jordan Sanders,",1
"Jones And Knight, Mora",1
"Jones And Martin Nielsen,",1
"Jones And Martinez Pineda,",1
"Jones And Nguyen, Dean",1
"Jones And Pena Martin,",1
"Jones And Roy, Norman",1
"Jones And Shah Stewart,",1
Jones And Sons,1
"Jones And Taylor Baker,",1
"Jones And Vargas Mendoza,",1
"Jones And Williams Roman,",1
"Jones And Williams Williams,",1
"Jones Anderson Oneill, And",1
"Jones Baldwin Brown, And",1
"Jones Brown, And Rosales",1
"Jones Brown, Hernandez And",1
"Jones Bruce And Bell,",1
"Jones Carr, Esparza And",1
"Jones Chavez, Ayala And",1
"Jones Chen Martin, And",1
"Jones Clark, White And",1
"Jones Conley And Chapman,",1
"Jones Ellis, Grant And",1
"Jones Finley Stein, And",1
"Jones Fischer Terry, And",1
"Jones Galloway, Nash And",1
"Jones Gomez, And Bryant",1
Acevedo-Lawson,1
"Jones Harvey, And Bridges",1
"Jones Holmes Lane, And",1
"Jones Holt, And Cervantes",1
"Jones Hoover And Harris,",1
"Acosta And Tapia Evans,",1
"Jones Jackson, And Pittman",1
"Jones Jennings And Christian,",1
"Jones Johnson, And Taylor",1
"Jones Johnson, Mendoza And",1
"Jones Lambert, Miller And",1
"Jones Leon And Mathews,",1
"Jones Levine And Shepherd,",1
"Jones Levy And Duncan,",1
"Jones Little And Fisher,",1
Acosta Llc,1
"Jones Lopez, And Ali",1
Acosta Plc,1
"Jones Martin, Blackburn And",1
"Jones Martinez, Reeves And",1
"Jones Maynard, Alexander And",1
"Jones Mclaughlin, And Rogers",1
"Jones Miller And Williams,",1
"Jones Mitchell And Parsons,",1
"Jones Mitchell, And Hernandez",1
"Jones Nguyen Gonzalez, And",1
"Jones Ochoa, And Cook",1
"Jones Patel, Rose And",1
"Jones Peterson, And Bell",1
Acosta Sons And,1
"Jones Reese, And Johnson",1
"Jones Rice Day, And",1
"Jones Robertson, White And",1
"Jones Robinson Jenkins, And",1
"Jones Rose, And Kent",1
"Jones Saunders, And Carroll",1
"Acosta Trujillo Davis, And",1
"Jones Stephens Nunez, And",1
"Jones Stewart Cooper, And",1
"Jones Stone, Randolph And",1
"Jones Sullivan, Jacobs And",1
"Jones Taylor, Carter And",1
"Jones Thomas, And Norman",1
"Jones Tran, And Taylor",1
"Jones Wallace, Gomez And",1
"Jones Walters Cannon, And",1
"Jones Walters, And Nelson",1
"Jones Ward Lawrence, And",1
"Jones Waters And Ortiz,",1
"Jones Watson Hall, And",1
"Jones Welch And Schmidt,",1
"Jones White, Potter And",1
"Jones Williams Walker, And",1
"Jones Wolfe King, And",1
"Jones Wyatt, And Flores",1
"Jones York And Hernandez,",1
"Jones, And Adams Carpenter",1
"Jones, And Atkinson Greer",1
"Jones, And Bailey Snyder",1
"Jones, And Cohen Hayes",1
"Jones, And Davis Baker",1
"Jones, And Gonzalez Shaw",1
"Jones, And Hampton Williams",1
"Jones, And Lane Crosby",1
"Jones, And Lee Myers",1
"Jones, And Mahoney Garner",1
"Jones, And Matthews Ramirez",1
"Jones, And Moore Carter",1
"Jones, And Nguyen Freeman",1
"Jones, And Obrien Pearson",1
"Jones, And Ortiz Adams",1
"Jones, And Roberts Singh",1
"Jones, And Taylor Calhoun",1
"Jones, And Velez Griffith",1
"Jones, And Walsh Murray",1
"Jones, And Walton Tyler",1
"Jones, Banks Avery And",1
"Jones, Barnett And Cantrell",1
"Jones, Bauer And Williams",1
"Jones, Beck And Larson",1
"Jones, Blackwell Farmer And",1
"Jones, Bradshaw Jones And",1
"Jones, Brown And Mckee",1
"Jones, Cannon And Evans",1
"Jones, Contreras Heath And",1
"Jones, Cooley Anderson And",1
"Jones, Cooper Knight And",1
"Jones, Edwards Jacobs And",1
"Jones, Evans And Smith",1
"Jones, Gallegos And Guerrero",1
"Jones, Goodman And Davis",1
"Jones, Greer And Alvarado",1
"Jones, Hays Clark And",1
"Jones, Holmes Kelley And",1
"Jones, Landry Mcknight And",1
"Jones, Mcfarland And Long",1
"Jones, Mcguire And Mitchell",1
"Jones, Mcintyre Sanchez And",1
"Jones, Myers And Baker",1
"Jones, Nicholson Brown And",1
"Jones, Rangel And Miller",1
"Jones, Rose Bishop And",1
"Jones, Ruiz And Glass",1
"Jones, Schwartz And Ross",1
"Jones, Stewart Gregory And",1
"Jones, Tran Gonzalez And",1
"Jones, Valentine Pacheco And",1
"Jones, Vang Blair And",1
"Jones, Walker Moore And",1
"Jones, White And Vasquez",1
"Jones, Williams And Hunt",1
"Jones, Williams Fox And",1
"Jones, Williams Hancock And",1
"Jones, Wilson And Bradshaw",1
"Jones, Wolfe Brewer And",1
"Jones, Zimmerman Ballard And",1
Jones-Aguirre,1
Jones-Alvarado,1
"Acosta Weeks Yates, And",1
Jones-Andrade,1
Jones-Arnold,1
Jones-Austin,1
Jones-Avila,1
Jones-Baker,1
Jones-Banks,1
Jones-Barnes,1
Jones-Barrera,1
Jones-Beck,1
Jones-Beltran,1
Jones-Bird,1
Jones-Bradley,1
Jones-Braun,1
"Acosta Willis, Martin And",1
Jones-Browning,1
Jones-Buchanan,1
Jones-Bullock,1
Jones-Burke,1
Jones-Burnett,1
Jones-Burns,1
Jones-Camacho,1
Jones-Campbell,1
Jones-Carr,1
"Acosta, And Martin Torres",1
"Acosta, And Price Jackson",1
Jones-Clark,1
Jones-Clay,1
Jones-Cole,1
Jones-Collins,1
Jones-Copeland,1
Jones-Daugherty,1
Jones-Davis,1
Jones-Dickerson,1
Jones-Dickson,1
Jones-Duffy,1
"Acosta, And Young Morrow",1
Jones-Fields,1
Jones-Figueroa,1
Jones-Fitzgerald,1
Jones-Fleming,1
Jones-Flowers,1
Jones-Fowler,1
Jones-Frank,1
Jones-Freeman,1
Jones-Galloway,1
Jones-Garrett,1
Jones-Garza,1
Jones-George,1
Jones-Gill,1
Jones-Goodman,1
"Acosta, Figueroa Compton And",1
"Acosta, Gordon Smith And",1
Jones-Green,1
"Acosta, Miller Martin And",1
Jones-Harrington,1
Jones-Harris,1
Jones-Hartman,1
Jones-Henderson,1
Jones-Hendrix,1
"Acosta, Reed And Guzman",1
Jones-Henson,1
Acosta-Barnes,1
Jones-Hess,1
Jones-Hester,1
Jones-Hicks,1
Acosta-Berry,1
Jones-Holden,1
Jones-Horton,1
Jones-Howard,1
Jones-Humphrey,1
Jones-Hunter,1
Jones-Jackson,1
Jones-Jensen,1
Acosta-Carlson,1
Acosta-Chambers,1
Jones-Kennedy,1
Jones-Kerr,1
Jones-Kim,1
Jones-Lamb,1
Acosta-Clark,1
Acosta-Davila,1
Jones-Madden,1
Jones-Marshall,1
Jones-Martin,1
Jones-Martinez,1
Jones-Mcdaniel,1
Jones-Mcguire,1
Jones-Mcintyre,1
Jones-Mendez,1
Jones-Miller,1
Jones-Miranda,1
Jones-Mitchell,1
Acosta-Dickerson,1
Jones-Moody,1
Acosta-Miller,1
Jones-Morales,1
Jones-Morris,1
Jones-Munoz,1
Jones-Nguyen,1
Jones-Nicholson,1
Jones-Norris,1
Jones-Nunez,1
Jones-Oneill,1
Jones-Orozco,1
Jones-Ortega,1
Jones-Parks,1
Jones-Patel,1
Jones-Perez,1
Jones-Petersen,1
Jones-Phelps,1
Jones-Phillips,1
Jones-Poole,1
Jones-Powell,1
Jones-Ray,1
Jones-Reynolds,1
Jones-Richards,1
Acosta-Robertson,1
Jones-Rivera,1
Jones-Roberson,1
Jones-Robinson,1
Acosta-Smith,1
Jones-Roth,1
Jones-Salas,1
Jones-Sanchez,1
Jones-Schaefer,1
Jones-Schwartz,1
Acosta-Taylor,1
Jones-Serrano,1
Jones-Shea,1
Acosta-Thomas,1
Jones-Stuart,1
Jones-Taylor,1
Jones-Thomas,1
Jones-Thompson,1
"Adams And Brown Benson,",1
Jones-Velazquez,1
Jones-Velez,1
Jones-Wade,1
Jones-Wall,1
Jones-Wallace,1
Jones-Washington,1
Jones-Watkins,1
Jones-Welch,1
Jones-Whitaker,1
Jones-White,1
Jones-Wiggins,1
"Adams And Campos Cooper,",1
Jones-Wood,1
Jones-Woodard,1
Jones-Wright,1
Jones-Young,1
"Jordan And Espinoza Garrett,",1
"Jordan And Gutierrez, Garcia",1
"Jordan And Logan Kerr,",1
"Adams And Delgado Newman,",1
"Jordan Black Vazquez, And",1
"Jordan Clark Leblanc, And",1
"Jordan Craig Miller, And",1
"Jordan Gallagher, And Reid",1
"Jordan Gilbert, Strickland And",1
"Adams And Everett Garza,",1
Jordan Inc,1
"Jordan Kelly Craig, And",1
"Adams And Freeman Oneal,",1
Jordan Plc,1
"Jordan Smith Whitehead, And",1
"Adams And Gonzales, Clark",1
"Jordan Thompson Love, And",1
"Jordan Waters, And Phillips",1
"Jordan, And Ramirez Romero",1
"Jordan, Espinoza And Fitzpatrick",1
"Jordan, Franklin And Jackson",1
"Jordan, Hogan And Roberts",1
"Jordan, Pruitt Brooks And",1
"Jordan, Robles And Montgomery",1
"Jordan, Sims Pena And",1
Jordan-Alexander,1
Jordan-Allen,1
Jordan-Ayala,1
Jordan-Baker,1
Jordan-Bell,1
Jordan-Benitez,1
Jordan-Blackburn,1
Jordan-Butler,1
Jordan-Campbell,1
Jordan-Cervantes,1
Jordan-Combs,1
Jordan-Davis,1
Jordan-Franklin,1
Jordan-Graham,1
"Adams And Roberts Armstrong,",1
Jordan-Harrell,1
Jordan-Harris,1
Jordan-Hood,1
Jordan-Kennedy,1
Jordan-Li,1
Jordan-Lynch,1
Jordan-Obrien,1
Jordan-Pena,1
Jordan-Robinson,1
Jordan-Smith,1
Jordan-Stone,1
"Joseph And Fuller Obrien,",1
"Joseph And Martin, Mack",1
"Joseph And Rodgers Cowan,",1
"Joseph Harris, Patel And",1
"Adams And Smith Olson,",1
Joseph Llc,1
"Joseph Mata, Waters And",1
Joseph Plc,1
"Joseph Reilly Romero, And",1
Joseph-Brown,1
Joseph-Freeman,1
Joseph-Lee,1
Joseph-Mack,1
Joseph-Perez,1
Joseph-Rhodes,1
Joseph-Vincent,1
Joseph-Williams,1
"Adams And Thomas Williams,",1
"Joyce Anderson, And Greene",1
"Joyce Brady, And Hodges",1
"Joyce Casey, And Horton",1
Joyce Llc,1
Joyce Ltd,1
"Joyce Warner And Williams,",1
"Joyce, And Miller Castillo",1
Joyce-Barker,1
Joyce-Barnett,1
Joyce-Bishop,1
Joyce-Burke,1
Joyce-Meadows,1
Joyce-Pacheco,1
Joyce-Vincent,1
Juarez And Sons,1
"Juarez And Wells Williams,",1
"Juarez Sims, Henry And",1
"Juarez Smith, And Huff",1
"Juarez Taylor, And Owens",1
"Juarez Williams Anderson, And",1
"Juarez, Mercer And Andrews",1
"Juarez, Trujillo And Swanson",1
Juarez-Clark,1
Juarez-Fowler,1
Juarez-Hayes,1
Juarez-Lewis,1
Juarez-Macdonald,1
Juarez-Smith,1
Juarez-Thomas,1
Juarez-Torres,1
Juarez-Weiss,1
"Kaiser And Perez Huynh,",1
Kaiser Inc,1
Kaiser Llc,1
Kaiser-Barrera,1
Kaiser-Chapman,1
Kaiser-Mejia,1
Kaiser-Monroe,1
Kaiser-Wilson,1
"Kane And Clark Williams,",1
"Kane And Sandoval, Hall",1
"Kane Bird Simmons, And",1
"Kane Gibbs White, And",1
"Kane Johnson, And Mayer",1
Kane Llc,1
"Kane Porter And Robinson,",1
"Kane Stevens, And Harris",1
"Kane, And Dickson Schwartz",1
"Kane, Bullock Bullock And",1
Kane-Carney,1
Kane-Cervantes,1
Kane-Harding,1
Kane-Haynes,1
Kane-Ochoa,1
Kane-Powell,1
Kane-Steele,1
Kane-Tucker,1
"Kaufman And Garza, Smith",1
"Kaufman And Thomas Diaz,",1
Kaufman Inc,1
Kaufman Sons And,1
"Kaufman, Carter Salinas And",1
Kaufman-Bass,1
Kaufman-Herman,1
Kaufman-Levy,1
Kaufman-Patel,1
"Keith And Price Adkins,",1
"Keith And Smith Hernandez,",1
"Keith And Taylor, Stewart",1
"Keith Berger Andrews, And",1
"Keith Freeman, And Orozco",1
"Keith Gallagher And Washington,",1
Keith Group,1
"Adams And White, Smith",1
Keith Llc,1
Keith Ltd,1
"Keith Norris And Baker,",1
"Keith Ryan Wright, And",1
"Keith Sutton, Hernandez And",1
Keith-Boyer,1
Keith-Hayes,1
Keith-Marquez,1
Keith-Murphy,1
Keith-Potter,1
Keith-Rios,1
Keith-Romero,1
Keith-Thornton,1
"Keller And Barnett, Davis",1
"Keller And Brown, Ingram",1
Keller And Sons,1
"Adams Baxter, And Peterson",1
"Keller Hayes, Cox And",1
"Adams Bell Adams, And",1
"Keller Long Johnson, And",1
"Adams Lawson, And Fleming",1
"Keller Mendoza, And Green",1
"Adams Macias And Arias,",1
"Keller Small Lowe, And",1
"Keller Stewart, And Mcbride",1
"Keller Walton And Johnson,",1
"Keller Wright And Graham,",1
"Keller Yates, Dillon And",1
"Keller, Hughes Gross And",1
"Keller, Johnston Glover And",1
Keller-Allen,1
Keller-Brown,1
Keller-Campbell,1
Keller-Clark,1
Keller-Fleming,1
Keller-Ford,1
Keller-Glenn,1
Keller-Gonzalez,1
Keller-Kelley,1
Keller-Le,1
Keller-Martin,1
Keller-Pope,1
Keller-Smith,1
Keller-Sullivan,1
Keller-Thomas,1
Keller-Williams,1
Keller-Wolf,1
"Kelley And Abbott, Fields",1
"Adams Marshall, Taylor And",1
"Kelley And Tucker Wilson,",1
"Kelley Case And Ballard,",1
Kelley Group,1
"Kelley Herrera Parker, And",1
Kelley Inc,1
"Adams Morris, And Griffin",1
Kelley Ltd,1
"Kelley Moore And Adams,",1
"Adams Murphy And Lopez,",1
"Kelley Smith, Berg And",1
"Kelley, Harris And Welch",1
Kelley-Brown,1
Kelley-Hernandez,1
Kelley-Huff,1
Kelley-Johnston,1
Kelley-Odom,1
Kelley-Patel,1
Kelley-Reese,1
Kelley-Rodriguez,1
Kelley-Sosa,1
Kelley-Soto,1
Kelley-Thomas,1
Kelley-Washington,1
Kelley-Yates,1
"Kelly And Boyd, Page",1
"Kelly And Jones Booth,",1
"Kelly And Koch, Wheeler",1
"Kelly And Mcgee Baldwin,",1
"Kelly And Mendoza, Faulkner",1
"Kelly And Reynolds, Clark",1
Kelly And Sons,1
"Kelly And Williams Dixon,",1
"Kelly Boyle Morgan, And",1
"Kelly Campbell And Charles,",1
"Kelly Green, Anderson And",1
"Adams Navarro, Gomez And",1
"Adams Novak, And James",1
"Kelly Johnson, Parker And",1
"Kelly Kerr, Morris And",1
"Kelly Lara, And Watson",1
"Adams Odonnell And Cook,",1
"Kelly Love And Gutierrez,",1
"Adams Patterson, And Pham",1
"Kelly Mercer And Lee,",1
"Adams Patterson, Lawrence And",1
"Kelly Reese And Choi,",1
"Kelly Scott, Brown And",1
"Kelly Smith And Hodges,",1
"Adams Rivas Duran, And",1
"Kelly Sutton And Nolan,",1
"Kelly, And Gomez Williams",1
"Kelly, And Mitchell Hall",1
"Kelly, And Santos Jones",1
"Kelly, And Smith Eaton",1
"Kelly, Combs And White",1
"Kelly, Figueroa Boyd And",1
"Kelly, Kemp And Tate",1
"Kelly, Long Fitzpatrick And",1
"Kelly, Miller And Rosario",1
"Kelly, Patterson And Lucas",1
"Kelly, Rodriguez And Logan",1
"Kelly, White Walton And",1
Kelly-Allen,1
Kelly-Avila,1
Kelly-Ballard,1
Kelly-Bennett,1
Kelly-Brock,1
Kelly-Carroll,1
Kelly-Clark,1
Kelly-Cole,1
Kelly-Craig,1
Kelly-Daniel,1
Kelly-Foster,1
Kelly-Griffith,1
Kelly-Hall,1
Kelly-Hammond,1
Kelly-Herrera,1
Kelly-Hess,1
"Adams Smith Cervantes, And",1
Kelly-Jimenez,1
"Adams Torres Nixon, And",1
Kelly-Jones,1
Kelly-Lawson,1
Kelly-Mercer,1
Kelly-Mitchell,1
Kelly-Oneill,1
Kelly-Owens,1
Kelly-Phelps,1
Kelly-Ponce,1
Kelly-Powell,1
Kelly-Ramirez,1
Kelly-Richardson,1
"Adams Weaver, And Acosta",1
Kelly-Ruiz,1
Kelly-Santiago,1
Kelly-Smith,1
Kelly-Tapia,1
Kelly-Taylor,1
Kelly-Watson,1
"Adams West And Poole,",1
Kelly-Young,1
"Kemp And Browning Jenkins,",1
"Kemp And Taylor, Jones",1
"Kemp Gill And Griffin,",1
"Kemp Hughes, And Bailey",1
"Adams Wilson, Newton And",1
Kemp Llc,1
"Adams, And Colon Green",1
Kemp Sons And,1
"Kemp Wilson, And Brown",1
"Kemp, And Jimenez Evans",1
Kemp-Baker,1
Kemp-Cohen,1
Kemp-Garcia,1
Kemp-Green,1
Kemp-Jenkins,1
Kemp-Munoz,1
"Kennedy And Armstrong, Campbell",1
"Kennedy And Burke, Lynch",1
"Kennedy And Day Andrews,",1
"Kennedy And Ferguson Jacobs,",1
"Kennedy And Gould Fry,",1
"Kennedy And King, Jackson",1
"Kennedy And Thompson Johnson,",1
"Kennedy Andersen And Jones,",1
"Kennedy Evans And Rojas,",1
"Kennedy Garcia And Turner,",1
"Adams, And Daniels Rogers",1
"Adams, And Jackson Greer",1
"Kennedy Jones, Monroe And",1
"Kennedy Long And Douglas,",1
"Adams, And Johns Molina",1
"Kennedy Marks, Hess And",1
"Kennedy Scott, And Hamilton",1
"Kennedy Williams, And Cruz",1
"Kennedy, And Burke Lewis",1
"Kennedy, And Petersen Davis",1
"Kennedy, And Wood Gill",1
"Kennedy, Brown Stevens And",1
"Kennedy, Graves And Scott",1
"Kennedy, Lopez And Romero",1
"Kennedy, Osborn Stone And",1
"Kennedy, Richards Kent And",1
Kennedy-Brown,1
Kennedy-Carey,1
Kennedy-Cochran,1
Kennedy-Collier,1
Kennedy-Combs,1
Kennedy-Dalton,1
Kennedy-Davis,1
Kennedy-Fox,1
Kennedy-Henry,1
Kennedy-Hoffman,1
Kennedy-Horton,1
Kennedy-Huber,1
Kennedy-Johnson,1
Kennedy-Martinez,1
Kennedy-Owen,1
Kennedy-Page,1
Kennedy-Park,1
Kennedy-Perkins,1
Kennedy-Price,1
Kennedy-Rivas,1
Kennedy-Shaw,1
"Adams, And Joseph Williams",1
Kennedy-Tran,1
Kennedy-Valentine,1
Kennedy-Vance,1
Kennedy-West,1
Kennedy-Willis,1
Kennedy-Woodard,1
"Kent And Spencer Sexton,",1
"Kent And Wilson, Johnson",1
"Kent Burke, And Haney",1
"Kent Golden, And White",1
"Kent Joyce Villarreal, And",1
"Kent Orozco, Young And",1
"Kent Rios And Lee,",1
"Kent, Bautista And Hart",1
"Kent, Hernandez Sellers And",1
Kent-Holmes,1
Kent-Hunt,1
Kent-Moore,1
Kent-Morrison,1
Kent-Mullins,1
"Kerr And Hoffman, Lutz",1
"Kerr And Miller, Mayer",1
Kerr And Sons,1
"Kerr Lewis Mcbride, And",1
"Adams, And Rodriguez Wright",1
"Kerr Morrow And Barnett,",1
Kerr Sons And,1
"Kerr, And Rhodes Miles",1
Kerr-Allen,1
Kerr-Brown,1
Kerr-Hester,1
Kerr-Jordan,1
Kerr-Lane,1
Kerr-Murphy,1
Kerr-Patterson,1
Kerr-Scott,1
Kerr-Young,1
"Key And Bell, Shields",1
"Key And Hayes, Mcknight",1
"Key Conner, And Johnson",1
"Key Davis Flores, And",1
"Adams, Bowers Escobar And",1
Key Ltd,1
"Adams, Christian And Perry",1
Key-Bailey,1
Key-Campbell,1
Key-Nguyen,1
Key-Reilly,1
Key-Walton,1
Khan Llc,1
Khan Sons And,1
"Khan, And Rodriguez Fischer",1
"Khan, Phillips Baker And",1
"Khan, Woods Fischer And",1
Khan-Brown,1
Khan-Fisher,1
Khan-Franklin,1
Khan-Frye,1
Khan-Guerrero,1
Khan-Lewis,1
Khan-Mcdaniel,1
Khan-Parker,1
Khan-Snow,1
Khan-Stark,1
"Kidd And Martinez Robertson,",1
"Adams, Collins Simmons And",1
Kidd Plc,1
"Kidd Romero, And Douglas",1
"Kidd, Ramsey And Brown",1
Kidd-Gonzales,1
Kidd-Hernandez,1
Kidd-Jensen,1
Kidd-Rodriguez,1
Kidd-Salinas,1
"Kim Adams Cohen, And",1
"Kim And Ellis, Bennett",1
Kim And Sons,1
"Kim And Velazquez, Morris",1
"Kim And Williams Richards,",1
"Kim Boone Alvarez, And",1
"Kim Coleman And Cohen,",1
"Kim Gamble Smith, And",1
"Kim Garner And Mckay,",1
"Kim Garrett, Lindsey And",1
"Adams, Hayes And Gardner",1
"Kim Hodge Hansen, And",1
"Kim Hodges, And Curtis",1
"Kim Houston, Avila And",1
"Adams, Hendricks Collins And",1
"Kim Jefferson And Jackson,",1
"Adams, Mcgee Brown And",1
"Adams, Proctor Evans And",1
"Kim Mccann Valdez, And",1
"Kim Murphy And Clark,",1
"Kim Rosario, And Hammond",1
"Kim, And Figueroa Robinson",1
"Kim, And Rodriguez Page",1
"Kim, And Young Berry",1
"Kim, Curry And Hensley",1
"Kim, Frank Kramer And",1
"Kim, Hamilton Bradford And",1
"Kim, Norris And Mendez",1
Kim-Benjamin,1
Kim-Boyd,1
Kim-Brown,1
Kim-Buckley,1
Kim-Dodson,1
Kim-Fisher,1
Kim-Gray,1
Kim-Hall,1
Kim-Harris,1
Kim-Henderson,1
Kim-Higgins,1
Kim-Hines,1
Kim-Ibarra,1
Kim-Johnson,1
Kim-Lucas,1
Kim-Mckay,1
Kim-Mitchell,1
Kim-Morgan,1
Kim-Phillips,1
Kim-Pierce,1
Kim-Reilly,1
Kim-Rodriguez,1
Kim-Sherman,1
Kim-Skinner,1
Kim-Smith,1
Kim-Stewart,1
Kim-Valencia,1
Kim-Wong,1
"King Adams Morgan, And",1
"King And Barnes, Smith",1
"King And Brown Goodwin,",1
"King And Bryant Olsen,",1
"King And French Ramirez,",1
"King And Grant Hines,",1
"King And Jones, Little",1
"King And Krause, Walker",1
"King And Lee, Hester",1
"King And Manning, Barron",1
"King And Smith, Solis",1
"King And Yates Fernandez,",1
"King Austin, And Erickson",1
"King Bates, And Kennedy",1
"King Campbell And Cline,",1
"King Carroll Tran, And",1
"King Davis And Jenkins,",1
"King Davis, And Phillips",1
"King Diaz, Bennett And",1
"King Fisher And Elliott,",1
"King Green, And Wong",1
"King Greer, And Gonzalez",1
"Adams, Randall Powers And",1
"King Henderson, Guzman And",1
"King Hernandez, And Hunter",1
"Adams, Ross Edwards And",1
"King James And Klein,",1
"King Kelly Lewis, And",1
"King Lee And Ingram,",1
Adams-Bailey,1
Adams-Barnes,1
"King Manning, And Padilla",1
"King Mcdaniel, Avila And",1
"King Osborn And Frazier,",1
Adams-Bass,1
"King Reese, And Williams",1
"King Rodriguez, Barber And",1
Adams-Bell,1
"King Taylor And Pugh,",1
"King Warren And Chung,",1
"King Weiss, And West",1
"King, Aguilar And Ellison",1
"King, And Anderson Mitchell",1
"King, And Beard Larsen",1
"King, And Grimes Richardson",1
"King, And Hernandez Garner",1
"King, And Mitchell Vega",1
"King, And Shaw Phillips",1
"King, And Williams Farrell",1
"King, Clarke And Sharp",1
"King, Ford Gates And",1
"King, Lawson Garrett And",1
"King, Lee Brown And",1
"King, Meyer Brown And",1
"King, Meza Mays And",1
"King, Miller Moore And",1
"King, Montgomery And Khan",1
"King, Moore And Flowers",1
"King, Smith And Little",1
"King, Vaughn Cantrell And",1
"King, Welch Johnson And",1
"King, Williams And Terry",1
King-Anderson,1
King-Armstrong,1
King-Ayers,1
King-Bailey,1
King-Baker,1
King-Bradley,1
King-Brown,1
King-Buck,1
King-Chavez,1
King-Coleman,1
King-Conway,1
King-Davis,1
King-Douglas,1
King-Fernandez,1
King-Fields,1
King-Fitzpatrick,1
King-Ford,1
King-Fowler,1
Adams-Bennett,1
Adams-Benson,1
King-Green,1
King-Greer,1
King-Guerrero,1
King-Hahn,1
King-Henry,1
King-Hernandez,1
King-Higgins,1
King-Hill,1
King-Hobbs,1
King-Holt,1
King-Hutchinson,1
King-Johnson,1
King-King,1
King-Martin,1
King-Martinez,1
King-Mckenzie,1
King-Miller,1
King-Morton,1
King-Murray,1
King-Nunez,1
King-Padilla,1
Adams-Best,1
King-Quinn,1
King-Ramos,1
King-Richardson,1
King-Robinson,1
King-Rowland,1
King-Russell,1
King-Santiago,1
King-Schultz,1
King-Sims,1
King-Smith,1
King-Stephens,1
King-Underwood,1
King-Vega,1
Adams-Black,1
King-Wallace,1
King-Webb,1
King-Weber,1
King-West,1
King-Whitney,1
King-Williams,1
Adams-Castillo,1
King-Yates,1
"Kirby And Dawson Edwards,",1
Adams-Castro,1
Kirby Inc,1
Kirby Plc,1
"Kirby Ryan, Andrade And",1
"Kirby, Baldwin And Carter",1
"Kirby, Erickson And Guzman",1
"Kirby, Williams And Morton",1
Kirby-Chang,1
Kirby-Oliver,1
Kirby-Payne,1
Kirk Group,1
Adams-Chase,1
Kirk Llc,1
Adams-Clark,1
"Kirk, And Becker Morse",1
"Kirk, And Jackson Anderson",1
"Kirk, And Jackson Taylor",1
"Kirk, And Robbins Ruiz",1
"Kirk, And Williams Ramirez",1
Kirk-Barrera,1
Kirk-Carlson,1
Kirk-Martin,1
Kirk-Owen,1
Kirk-Rivera,1
Kirk-Sparks,1
Kirk-Watts,1
Kirk-Wells,1
"Klein And Campbell, Wall",1
"Klein And Green Gordon,",1
"Klein And Marquez Lindsey,",1
Klein And Sons,1
"Klein And Stewart Smith,",1
Adams-Cortez,1
"Klein Huber, And Aguilar",1
Adams-Daugherty,1
"Klein Johnson And Lopez,",1
"Klein Johnson, Navarro And",1
"Klein Kerr, And Herrera",1
Adams-Dean,1
Adams-Dominguez,1
"Klein Mitchell Mitchell, And",1
Klein Sons And,1
Klein-Brown,1
Klein-Cabrera,1
Klein-Davis,1
Klein-Evans,1
Klein-Frederick,1
Klein-Guerra,1
Klein-Harris,1
Klein-Howard,1
Adams-Ferguson,1
Klein-Mckenzie,1
Klein-Obrien,1
Klein-Odom,1
Klein-Price,1
Klein-Ross,1
Klein-Scott,1
Klein-Warren,1
"Kline And Miller Guerrero,",1
Kline Inc,1
Adams-Flynn,1
Kline Plc,1
"Kline Walker Cole, And",1
"Kline, And French Morgan",1
"Kline, Davis Thomas And",1
"Kline, Harris Robles And",1
"Kline, Kelly And Rangel",1
Kline-Bonilla,1
Kline-Cooper,1
Kline-Drake,1
Kline-Hess,1
Kline-Morris,1
Kline-Morrison,1
Kline-Reyes,1
Kline-Sutton,1
Kline-Vasquez,1
"Knapp Holden, Clark And",1
Adams-Gallegos,1
Adams-Garza,1
"Knapp Snyder, And Jimenez",1
"Knapp, Davis Ortiz And",1
Knapp-Black,1
Knapp-Colon,1
Knapp-Gordon,1
Knapp-Lindsey,1
Knapp-Lyons,1
Knapp-Murphy,1
Adams-Gates,1
Knapp-Shah,1
Knapp-Turner,1
"Knight And Collins Jackson,",1
"Knight And Hernandez Washington,",1
"Knight And Nguyen, Riggs",1
"Knight And Woodard, Strickland",1
"Knight Carney, And Hamilton",1
"Knight Cochran Figueroa, And",1
"Knight Davis, Evans And",1
"Knight Dixon, White And",1
"Knight Fisher, And Vaughn",1
Knight Group,1
"Knight Hickman Jenkins, And",1
"Knight Hudson Wilson, And",1
Adams-Gomez,1
Adams-Hale,1
"Knight Martinez, Fisher And",1
"Knight Mayer Wells, And",1
"Knight Mcbride, And Palmer",1
"Knight Miles White, And",1
"Knight Norris Thomas, And",1
Adams-Harper,1
"Knight Rosales, Moore And",1
"Knight Watson Mclaughlin, And",1
"Knight Wilkerson, And Carey",1
"Knight, And Lucas Harrison",1
"Knight, Young And Brown",1
Knight-Allen,1
Knight-Ball,1
Knight-Bush,1
Knight-Hayes,1
Knight-Hernandez,1
Knight-Hughes,1
Knight-Morales,1
Knight-Ortega,1
Knight-Rangel,1
Knight-Rhodes,1
Knight-Saunders,1
Knight-Stone,1
Knight-Thomas,1
"Knox And Page, Sims",1
"Knox And Robinson Young,",1
"Knox And Stewart, Valencia",1
"Knox Foster, Jones And",1
Adams-Harrington,1
"Knox Mcfarland, Hester And",1
"Knox, And Martin Robbins",1
"Knox, Smith And Donaldson",1
Knox-Esparza,1
Knox-Fleming,1
Knox-Harris,1
Knox-Huff,1
Knox-Stanton,1
Adams-Harris,1
Koch Ltd,1
"Koch Moran, And Adams",1
"Koch Taylor And Fernandez,",1
"Koch, And Mendoza Harris",1
Koch-Acevedo,1
Koch-Alvarado,1
Koch-Brown,1
Koch-Bush,1
Koch-Davis,1
Koch-Flowers,1
Koch-Morgan,1
Koch-Reynolds,1
Koch-Schroeder,1
Koch-Simpson,1
Koch-Smith,1
"Kramer And Gonzalez Lee,",1
"Kramer And Stewart Mendoza,",1
"Kramer And Taylor, Wall",1
"Kramer Bartlett Conley, And",1
"Kramer Bean, And Lopez",1
Kramer Inc,1
"Kramer Lindsey Thomas, And",1
Kramer Plc,1
"Kramer, Flowers Combs And",1
"Kramer, Morris Chang And",1
"Kramer, Russell And Marshall",1
Kramer-Carroll,1
Kramer-Davenport,1
Kramer-Graham,1
Kramer-Hogan,1
Kramer-Johnson,1
Kramer-Moody,1
Kramer-Moreno,1
Kramer-Santos,1
Kramer-Stewart,1
Kramer-Walton,1
Kramer-Yang,1
"Krause Allen And Hill,",1
"Krause And Daniels, Newman",1
Krause Llc,1
Krause Ltd,1
Krause Plc,1
Krause Sons And,1
Krause-Barr,1
Krause-Chen,1
Krause-Goodman,1
Krause-Rodriguez,1
"Krueger Burns, And Harris",1
Krueger Group,1
"Krueger Manning Santiago, And",1
"Krueger, Mcclure Davis And",1
"Krueger, Moody Bell And",1
Krueger-Bennett,1
Krueger-Browning,1
Krueger-Duran,1
Krueger-Larsen,1
Krueger-Miller,1
Krueger-Schwartz,1
"Lam And Dyer, Smith",1
"Lam Anderson, Olson And",1
"Lam Henry And Baker,",1
"Lam Long, Poole And",1
"Lam Lucero And Lopez,",1
"Lam Rosario, And Garcia",1
Lam-Mendoza,1
Lam-Wolfe,1
"Lamb And Carey Liu,",1
"Lamb And Ellis Harrington,",1
"Lamb Archer, Clayton And",1
"Lamb Bush, And Salas",1
Lamb Llc,1
"Lamb Mckee And Garcia,",1
"Lamb, Poole Sanders And",1
"Lamb, Snyder Elliott And",1
Lamb-Alexander,1
Lamb-Allen,1
Lamb-Bowen,1
Lamb-Brown,1
Lamb-Ferguson,1
Lamb-Hansen,1
Lamb-Henry,1
Lamb-Herrera,1
Lamb-Hunt,1
Lamb-Johnson,1
Lamb-Matthews,1
Lamb-Mcneil,1
Lamb-Mills,1
Lamb-Morrison,1
Lamb-Rosario,1
Lamb-Ward,1
"Lambert And Smith, Yoder",1
"Lambert Gilmore, Campbell And",1
Adams-Henry,1
"Lambert Jackson Clark, And",1
"Lambert Joseph, Davis And",1
"Lambert Klein, Valdez And",1
Adams-Hicks,1
"Lambert Nguyen And Summers,",1
"Lambert Rowe Thomas, And",1
"Lambert Warren And Carey,",1
"Lambert, And Barry Jones",1
"Lambert, And Joseph Holland",1
"Lambert, And Parsons Rios",1
"Lambert, And Smith Duran",1
"Lambert, And Smith Torres",1
"Lambert, Cooper Smith And",1
"Lambert, Jones Gordon And",1
Lambert-Allen,1
Lambert-Brandt,1
Lambert-Chambers,1
Lambert-Collins,1
Lambert-Garcia,1
Lambert-Hartman,1
Lambert-Jones,1
Lambert-Lane,1
Lambert-Richardson,1
Lambert-Rogers,1
Lambert-Snyder,1
Lambert-Thomas,1
Lambert-Walker,1
Landry Group,1
Landry Inc,1
Landry Llc,1
"Landry, Duarte And Owens",1
"Landry, Frye And Martin",1
"Landry, Jones Marquez And",1
"Landry, Martin And Smith",1
"Landry, Powell Mills And",1
Landry-Fitzpatrick,1
Landry-Kim,1
Landry-Mendoza,1
Landry-Sherman,1
"Lane And Lee Nguyen,",1
Lane And Sons,1
"Lane Collins, And Adams",1
"Lane Evans And Cooper,",1
Adams-Hinton,1
"Lane Herrera Cruz, And",1
Adams-Howard,1
"Lane Jackson, Soto And",1
"Lane Kennedy, And Mccoy",1
"Lane Klein, Garcia And",1
Adams-Jackson,1
Lane Ltd,1
"Lane Murray And Young,",1
"Lane Nelson, And Evans",1
Adams-Kim,1
"Lane Riley And Fisher,",1
Lane Sons And,1
"Lane Stafford, And Johnson",1
"Lane, Gordon And Mahoney",1
Lane-Cline,1
Lane-Cruz,1
Lane-Daniels,1
Lane-Duncan,1
Lane-Kelly,1
Lane-Larson,1
Lane-Lee,1
Lane-Martinez,1
Lane-Monroe,1
Lane-Moon,1
Lane-Pitts,1
Lane-Sparks,1
Lane-Villegas,1
"Lang And Ford Garcia,",1
"Lang And Holloway, Erickson",1
"Lang And Santos Vaughan,",1
Lang And Sons,1
"Lang And Yu, Taylor",1
Lang Group,1
Lang Inc,1
Lang Llc,1
"Lang White And Jennings,",1
Lang-Baker,1
Lang-Cain,1
Lang-Hill,1
Lang-Johnson,1
Lang-Morrison,1
Lang-Smith,1
Lang-Torres,1
"Lara And Clark Copeland,",1
"Lara And Dixon, Morris",1
"Lara And Parker, Dunn",1
Adams-Krause,1
"Lara Burgess And Bray,",1
Adams-Lee,1
Lara Llc,1
"Lara Malone, Snow And",1
"Lara Martinez, Black And",1
Adams-Marquez,1
Lara-Alexander,1
Lara-Allen,1
Lara-Diaz,1
Lara-Knight,1
Lara-Lyons,1
Lara-Manning,1
Lara-Marquez,1
Lara-Mitchell,1
Lara-Paul,1
Lara-Turner,1
"Larsen And Krueger, Branch",1
"Larsen And Sanford, Fernandez",1
"Larsen Andrade Medina, And",1
"Larsen, Charles And Jones",1
"Larsen, Garcia And Pitts",1
Larsen-Alvarado,1
Larsen-Bennett,1
Larsen-Christensen,1
Larsen-Coleman,1
Larsen-Davis,1
Larsen-Dean,1
Adams-Martin,1
Larsen-Marquez,1
Larsen-Moran,1
Larsen-Vega,1
"Larson And Evans Gonzales,",1
"Larson And Gallagher Jimenez,",1
"Larson And Golden Bowman,",1
"Larson Andrews, And Lynch",1
"Larson Cooper And Ochoa,",1
"Larson Duarte, And Andrews",1
Larson Group,1
"Larson Heath, And Richard",1
"Larson Howell Sparks, And",1
"Larson Hunt And Brown,",1
Adams-Massey,1
"Larson Lewis, Mitchell And",1
Adams-Mcclure,1
"Larson Martinez And Schmidt,",1
"Larson Mayer Smith, And",1
Adams-Mcgrath,1
"Larson Robbins And Chapman,",1
"Larson Rocha Murphy, And",1
"Larson, And Barber Mckenzie",1
"Larson, And Blankenship Nguyen",1
"Larson, And Garner Jimenez",1
"Larson, And Kramer Bray",1
"Larson, Austin Gonzalez And",1
"Larson, Deleon Edwards And",1
"Larson, Proctor Cooper And",1
"Larson, Ruiz Nguyen And",1
"Larson, Simpson Jenkins And",1
Larson-Anderson,1
Larson-Collier,1
Larson-Conway,1
Larson-Day,1
Larson-Fitzgerald,1
Larson-Garrett,1
Larson-Hall,1
Larson-Hernandez,1
Larson-Hill,1
Larson-Hurst,1
Larson-Jordan,1
Larson-Knox,1
Larson-Olson,1
Larson-Roberts,1
Adams-Mendoza,1
Larson-Townsend,1
"Lawrence And Bean Barton,",1
"Lawrence And Buchanan, Mann",1
"Lawrence And Cooper Saunders,",1
"Lawrence And Johnson, Best",1
"Lawrence And Roman Cantu,",1
"Lawrence And Sellers, Williams",1
"Lawrence And Smith Stewart,",1
"Lawrence And Valenzuela, Jones",1
"Lawrence Flores, And Brown",1
"Lawrence Harrison, And Williams",1
"Lawrence Henderson, And Paul",1
Adams-Mitchell,1
Adams-Molina,1
Adams-Nash,1
"Lawrence Mccall, And Arellano",1
Adams-Ortega,1
"Lawrence Snyder Bradley, And",1
"Lawrence Solis Peters, And",1
Lawrence Sons And,1
"Lawrence Walker And Cooper,",1
"Lawrence Young And Fleming,",1
"Lawrence, And Bryant Pollard",1
"Lawrence, Jackson And White",1
"Lawrence, Lopez Dunlap And",1
"Lawrence, Maldonado Johnson And",1
"Lawrence, Martin Long And",1
"Lawrence, Schaefer Blanchard And",1
"Lawrence, Turner Best And",1
Lawrence-Barton,1
Lawrence-Clark,1
Lawrence-Deleon,1
Lawrence-Eaton,1
Lawrence-Ferguson,1
Lawrence-Jackson,1
Adams-Reynolds,1
Adams-Rice,1
Lawrence-Keller,1
Lawrence-Mason,1
Lawrence-Perkins,1
Lawrence-Riley,1
Lawrence-Terry,1
Lawrence-Townsend,1
Lawrence-Turner,1
Lawrence-Wilson,1
"Lawson And Barnes, Wright",1
"Lawson And Butler, Jones",1
Lawson Group,1
Lawson Inc,1
"Lawson Lang, Zamora And",1
Adams-Richardson,1
Adams-Rodriguez,1
"Lawson Werner Johnson, And",1
"Lawson, And Jones Floyd",1
"Lawson, Cochran Manning And",1
"Lawson, King And Holland",1
"Lawson, Li And Hensley",1
"Lawson, Randall Mcdonald And",1
Lawson-Caldwell,1
Lawson-Curry,1
Lawson-Freeman,1
Lawson-Mcbride,1
Lawson-Park,1
Lawson-Randolph,1
Lawson-Reeves,1
Lawson-Rodriguez,1
Lawson-Russell,1
Lawson-Stevenson,1
Lawson-Williams,1
Le Group,1
Le Inc,1
Le Ltd,1
"Le Meyers, Smith And",1
Adams-Salazar,1
"Le, Harper And Daniel",1
"Le, Salazar And Snow",1
Le-Blair,1
Le-Clark,1
Le-Fernandez,1
Le-Hawkins,1
Adams-Savage,1
Le-Martin,1
Le-Randolph,1
Le-Watson,1
Le-Wells,1
"Leach Holland And Conway,",1
Leach Inc,1
Adams-Smith,1
Leach Ltd,1
Adams-Stewart,1
"Leach Ward And Johnson,",1
"Leach, And Orozco Wolfe",1
"Leach, Martinez Taylor And",1
"Leach, Morrow And Jones",1
Leach-Reed,1
Leach-Reyes,1
Leach-Williams,1
"Leblanc And Gill Wells,",1
"Leblanc And Phillips, Ramirez",1
"Leblanc Anderson And White,",1
"Leblanc Conway, Holt And",1
Leblanc Llc,1
Leblanc Ltd,1
"Leblanc Mueller Hughes, And",1
"Leblanc Parsons, Mckinney And",1
"Leblanc Wilson, Ball And",1
"Leblanc, Cole Simon And",1
Leblanc-Bird,1
Leblanc-Ford,1
Leblanc-Long,1
Leblanc-Roth,1
Leblanc-Winters,1
"Lee And Anthony Torres,",1
"Lee And Cobb Huerta,",1
"Lee And Flores, Carter",1
"Lee And Garcia, Patrick",1
"Lee And Kaiser Shah,",1
"Lee And Kaufman Robinson,",1
"Lee And Martin Hubbard,",1
"Lee And Miranda, Watson",1
"Lee And Pitts Nelson,",1
"Lee And Smith Villanueva,",1
"Lee And Smith, Lucas",1
Lee And Sons,1
"Lee And White, Edwards",1
"Lee Bowen, Newman And",1
"Lee Bowman Cooper, And",1
"Lee Bradford, And Lopez",1
"Lee Brewer And Walters,",1
"Lee Bryan Rogers, And",1
"Lee Burns, And Mckinney",1
"Lee Chambers And Murphy,",1
"Lee Chambers, And Foley",1
"Lee Chavez, Warner And",1
"Lee Clark Hatfield, And",1
"Lee Coleman, Mendoza And",1
"Lee Collier, And Browning",1
"Lee Conner And Bradley,",1
"Lee Cook Barton, And",1
"Lee Cox Barnes, And",1
"Lee Dominguez Osborne, And",1
"Lee Durham Rose, And",1
"Lee Ellison, Wilcox And",1
"Lee Gonzalez And Harris,",1
"Lee Gordon, Allison And",1
Adams-Stuart,1
"Lee Henson And Peters,",1
"Lee Hernandez, And Roberts",1
"Lee Howell And Perkins,",1
"Lee Howell Parker, And",1
Adams-Valencia,1
"Lee Jackson And Wood,",1
"Lee Johnson, Smith And",1
Adams-Vazquez,1
Adams-Velasquez,1
"Lee Matthews Davis, And",1
"Lee Meyers And Wilson,",1
"Lee Palmer And Mccall,",1
Adams-Velez,1
"Lee Pugh, And Orozco",1
"Lee Reid Santiago, And",1
"Lee Robinson Juarez, And",1
"Lee Rodriguez Hobbs, And",1
"Lee Scott Bryant, And",1
"Lee Smith Valencia, And",1
Adams-Woods,1
"Lee Sparks, Valdez And",1
"Lee Vasquez, And Thompson",1
"Lee West Williams, And",1
"Lee Wiley, Sosa And",1
"Lee Wilkins And Ramirez,",1
"Lee, And Jackson Mack",1
"Lee, And Nicholson Ewing",1
"Lee, Brown And Holloway",1
"Lee, Cruz Davis And",1
"Lee, Davidson Little And",1
"Lee, Flores Bullock And",1
"Lee, Gonzalez Mckay And",1
"Lee, Hawkins And Sanchez",1
"Lee, Hendrix Ashley And",1
"Lee, Johnson Fisher And",1
"Lee, Kim And Gallagher",1
"Lee, Maldonado James And",1
"Lee, Martinez Hart And",1
"Lee, Miller And Mays",1
"Lee, Miller Lynch And",1
"Lee, Neal Rocha And",1
"Lee, Palmer And Nguyen",1
"Lee, Parker Weber And",1
"Lee, Perez And Alexander",1
"Lee, Ponce And Ayala",1
"Lee, Reynolds And Richardson",1
"Lee, Rivers And Johnson",1
"Lee, Rodgers Nelson And",1
"Lee, Wu Mercado And",1
Lee-Ali,1
Lee-Anderson,1
Lee-Ball,1
Lee-Barnes,1
Lee-Best,1
Lee-Bradley,1
Lee-Brennan,1
Lee-Bridges,1
Lee-Brown,1
Lee-Burton,1
Lee-Carter,1
Lee-Casey,1
Lee-Chapman,1
Lee-Clarke,1
Lee-Clayton,1
Lee-Combs,1
Lee-Cox,1
Lee-Craig,1
Lee-Davidson,1
Lee-Dawson,1
Lee-Dominguez,1
Lee-Douglas,1
Lee-Edwards,1
Lee-Ellis,1
Lee-Fields,1
Lee-Fitzgerald,1
Lee-Fletcher,1
Lee-Ford,1
Lee-Gibson,1
Lee-Gomez,1
Lee-Gonzalez,1
Lee-Guzman,1
Lee-Hansen,1
Lee-Harris,1
Lee-Hernandez,1
Lee-Hill,1
Lee-Holmes,1
Lee-Howard,1
Lee-Hudson,1
Lee-Humphrey,1
Lee-Jacobson,1
Lee-Jefferson,1
Lee-Jensen,1
Adkins Group,1
Lee-Kelley,1
Lee-King,1
Lee-Lee,1
Lee-Lewis,1
Lee-Livingston,1
Lee-Martinez,1
Lee-Mays,1
Lee-Meyer,1
"Adkins Hale Mueller, And",1
Lee-Moran,1
"Adkins Knapp And Richards,",1
Lee-Nguyen,1
Lee-Nielsen,1
Lee-Norton,1
Lee-Olson,1
Lee-Orozco,1
Lee-Ortiz,1
Lee-Pearson,1
Lee-Peterson,1
Lee-Reilly,1
Lee-Roach,1
Adkins Llc,1
Lee-Rodgers,1
Adkins Plc,1
Lee-Stuart,1
Lee-Sullivan,1
Lee-Tate,1
Lee-Thomas,1
Lee-Vasquez,1
Lee-Wallace,1
Lee-Weiss,1
Lee-White,1
Lee-Wilson,1
"Adkins Torres Graves, And",1
"Adkins Wade Simmons, And",1
Leon And Sons,1
"Leon Duncan And Henderson,",1
Leon Llc,1
Leon Ltd,1
"Leon Mcfarland Wise, And",1
"Adkins, And Morrow Russo",1
"Leon Salinas, And Johnson",1
"Leon, Smith And Leblanc",1
Leon-Barajas,1
Leon-Bradley,1
Leon-Cervantes,1
Leon-Clark,1
Leon-Holland,1
"Leonard And Olson Lynch,",1
"Leonard And Turner, Berger",1
"Leonard Cooper And May,",1
"Leonard Hanson Mcdonald, And",1
Leonard Ltd,1
Leonard Plc,1
"Leonard Ramirez, Hunter And",1
"Leonard Watkins, Marshall And",1
"Leonard, Jacobson Schmidt And",1
"Leonard, Sandoval Wall And",1
"Leonard, Schroeder Avila And",1
Leonard-Chapman,1
Leonard-Phillips,1
Leonard-Thompson,1
Leonard-Turner,1
Leonard-Walter,1
Leonard-Washington,1
"Lester And Larson Spence,",1
"Lester And Woodard Yang,",1
"Lester Brown, Contreras And",1
Lester Group,1
Lester Inc,1
"Adkins, Garcia Pratt And",1
"Lester, Robles And Jackson",1
Lester-Fletcher,1
Lester-Hamilton,1
Lester-Johnson,1
Lester-Park,1
Lester-Rogers,1
Lester-Taylor,1
Lester-Wilson,1
Lester-Wolfe,1
"Levine And Schmidt, Chavez",1
"Levine Arnold, Bauer And",1
Levine Ltd,1
Levine Plc,1
"Levine, And Becker Parker",1
Levine-Cook,1
Levine-Giles,1
Levine-Khan,1
Levine-Miller,1
Levine-Stephens,1
"Levy Fisher And Carroll,",1
Levy Group,1
"Adkins, Guerrero And Kelly",1
"Levy Santos, Cunningham And",1
"Levy Wolfe, Jackson And",1
Levy-Matthews,1
Levy-Robertson,1
"Adkins, Logan And Johnson",1
Levy-Watson,1
Levy-Webster,1
Levy-Wells,1
"Lewis Allison Callahan, And",1
"Lewis And Andrews, Tucker",1
"Lewis And Blair Coleman,",1
"Lewis And Carlson Johnson,",1
"Lewis And Collier Mcneil,",1
"Lewis And Cruz, Mccarthy",1
"Lewis And Fuller Beck,",1
"Lewis And Garcia Adams,",1
"Lewis And Garcia Barber,",1
"Lewis And Hartman French,",1
"Lewis And Hudson Reid,",1
"Lewis And Kemp Diaz,",1
"Lewis And Kennedy Webb,",1
"Lewis And Miller Baxter,",1
"Lewis And Nelson Farmer,",1
"Lewis And Pena Davis,",1
"Lewis And Ruiz Floyd,",1
"Lewis And Shelton, Long",1
Adkins-Avila,1
"Lewis And Valdez, Blake",1
"Lewis And Wood Allen,",1
"Lewis Beard, And Washington",1
"Lewis Bishop, And Adams",1
"Lewis Brown And Hernandez,",1
"Lewis Brown And Williams,",1
"Lewis Clarke Wood, And",1
"Lewis Donaldson, Richardson And",1
"Lewis Floyd Nguyen, And",1
"Lewis Frost, And Johnston",1
Adkins-Black,1
Adkins-Cantu,1
"Lewis Johnson Peterson, And",1
"Lewis Lewis, Adams And",1
"Lewis Livingston, Lowe And",1
Adkins-Carter,1
Adkins-Cox,1
"Lewis Lutz, Cruz And",1
"Lewis Nelson, Bailey And",1
"Lewis Olsen And Mcguire,",1
"Lewis Parrish Wolf, And",1
"Lewis Perez Baker, And",1
Adkins-Gonzalez,1
"Lewis Ramirez, And Obrien",1
"Lewis Ramsey And Mclaughlin,",1
"Lewis Rogers Sandoval, And",1
"Lewis Rollins And Nicholson,",1
"Lewis Skinner And Miller,",1
"Lewis Smith, Hill And",1
"Lewis Washington And Walker,",1
"Lewis, And Cole Vasquez",1
"Lewis, And Hughes Hudson",1
"Lewis, And Manning Tran",1
"Lewis, And Marshall Holt",1
"Lewis, And Stanley Hayes",1
"Lewis, And Stone Beck",1
"Lewis, And Thompson Smith",1
"Lewis, And Zuniga Smith",1
"Lewis, Baker Parker And",1
"Lewis, Brown And Freeman",1
"Lewis, Flynn And Barker",1
"Lewis, Gallagher Mcgee And",1
"Lewis, Garcia And Jones",1
"Lewis, Garcia Clark And",1
"Lewis, Gibbs And Powell",1
"Lewis, Hooper And Khan",1
"Lewis, Hughes Baker And",1
"Lewis, King Hancock And",1
"Lewis, Lee And Boyd",1
"Lewis, Levy And Norton",1
"Lewis, Maxwell Hubbard And",1
"Lewis, Rivera Walsh And",1
"Lewis, Schmidt Mcintyre And",1
"Lewis, Wilson And Mclaughlin",1
Adkins-Griffin,1
Lewis-Anderson,1
Lewis-Ayala,1
Lewis-Bell,1
Lewis-Black,1
Lewis-Brewer,1
Adkins-Holmes,1
Lewis-Bryan,1
Lewis-Burton,1
Lewis-Bush,1
Lewis-Byrd,1
Lewis-Duarte,1
Lewis-Duncan,1
Lewis-Erickson,1
Lewis-Evans,1
Lewis-Fletcher,1
Adkins-Martin,1
Lewis-Gallegos,1
Lewis-Garcia,1
Lewis-Gill,1
Lewis-Gonzalez,1
Lewis-Greene,1
Lewis-Griffith,1
Lewis-Hale,1
Lewis-Henry,1
Lewis-Hopkins,1
Lewis-Howard,1
Lewis-Hubbard,1
Lewis-Humphrey,1
Lewis-James,1
Lewis-Jones,1
Lewis-Jordan,1
Lewis-Kelley,1
Lewis-Lee,1
Lewis-Lewis,1
Lewis-Liu,1
Lewis-Long,1
Adkins-Scott,1
Lewis-Martinez,1
Lewis-Mcdonald,1
Lewis-Mcmahon,1
Lewis-Mcneil,1
Lewis-Mendoza,1
Lewis-Miller,1
Lewis-Miranda,1
Lewis-Mitchell,1
"Aguilar Adams, And Morrison",1
Lewis-Murphy,1
Lewis-Norris,1
Lewis-Orozco,1
Lewis-Ortiz,1
Lewis-Patton,1
Lewis-Pena,1
Lewis-Powell,1
Lewis-Reyes,1
Lewis-Rivera,1
Lewis-Rodriguez,1
Lewis-Rollins,1
Lewis-Russell,1
Lewis-Scott,1
Lewis-Simpson,1
"Aguilar Aguilar Tyler, And",1
Lewis-Steele,1
Lewis-Taylor,1
"Aguilar Cardenas And Frederick,",1
Aguilar Group,1
Lewis-Turner,1
Lewis-Vega,1
"Aguilar Guzman, And Pratt",1
"Aguilar Kim And Baker,",1
Lewis-Wilson,1
Lewis-Yang,1
"Li And Jones, Carroll",1
Li Inc,1
Li Ltd,1
"Aguilar Klein, Thompson And",1
Li-Bowman,1
Li-Daniels,1
Li-Hooper,1
Li-Lopez,1
Li-Mcneil,1
Li-Myers,1
Li-Tucker,1
"Lin Chan, And Moreno",1
Lin Group,1
"Lin Rowe Lawson, And",1
"Lin Thompson Wells, And",1
"Lin, And Hayes Bowman",1
"Lin, Reese And Nelson",1
"Lin, Sanchez Carroll And",1
Lin-Alexander,1
Lin-Burns,1
Lin-Chen,1
Lin-Cook,1
Lin-Harris,1
Lin-Herrera,1
Lin-Long,1
"Lindsey And Keller Taylor,",1
"Lindsey And Murphy, Jensen",1
"Lindsey Berger, And Dunn",1
Lindsey Group,1
Lindsey Inc,1
"Aguilar Lawson And Joseph,",1
"Aguilar Miller, Allen And",1
"Lindsey Roberts Vega, And",1
"Lindsey Valdez, And Snyder",1
"Lindsey, And Russell Choi",1
"Lindsey, Frederick And Franco",1
"Lindsey, Martinez And Evans",1
"Lindsey, Schultz Peterson And",1
Lindsey-Brown,1
Lindsey-Coleman,1
Lindsey-Duran,1
Lindsey-Fleming,1
Lindsey-Harrington,1
Lindsey-Jones,1
Lindsey-Matthews,1
Lindsey-Palmer,1
Lindsey-Ross,1
Lindsey-Sanchez,1
Lindsey-Snyder,1
Lindsey-Watson,1
"Little And Bowen, Browning",1
"Little And Lee Perez,",1
Little And Sons,1
"Little And Torres, Jones",1
"Aguilar Mullins And Schmidt,",1
Aguilar Sons And,1
"Aguilar, And Dean Williams",1
"Little Moore, Ellis And",1
"Aguilar, And Wilson Perez",1
"Little Reyes, And Weber",1
"Little Roberts, And Sandoval",1
"Little Robinson And Parker,",1
"Little Sanchez, And Foster",1
"Little, And Flores Simmons",1
"Little, And Stewart Miller",1
"Little, Gibson Williams And",1
Little-Berger,1
Little-Gonzalez,1
Little-Green,1
Little-Harrison,1
Little-King,1
Little-Phillips,1
Little-Potter,1
Little-Roth,1
Little-Yang,1
"Liu And Ponce, Black",1
"Aguilar, Castaneda And Johnson",1
"Liu Long Lawson, And",1
"Liu Rodriguez And Torres,",1
"Liu, Smith And Adams",1
Liu-Bond,1
Liu-Chambers,1
Liu-Rogers,1
Liu-Steele,1
Liu-Wilson,1
"Livingston Cline, Scott And",1
"Livingston Hanson, Allison And",1
"Livingston Jennings And Griffin,",1
"Livingston Miller, And Dixon",1
Livingston Plc,1
"Livingston Vaughn, Lynch And",1
"Livingston, Allen And Burns",1
"Livingston, And George Brewer",1
"Livingston, And Mendez Harris",1
Livingston-Adams,1
Livingston-Foster,1
Livingston-Garcia,1
Livingston-Rasmussen,1
Livingston-Smith,1
Livingston-Spears,1
"Aguilar, Schwartz And Molina",1
"Aguilar, Spencer Sanders And",1
Aguilar-Bass,1
Aguilar-Blake,1
Aguilar-Conley,1
Llc Alvarado,1
Aguilar-Ellison,1
Aguilar-Freeman,1
Aguilar-Guzman,1
Llc Archer,1
Llc Arellano,1
Aguilar-Harris,1
Llc Arroyo,1
Llc Atkins,1
Llc Atkinson,1
Aguilar-Hill,1
Llc Avery,1
Aguilar-Howard,1
Llc Ayers,1
Aguilar-Leonard,1
Aguilar-Lopez,1
Aguilar-Lowery,1
Llc Baldwin,1
Aguilar-Martinez,1
Llc Ballard,1
Llc Banks,1
Llc Barber,1
Aguilar-Moreno,1
Aguilar-Parsons,1
Aguilar-Pearson,1
Llc Barry,1
Llc Bartlett,1
Aguilar-Scott,1
Aguilar-Silva,1
Llc Bautista,1
Llc Baxter,1
Aguilar-Vega,1
Llc Benjamin,1
Aguilar-Waller,1
Llc Benson,1
"Aguirre Bell, And Ramsey",1
Llc Berg,1
"Aguirre Turner, Reed And",1
Aguirre-Christensen,1
Aguirre-Davis,1
Llc Blackburn,1
Aguirre-Edwards,1
Aguirre-Graves,1
Llc Blanchard,1
Llc Blankenship,1
Llc Boone,1
Llc Bowers,1
Aguirre-Pennington,1
Llc Boyd,1
Aguirre-Perkins,1
Llc Boyle,1
Aguirre-Pugh,1
Llc Brady,1
Llc Brewer,1
Llc Bridges,1
Llc Brock,1
Aguirre-Rodriguez,1
Aguirre-Sims,1
Llc Buchanan,1
Llc Buckley,1
Aguirre-Wang,1
Llc Burch,1
Llc Burgess,1
Llc Burke,1
Llc Burton,1
Aguirre-Williams,1
"Alexander And Castillo, Mason",1
Llc Byrd,1
Llc Cabrera,1
Llc Calderon,1
"Alexander And Graham Jennings,",1
Llc Calhoun,1
Llc Camacho,1
"Alexander And Jensen Andrews,",1
"Alexander Hays, And Hernandez",1
Alexander Ltd,1
Llc Carey,1
"Alexander Martinez, Love And",1
Llc Carr,1
"Alexander Patton, Lowery And",1
"Alexander Simmons And Martinez,",1
"Alexander Turner, Stout And",1
"Alexander Wagner And Hill,",1
"Alexander Williams And Dixon,",1
"Alexander, And Ewing Lopez",1
Llc Chandler,1
Llc Chaney,1
Llc Chang,1
Llc Charles,1
Llc Chase,1
"Alexander, And Norris Williams",1
"Alexander, Baker Howell And",1
Llc Cherry,1
"Alexander, Morris And Hayes",1
"Alexander, Schneider And Wilson",1
Llc Clayton,1
Llc Cobb,1
Alexander-Austin,1
Alexander-Bradley,1
Alexander-Brady,1
Alexander-Brooks,1
Llc Combs,1
Llc Compton,1
Llc Conley,1
Llc Conner,1
Alexander-Cantu,1
Llc Cooley,1
Alexander-Duncan,1
Llc Copeland,1
Llc Cowan,1
Alexander-Gallagher,1
Llc Craig,1
Llc Crane,1
Llc Crawford,1
Llc Crosby,1
Llc Cross,1
Alexander-George,1
Llc Cummings,1
Llc Cunningham,1
Alexander-Lopez,1
Alexander-Manning,1
Llc Daniel,1
Alexander-Mcdaniel,1
Llc David,1
Alexander-Middleton,1
Llc Dean,1
Alexander-Murphy,1
Llc Diaz,1
Llc Dickerson,1
Llc Dixon,1
Llc Donovan,1
Alexander-Nichols,1
Llc Dougherty,1
Alexander-Oconnor,1
Alexander-Sanchez,1
Llc Drake,1
Llc Dudley,1
Alexander-Saunders,1
Llc Durham,1
Llc Eaton,1
Alexander-Silva,1
Alexander-Snyder,1
Llc Ellis,1
Llc English,1
Llc Erickson,1
Alexander-Soto,1
Llc Estrada,1
Alexander-Stone,1
Llc Farrell,1
Llc Ferguson,1
Alexander-Villa,1
Llc Ferrell,1
Llc Fields,1
Llc Finley,1
Llc Fisher,1
Alexander-Walker,1
Llc Fleming,1
Llc Fletcher,1
Alexander-White,1
Llc Flowers,1
Llc Floyd,1
Llc Flynn,1
Llc Foley,1
"Ali And Chambers, Dawson",1
Llc Fowler,1
"Ali And Cox Johnson,",1
Llc Francis,1
Llc Franco,1
Ali And Sons,1
"Ali And Vargas Montes,",1
Llc Frye,1
"Ali Fischer And Howe,",1
Llc Gallagher,1
Llc Gamble,1
Ali Group,1
Ali Plc,1
Ali Sons And,1
Llc Garrett,1
Llc Garza,1
Llc Gates,1
Llc George,1
"Ali, Cooper Gilbert And",1
Llc Gilbert,1
Ali-Adams,1
Llc Gilmore,1
Llc Glass,1
Ali-Baird,1
Llc Golden,1
Llc Gomez,1
Ali-Byrd,1
Ali-Harris,1
Llc Goodwin,1
Ali-James,1
Llc Graham,1
Ali-Marsh,1
Llc Gray,1
Ali-Warren,1
Llc Greene,1
"Allen And Bell, Bell",1
Llc Grimes,1
"Allen And Blackwell Morgan,",1
Llc Guerra,1
"Allen And Decker, Gonzales",1
"Allen And Duncan Wright,",1
"Allen And Gray, Scott",1
"Allen And Ho Wheeler,",1
"Allen And Hodge Williams,",1
"Allen And Holmes Schmidt,",1
Llc Hammond,1
Llc Hampton,1
Llc Hancock,1
"Allen And Holt, Ford",1
"Allen And Kelly Garrett,",1
"Allen And Moore Holmes,",1
"Allen And Page Graves,",1
"Allen And Smith Tran,",1
"Allen And Taylor, Matthews",1
"Allen And Valdez, Cantrell",1
"Allen And Warren Johnson,",1
"Allen And Wilson Rollins,",1
"Allen Baker, Ross And",1
Llc Hartman,1
"Allen Black, And Collins",1
Llc Hatfield,1
"Allen Campbell, And Hurst",1
"Allen Carney And Heath,",1
"Allen Castro And Hill,",1
"Allen Davis Todd, And",1
Llc Hebert,1
"Allen Decker Taylor, And",1
Llc Hendrix,1
Llc Henson,1
"Allen Garcia And Wolf,",1
Llc Herrera,1
Llc Hickman,1
Llc Higgins,1
"Allen Garcia, Johnson And",1
Llc Hines,1
Llc Hinton,1
"Allen Gonzales And Hill,",1
Llc Hobbs,1
"Allen Harrington Grant, And",1
Llc Hodges,1
Llc Holland,1
"Allen Hurst, Gonzalez And",1
"Allen Johnson, Meyers And",1
Llc Holt,1
"Allen Orr, And Frye",1
"Allen Parker And Estes,",1
Llc Horn,1
"Allen Payne, Hamilton And",1
Llc Houston,1
"Allen Pearson And Kaiser,",1
Llc Howe,1
Llc Howell,1
Llc Huang,1
Llc Hudson,1
Llc Huff,1
Llc Huffman,1
Llc Hughes,1
"Allen Pitts, Bryan And",1
Llc Hurley,1
Llc Hurst,1
Llc Hutchinson,1
"Allen Rodriguez, And Stewart",1
Allen Sons And,1
Llc Jarvis,1
"Allen Sparks And Soto,",1
Llc Jennings,1
"Allen Stanley, Woods And",1
"Allen Thompson, And Mcdonald",1
Llc Johns,1
"Allen Watson And Robinson,",1
"Allen Watson Nguyen, And",1
"Allen, And Barnes Smith",1
Llc Jordan,1
Llc Joseph,1
Llc Joyce,1
"Allen, And Blackwell Taylor",1
Llc Kaufman,1
"Allen, And Fischer Richardson",1
Llc Kelley,1
"Allen, And Jackson Harrell",1
Llc Kennedy,1
Llc Kerr,1
Llc Khan,1
"Allen, And Jensen Hurley",1
"Allen, And Parker Lynch",1
"Allen, And Rodriguez Randolph",1
"Allen, And Velasquez Wilcox",1
Llc Knox,1
Llc Kramer,1
Llc Krause,1
"Allen, Cantu Orozco And",1
"Allen, Chaney Rice And",1
Llc Lang,1
"Allen, Cross And Collins",1
"Allen, Davies And Mcintyre",1
Llc Lawrence,1
Llc Lawson,1
"Allen, Frank Moore And",1
Llc Leon,1
Llc Lester,1
"Allen, Harrell Schmidt And",1
Llc Li,1
Llc Liu,1
Llc Logan,1
"Allen, Jackson And Brown",1
"Allen, Jackson And Walker",1
Llc Love,1
Llc Lowe,1
"Allen, Jenkins Mcknight And",1
Llc Lynch,1
Llc Macdonald,1
Llc Maddox,1
Llc Mahoney,1
"Allen, Johns And Holland",1
Llc Mann,1
"Allen, Johnson And Cooper",1
"Allen, Miller And Reed",1
"Allen, Quinn Mitchell And",1
"Allen, Turner And Allen",1
"Allen, Wall And Wade",1
"Allen, Williams And Phillips",1
Llc Mata,1
Llc Mathis,1
Allen-Allen,1
Llc Maxwell,1
Allen-Anderson,1
Llc Mayo,1
Allen-Austin,1
Llc Mccarthy,1
Allen-Bond,1
Llc Mcconnell,1
Allen-Byrd,1
Llc Mccoy,1
Llc Mccullough,1
Llc Mcdowell,1
Allen-Campbell,1
Llc Mckay,1
Allen-Cherry,1
Llc Mckinney,1
Llc Mcneil,1
Llc Medina,1
Allen-Cooke,1
Allen-Copeland,1
Llc Mercado,1
Llc Merritt,1
Allen-Cowan,1
Llc Michael,1
Allen-Crawford,1
Llc Miles,1
Allen-Cunningham,1
Allen-Davenport,1
Llc Miranda,1
Allen-Deleon,1
Llc Molina,1
Allen-Duran,1
Llc Moody,1
Allen-Evans,1
Allen-Ferguson,1
Allen-Ford,1
Allen-Foster,1
Allen-French,1
Allen-Garcia,1
Allen-Gomez,1
Allen-Gray,1
Allen-Hernandez,1
Llc Mullins,1
Allen-Hill,1
Allen-Hoffman,1
Allen-Holland,1
Allen-Horn,1
Allen-Horne,1
Llc Nichols,1
Llc Nicholson,1
Llc Nolan,1
Llc Norman,1
Llc Norris,1
Llc Novak,1
Llc Nunez,1
Llc Olsen,1
Allen-Howell,1
Allen-James,1
Allen-Jones,1
Llc Orr,1
Allen-Leon,1
Allen-Lowery,1
Allen-Lynch,1
Allen-Marshall,1
Llc Pacheco,1
Allen-Mcguire,1
Allen-Mckee,1
Allen-Moore,1
Llc Parker,1
Allen-Morales,1
Llc Parrish,1
Llc Patel,1
Llc Patrick,1
Allen-Mueller,1
Llc Peck,1
Llc Pena,1
Allen-Newton,1
Allen-Nguyen,1
Allen-Ortiz,1
Llc Peters,1
Allen-Parrish,1
Llc Petty,1
Llc Phelps,1
Allen-Powers,1
Llc Pineda,1
Llc Ponce,1
Allen-Ramos,1
Llc Potter,1
Llc Potts,1
Allen-Rice,1
Llc Powers,1
Allen-Rich,1
Llc Prince,1
Llc Proctor,1
Llc Pruitt,1
Llc Quinn,1
Allen-Robertson,1
Allen-Rodriguez,1
Allen-Russell,1
Llc Randolph,1
Llc Ray,1
Llc Raymond,1
Allen-Sawyer,1
Llc Reese,1
Allen-Spence,1
Llc Reid,1
Allen-Spencer,1
Llc Reynolds,1
Allen-Sullivan,1
Llc Rice,1
Llc Richard,1
Allen-Taylor,1
Llc Richardson,1
Llc Riddle,1
Llc Riggs,1
Allen-Torres,1
Allen-Tucker,1
Allen-Tyler,1
Allen-Wallace,1
Allen-Walsh,1
Allen-Wilson,1
Llc Robles,1
Allen-Wood,1
Allison Plc,1
"Allison Price Williams, And",1
"Allison Rodgers Sullivan, And",1
Llc Rojas,1
"Allison Strong And Nixon,",1
Llc Romero,1
"Allison, And Cruz Moore",1
Llc Rowe,1
Allison-Bailey,1
Llc Salas,1
Llc Salazar,1
Llc Sampson,1
Allison-Black,1
Allison-Cameron,1
Llc Sandoval,1
Allison-Moore,1
Llc Santiago,1
Llc Santos,1
Llc Sawyer,1
Llc Schaefer,1
Llc Schmidt,1
Llc Schroeder,1
Allison-Walters,1
Llc Sellers,1
Llc Serrano,1
Llc Shah,1
Llc Shannon,1
Allison-Williams,1
Llc Shelton,1
Llc Shepherd,1
Llc Sheppard,1
Llc Short,1
Llc Silva,1
"Alvarado And Myers Smith,",1
"Alvarado Mcmahon And Guerra,",1
"Alvarado Richard And Brown,",1
Llc Singh,1
Llc Singleton,1
Llc Sloan,1
Llc Small,1
"Alvarado Sullivan Miller, And",1
Alvarado-Allen,1
Llc Sosa,1
Alvarado-Bradley,1
Llc Spears,1
Llc Spence,1
Llc Stanley,1
Llc Stanton,1
Alvarado-Carroll,1
Llc Stein,1
Llc Stevens,1
Alvarado-Deleon,1
Alvarado-Delgado,1
Alvarado-Elliott,1
Alvarado-Gonzalez,1
Llc Strong,1
Llc Stuart,1
Alvarado-Lopez,1
Alvarado-Martin,1
Llc Sweeney,1
Alvarado-Meza,1
Alvarado-Prince,1
Alvarado-Scott,1
Alvarado-Smith,1
"Alvarez And James, Mcintosh",1
Llc Thornton,1
"Alvarez And Mullins, Barajas",1
"Alvarez And Sanchez Taylor,",1
"Alvarez And York Rocha,",1
Llc Travis,1
"Alvarez Austin Snyder, And",1
"Alvarez Clark, And Francis",1
Llc Valencia,1
Llc Valentine,1
Llc Vang,1
"Alvarez Garcia, And Watkins",1
Llc Vazquez,1
"Alvarez Hayes Guzman, And",1
Llc Vincent,1
Llc Wade,1
Alvarez Inc,1
Alvarez Llc,1
Llc Walsh,1
Llc Walter,1
"Alvarez Maldonado, And Oconnor",1
Llc Walton,1
Llc Wang,1
"Alvarez Moss Smith, And",1
Llc Ware,1
Llc Waters,1
Llc Watkins,1
Alvarez Sons And,1
Llc Watts,1
Llc Weaver,1
"Alvarez Wilson And Fry,",1
Llc Weber,1
Llc Webster,1
"Alvarez, And Lewis Jennings",1
Llc Welch,1
"Alvarez, Rogers And Kennedy",1
"Alvarez, Ross And Hurst",1
"Alvarez, Vasquez And Price",1
Alvarez-Blair,1
Alvarez-Chavez,1
Llc Wilcox,1
Alvarez-Craig,1
Alvarez-Cruz,1
Alvarez-Flynn,1
Llc Williamson,1
Alvarez-Griffith,1
Alvarez-Guerrero,1
Llc Winters,1
Alvarez-Harris,1
Llc Wolf,1
Llc Wolfe,1
Llc Wong,1
Alvarez-Hays,1
Alvarez-Henry,1
Llc Woodward,1
Llc Wright,1
Llc Yoder,1
Alvarez-Martin,1
Alvarez-Mathews,1
Llc Zamora,1
Llc Zavala,1
Lloyd And Sons,1
Lloyd Group,1
Alvarez-Miranda,1
"Lloyd Scott, And Reese",1
"Lloyd Smith And Miller,",1
"Lloyd Wright And Jackson,",1
"Lloyd, Parker And Barrett",1
Lloyd-Austin,1
Lloyd-Gilmore,1
Lloyd-Klein,1
Lloyd-Lewis,1
Lloyd-Martin,1
Lloyd-Moore,1
Lloyd-Shaffer,1
Lloyd-Smith,1
Lloyd-Sullivan,1
Lloyd-Tran,1
Lloyd-Wright,1
"Logan And Randolph, Wells",1
"Logan And Smith, Stevenson",1
"Logan And Ward, Clark",1
"Logan Caldwell, And Chavez",1
"Logan Dixon, And Grant",1
Logan Llc,1
"Logan Smith Vaughn, And",1
"Logan, And Bailey Anthony",1
"Logan, And Dennis Vincent",1
"Logan, Francis Hunter And",1
Logan-Black,1
Logan-Lawson,1
Logan-Powell,1
Logan-Smith,1
"Long And Aguilar Delgado,",1
"Long And Anderson Gonzalez,",1
"Long And Davenport Johnson,",1
"Long And Garcia, Macdonald",1
"Long And Johnson Chen,",1
"Long And Pollard Fletcher,",1
"Long And Ramirez Mata,",1
"Long And Stewart, Holmes",1
"Long Elliott Dickerson, And",1
"Long Garcia Brown, And",1
"Long Gomez And Ross,",1
Alvarez-Nunez,1
Alvarez-Olson,1
Alvarez-Payne,1
Long Ltd,1
Alvarez-Perry,1
"Long Riley Lewis, And",1
"Long Riley, And Santiago",1
"Long Smith Rodriguez, And",1
"Long Taylor, And Moore",1
"Long Wade, And Houston",1
"Long Webb And Martinez,",1
"Long White, Wells And",1
"Long, And Becker Greer",1
"Long, And Olsen Kelly",1
"Long, And Richards Nelson",1
"Long, Harris Manning And",1
"Long, King And Schmidt",1
"Long, Young Garcia And",1
Long-Acosta,1
Long-Allen,1
Long-Andrews,1
Long-Barnes,1
Long-Barrett,1
Alvarez-Quinn,1
Long-Cantrell,1
Long-Carter,1
Long-Christensen,1
Long-Davis,1
Long-Diaz,1
Long-Golden,1
Long-Gonzales,1
Long-Gutierrez,1
Long-Hernandez,1
Long-Herrera,1
Long-Hicks,1
Long-Huerta,1
Long-Jenkins,1
Long-Jimenez,1
Alvarez-Robinson,1
Long-Leonard,1
Long-May,1
Long-Mckee,1
Long-Moreno,1
Long-Mullins,1
Long-Nguyen,1
Long-Porter,1
Long-Preston,1
Long-Salas,1
Long-Santos,1
Long-West,1
Long-White,1
Long-Williams,1
Long-Williamson,1
"Lopez Aguirre, Fisher And",1
"Lopez And Brown Barber,",1
"Lopez And Carter Thomas,",1
"Lopez And Colon, Garza",1
"Lopez And Day, Williams",1
"Lopez And Eaton Weber,",1
"Lopez And Glenn Trujillo,",1
"Lopez And Harmon Mcdaniel,",1
"Lopez And Jones, Byrd",1
"Lopez And Martin, Doyle",1
"Lopez And Mcfarland Webb,",1
"Lopez And Meyer, Keller",1
"Lopez And Montes Neal,",1
"Lopez And Moore Russell,",1
"Lopez And Nguyen Jacobson,",1
"Lopez And Ortiz, Byrd",1
"Lopez And Patel, Gentry",1
"Lopez And Peterson Mitchell,",1
"Lopez And Peterson, Harvey",1
"Lopez And Shepard Smith,",1
"Lopez And Sheppard, Valencia",1
"Lopez And Wells Freeman,",1
"Lopez Baker, Owen And",1
"Lopez Barnes Smith, And",1
"Lopez Bowman, And Combs",1
"Lopez Brooks, And Nguyen",1
"Lopez Carter And Campos,",1
"Lopez Cochran, Robinson And",1
"Lopez Cross And Ford,",1
"Lopez Dorsey, And Ashley",1
"Lopez Fernandez, And Barr",1
"Lopez Francis And Gordon,",1
Alvarez-Rogers,1
"Lopez Hall And Meyer,",1
"Lopez Hansen Rogers, And",1
"Lopez Harper Roberts, And",1
"Lopez Henderson, And Clark",1
"Lopez Hunter, And Murray",1
Alvarez-Shelton,1
"Lopez Ingram, And Barber",1
"Lopez Johnson, And Anderson",1
"Lopez Johnson, And Hardy",1
"Lopez Jordan, Clark And",1
"Lopez Joseph And Nelson,",1
"Lopez Keller, Williams And",1
"Lopez Lewis Carr, And",1
Alvarez-Valentine,1
Alvarez-Vargas,1
"Lopez Macdonald Gutierrez, And",1
"Lopez Manning, And Howard",1
"Lopez Martin And Melendez,",1
"Lopez Moon And Raymond,",1
"Lopez Nolan And Evans,",1
"Lopez Obrien, And Jones",1
"Lopez Parks, And Barrett",1
"Lopez Petersen, Torres And",1
Alvarez-Young,1
"Lopez Porter And Hensley,",1
"Lopez Potter And Mcdowell,",1
"Lopez Randolph, Nash And",1
"Lopez Romero And Howard,",1
"Lopez Singleton, Wright And",1
"Lopez Smith And Miller,",1
Alvarez-Zamora,1
"Lopez Stanley, And Perez",1
"Lopez Stephenson, And Mays",1
"Lopez Terrell, Harris And",1
"Lopez Vasquez And Henson,",1
"Lopez Wallace, Collier And",1
"Lopez Walls, Parker And",1
"Lopez White, Ross And",1
"Lopez Wright Joseph, And",1
"Lopez, And Conner Evans",1
"Lopez, And Davis Lee",1
"Lopez, And Howard Morrison",1
"Lopez, And Jackson Gomez",1
"Lopez, And Jones Mcbride",1
"Lopez, And Jones Ochoa",1
"Lopez, And Mcclure Parsons",1
"Lopez, And Wells Farrell",1
"Lopez, And Wheeler Friedman",1
"Lopez, Davis Scott And",1
"Lopez, Hickman Wright And",1
"Lopez, Jones Schmidt And",1
"Lopez, Kim Mccann And",1
"Lopez, Lopez Gordon And",1
"Lopez, Mcbride And Tate",1
"Lopez, Mccann And White",1
"Lopez, Mendoza And Garrett",1
"Lopez, Mendoza And Silva",1
"Lopez, Moore Hicks And",1
"Lopez, Rodriguez Hodges And",1
"Lopez, Torres And Madden",1
Lopez-Adams,1
Lopez-Allen,1
Lopez-Allison,1
Lopez-Alvarez,1
Lopez-Barker,1
Lopez-Barnes,1
Lopez-Barton,1
Lopez-Bennett,1
Lopez-Boyd,1
Lopez-Boyer,1
Lopez-Brooks,1
Lopez-Brown,1
Lopez-Bryant,1
Lopez-Burns,1
Lopez-Carroll,1
Lopez-Castillo,1
Lopez-Chavez,1
Lopez-Clayton,1
Lopez-Combs,1
"And Abbott Campbell Palmer,",1
Lopez-Dixon,1
Lopez-Flowers,1
Lopez-Garcia,1
"And Abbott Gross, Anderson",1
Lopez-Harrison,1
Lopez-Hernandez,1
Lopez-Hughes,1
Lopez-Hurst,1
Lopez-Jackson,1
Lopez-Jenkins,1
"And Acevedo, James Ho",1
Lopez-Jordan,1
Lopez-Kelley,1
"And Acosta, George Silva",1
Lopez-Little,1
Lopez-Lopez,1
"And Adams Bautista, Roberts",1
Lopez-May,1
Lopez-Miller,1
Lopez-Moore,1
Lopez-Mora,1
Lopez-Morgan,1
Lopez-Morrow,1
Lopez-Mosley,1
Lopez-Newman,1
Lopez-Owens,1
Lopez-Page,1
Lopez-Phillips,1
Lopez-Rivera,1
Lopez-Rodriguez,1
Lopez-Rogers,1
Lopez-Rojas,1
Lopez-Roman,1
Lopez-Russell,1
Lopez-Saunders,1
Lopez-Savage,1
Lopez-Simmons,1
Lopez-Smith,1
Lopez-Stewart,1
Lopez-Taylor,1
Lopez-Thomas,1
Lopez-Torres,1
Lopez-Tran,1
"And Adams Brown, Fuller",1
Lopez-Vang,1
Lopez-Walker,1
Lopez-Walters,1
"And Adams Brown, Love",1
Lopez-Werner,1
"And Adams Chavez Camacho,",1
"And Adams Cole, Payne",1
Lopez-Wright,1
"Love And Mitchell, Powers",1
"Love And Ramirez, Herrera",1
"Love Bean, Bates And",1
"Love Boyd Brown, And",1
"And Adams Figueroa, Edwards",1
"Love Hill Williams, And",1
Love Llc,1
"And Adams Hunt Bennett,",1
Love Plc,1
Love Sons And,1
"Love Williamson Walker, And",1
"Love, Dougherty Butler And",1
"Love, Smith Rodriguez And",1
Love-Barber,1
Love-Brandt,1
Love-Davis,1
Love-Harris,1
Love-Howell,1
Love-Jones,1
Love-Marshall,1
Love-Pineda,1
Love-Rasmussen,1
Love-Rich,1
"Lowe And Hopkins, Galvan",1
"Lowe And Stewart, Gould",1
Lowe Group,1
"Lowe Holmes, Dodson And",1
Lowe Inc,1
"And Adams Martin, Sosa",1
Lowe Ltd,1
"Lowe Zavala And Mcdonald,",1
"Lowe, Booker Holt And",1
"Lowe, Johnson Jones And",1
"Lowe, Knox Patton And",1
"Lowe, Pierce Brown And",1
"Lowe, Wallace And James",1
Lowe-Barber,1
Lowe-Bruce,1
Lowe-Dixon,1
Lowe-Fisher,1
Lowe-Mills,1
Lowe-Ramirez,1
Lowe-Rangel,1
Lowe-Rhodes,1
Lowe-Rose,1
Lowe-Sanchez,1
Lowe-Smith,1
Lowe-Walters,1
Lowe-Watson,1
Lowe-Wright,1
"Lowery And Guzman Bush,",1
Lowery And Sons,1
"And Adams Martin, Thomas",1
Lowery Llc,1
"Lowery Martin, Bender And",1
"Lowery, Dunn Anderson And",1
"Lowery, Fernandez Serrano And",1
"Lowery, Lowe Morrison And",1
Lowery-Collins,1
Lowery-Howard,1
Lowery-Torres,1
"Lozano And Blair Graves,",1
Lozano And Sons,1
"Lozano Collins, Ross And",1
Lozano Group,1
"And Adams Morgan Livingston,",1
Lozano Plc,1
"Lozano, Avila And Jacobson",1
"Lozano, Foster Taylor And",1
"Lozano, Kelley Mcdonald And",1
"Lozano, Robbins And Gordon",1
Lozano-Garrison,1
Lozano-Hill,1
Lozano-Horn,1
Lozano-Lewis,1
Lozano-Maldonado,1
Lozano-Pearson,1
Lozano-Preston,1
Lozano-Williams,1
Ltd Acevedo,1
"And Adams Orr Jones,",1
"And Adams Reilly, Taylor",1
"And Adams Rodriguez Hill,",1
"And Adams Russo, Sexton",1
"And Adams Walls Knight,",1
Ltd Alvarado,1
Ltd Alvarez,1
"And Adams, Black Villegas",1
Ltd Andrade,1
"And Adams, Booker Buckley",1
Ltd Arellano,1
"And Adams, Evans Hill",1
Ltd Arroyo,1
"And Adams, Graham Higgins",1
"And Adams, Harris Kennedy",1
Ltd Avery,1
Ltd Avila,1
Ltd Ayers,1
"And Adams, Johns Duncan",1
Ltd Baird,1
"And Adams, Johnston Brock",1
Ltd Baldwin,1
Ltd Barber,1
"And Adams, Martin Franklin",1
"And Adams, Patton Carter",1
Ltd Barnett,1
"And Adams, Perry Fitzpatrick",1
Ltd Bartlett,1
Ltd Bates,1
"And Adams, Smith Gonzalez",1
Ltd Beasley,1
Ltd Beck,1
Ltd Becker,1
"And Adkins Bolton Manning,",1
Ltd Bender,1
Ltd Benitez,1
"And Adkins Porter, Benton",1
Ltd Benson,1
Ltd Benton,1
"And Adkins Woods, Lowery",1
Ltd Berry,1
Ltd Best,1
Ltd Bishop,1
"And Aguilar Carney, Cohen",1
Ltd Blevins,1
Ltd Bolton,1
"And Aguirre Smith Williams,",1
Ltd Boone,1
Ltd Booth,1
And Aguirre Sons,1
Ltd Bradford,1
"And Alexander Crawford Graham,",1
Ltd Bradshaw,1
Ltd Brady,1
Ltd Braun,1
"And Alexander Espinoza Stone,",1
"And Alexander Ferguson Munoz,",1
Ltd Brock,1
Ltd Brooks,1
"And Alexander Hall Powers,",1
Ltd Bryan,1
"And Alexander Hanson Johnson,",1
Ltd Buchanan,1
Ltd Buck,1
Ltd Bullock,1
"And Alexander Hunter, Thompson",1
"And Alexander Knight Smith,",1
"And Alexander Mullins, Hampton",1
"And Alexander Wilkins, Baker",1
"And Ali Snyder Hughes,",1
Ltd Cabrera,1
"And Allen Anderson, Rivera",1
"And Allen Bryant Carlson,",1
"And Allen Conley Rhodes,",1
"And Allen James Wolf,",1
"And Allen Jennings, Branch",1
"And Allen Mitchell, Soto",1
Ltd Cantrell,1
Ltd Cantu,1
Ltd Cardenas,1
"And Allen Reeves, Gross",1
And Allen Sons,1
Ltd Carson,1
"And Allen Torres, Rice",1
"And Allen Wright Ward,",1
Ltd Castro,1
Ltd Cervantes,1
"And Allen, Baker Castro",1
Ltd Chan,1
Ltd Chapman,1
"And Allen, Davis Phillips",1
Ltd Cherry,1
Ltd Christensen,1
Ltd Chung,1
Ltd Cisneros,1
"And Allen, Gonzales Johnston",1
Ltd Clay,1
Ltd Clements,1
Ltd Cline,1
"And Allen, Jenkins Robinson",1
"And Allen, Porter Edwards",1
"And Allen, Roberts Evans",1
"And Allen, Taylor Bennett",1
Ltd Coleman,1
Ltd Collins,1
Ltd Conner,1
Ltd Conrad,1
"And Allen, Zavala Collins",1
"And Alvarado Grant May,",1
Ltd Cook,1
"And Alvarado Thomas Acosta,",1
Ltd Cortez,1
"And Alvarado, Nelson Wright",1
Ltd Craig,1
"And Alvarez Banks, Munoz",1
Ltd Cross,1
"And Alvarez Gilmore Wheeler,",1
Ltd Cunningham,1
Ltd Curry,1
Ltd Curtis,1
Ltd Daniel,1
Ltd Daniels,1
"And Alvarez Jennings Roberts,",1
"And Alvarez Johnson, Nguyen",1
Ltd Davila,1
"And Alvarez Lee Gay,",1
Ltd Day,1
"And Alvarez Stevens Cox,",1
Ltd Delacruz,1
Ltd Deleon,1
"And Alvarez Torres Osborn,",1
"And Alvarez Tran, Ortiz",1
"And Alvarez, Choi Jackson",1
Ltd Dillon,1
"And Alvarez, Cox Powers",1
Ltd Donaldson,1
"And Alvarez, Perkins Russell",1
"And Andersen Edwards, Martinez",1
Ltd Doyle,1
Ltd Drake,1
Ltd Dudley,1
Ltd Duke,1
"And Andersen Miller Jones,",1
Ltd Dunn,1
Ltd Durham,1
"And Andersen Strickland Ingram,",1
"And Andersen, Molina Garcia",1
Ltd Elliott,1
"And Anderson Boyd Bennett,",1
Ltd Escobar,1
Ltd Esparza,1
Ltd Estes,1
"And Anderson Boyd, Hardy",1
"And Anderson Donaldson Aguilar,",1
"And Anderson Flowers, Tucker",1
Ltd Fernandez,1
Ltd Figueroa,1
Ltd Finley,1
"And Anderson Gentry, Esparza",1
"And Anderson Gonzalez, Waters",1
Ltd Fletcher,1
"And Anderson Hartman Flores,",1
Ltd Flowers,1
"And Anderson Irwin Whitney,",1
"And Anderson Kennedy, Owens",1
"And Anderson Lindsey Burgess,",1
"And Anderson Lopez, Mitchell",1
"And Anderson Mendez, Ortiz",1
"And Anderson Middleton, King",1
Ltd Franco,1
Ltd Franklin,1
"And Anderson Nichols Whitaker,",1
Ltd French,1
Ltd Friedman,1
Ltd Gaines,1
Ltd Gallagher,1
Ltd Gamble,1
"And Anderson Smith Sanchez,",1
"And Anderson Turner Henderson,",1
"And Anderson Williams Harrison,",1
Ltd Garza,1
"And Anderson, Berry Franklin",1
Ltd George,1
"And Anderson, Huff Ford",1
Ltd Gilbert,1
Ltd Gill,1
Ltd Gillespie,1
Ltd Glass,1
"And Anderson, Hull Simon",1
"And Anderson, Porter Becker",1
"And Anderson, Richards Benson",1
"And Anderson, Scott Nelson",1
"And Anderson, Smith Carr",1
Ltd Gordon,1
Ltd Gould,1
"And Anderson, Smith Woods",1
"And Anderson, Stephens Rowe",1
"And Anderson, Woods Woods",1
"And Andrews Cole, Garcia",1
"And Andrews Miranda Watson,",1
Ltd Gregory,1
"And Andrews, Armstrong Padilla",1
"And Andrews, Flores Brady",1
Ltd Grimes,1
Ltd Guerra,1
Ltd Guerrero,1
"And Anthony Hays Medina,",1
"And Anthony Nelson, Griffith",1
Ltd Haas,1
Ltd Hahn,1
"And Anthony, Valdez Tapia",1
"And Arellano Anderson, Bruce",1
"And Arellano Parks Meyer,",1
"And Arellano, Caldwell Mathis",1
Ltd Haney,1
Ltd Hanna,1
"And Arellano, Gill Jackson",1
Ltd Hanson,1
"And Arias, Hogan May",1
Ltd Harmon,1
"And Armstrong Ayers, Horne",1
"And Armstrong Johnson, Foster",1
And Armstrong Sons,1
"And Armstrong, Blair Zimmerman",1
Ltd Harvey,1
Ltd Hatfield,1
"And Armstrong, Taylor Burns",1
Ltd Hayes,1
"And Arnold Anderson, White",1
Ltd Hebert,1
"And Arnold Johnson Mccullough,",1
"And Arnold Johnson, Edwards",1
Ltd Hensley,1
Ltd Henson,1
"And Arnold Meadows, Rivas",1
Ltd Herring,1
"And Arnold Morales, Gonzales",1
Ltd Hicks,1
"And Arnold Watkins Fleming,",1
"And Arnold, Phillips Fox",1
Ltd Hoffman,1
Ltd Holland,1
Ltd Holloway,1
Ltd Holmes,1
"And Ashley Decker, Hays",1
Ltd Hopkins,1
Ltd Horne,1
Ltd Horton,1
Ltd Houston,1
"And Ashley Washington, Neal",1
Ltd Howe,1
"And Atkins Barnes, Hall",1
"And Atkins Hayden Hopkins,",1
"And Atkins Mcintosh, Sanders",1
And Atkins Sons,1
Ltd Hull,1
"And Atkins, Kelly Torres",1
Ltd Hutchinson,1
Ltd Huynh,1
"And Atkinson Blevins, Stevens",1
Ltd Irwin,1
"And Atkinson Hanson Henry,",1
"And Atkinson Perez, Allen",1
Ltd Jennings,1
"And Atkinson Wilson, Torres",1
"And Avery, Jarvis Hopkins",1
"And Avila Johnson Wood,",1
Ltd Johnston,1
"And Avila, Moss Caldwell",1
"And Avila, Oconnor Brown",1
Ltd Joyce,1
"And Ayala Miller, Wilson",1
"And Ayers King, Smith",1
"And Ayers Swanson, Greer",1
Ltd Key,1
Ltd Kim,1
"And Ayers, Vazquez Rivers",1
Ltd Kirk,1
Ltd Kline,1
"And Bailey Barnes Vasquez,",1
Ltd Knox,1
Ltd Koch,1
Ltd Kramer,1
Ltd Krause,1
Ltd Krueger,1
"And Bailey Dickerson Dalton,",1
"And Bailey Douglas Davis,",1
"And Bailey Garcia Spencer,",1
Ltd Leach,1
Ltd Leblanc,1
"And Bailey Jones Robinson,",1
"And Bailey Kennedy, Morales",1
Ltd Lester,1
Ltd Levy,1
"And Bailey Martin, Graham",1
Ltd Li,1
"And Bailey Martin, Smith",1
Ltd Lindsey,1
Ltd Liu,1
Ltd Lloyd,1
"And Bailey Meza, Jones",1
"And Bailey Munoz, Hernandez",1
"And Bailey Phillips, Wright",1
Ltd Lowe,1
Ltd Lowery,1
Ltd Lucero,1
"And Bailey Ramos, Webster",1
"And Bailey Sawyer, Weiss",1
Ltd Mack,1
"And Bailey Shea, Krause",1
Ltd Mahoney,1
"And Bailey Thompson, Jacobs",1
"And Bailey Williams Melton,",1
Ltd Mann,1
Ltd Manning,1
Ltd Marquez,1
Ltd Marsh,1
"And Bailey, Baker Lewis",1
"And Bailey, Martinez Cook",1
"And Baird, Simmons Peters",1
"And Baker Burns, Mccarthy",1
"And Baker Davis, Brooks",1
Ltd Mathews,1
Ltd Mathis,1
"And Baker Donovan Sherman,",1
Ltd May,1
Ltd Mccann,1
"And Baker Jones, Wilson",1
Ltd Mccarty,1
"And Baker Kennedy Fuentes,",1
Ltd Mccormick,1
"And Baker Rodriguez, Cameron",1
"And Baker Salazar, Gonzalez",1
"And Baker, Anderson Powell",1
Ltd Mckay,1
"And Baker, Combs Hill",1
"And Baker, Elliott Olson",1
"And Baker, Golden Rhodes",1
Ltd Mclean,1
"And Baker, Thompson Shelton",1
Ltd Mcneil,1
Ltd Mcpherson,1
"And Baldwin Lopez, Stewart",1
Ltd Mendez,1
Ltd Mendoza,1
Ltd Mercado,1
Ltd Merritt,1
"And Baldwin Mcneil, Simmons",1
Ltd Meyers,1
Ltd Middleton,1
"And Baldwin Walker, Campbell",1
"And Baldwin, King Stephens",1
"And Baldwin, Wheeler Burns",1
Ltd Mitchell,1
Ltd Montes,1
"And Ball Aguilar, Norton",1
Ltd Mooney,1
"And Ball Osborn, Horton",1
"And Ball Ray, Hoffman",1
Ltd Moran,1
Ltd Moreno,1
"And Ball, Robinson Wade",1
"And Banks Price, Chambers",1
"And Barajas Jimenez, Daniel",1
Ltd Morrow,1
Ltd Moses,1
Ltd Mosley,1
"And Barajas Santos, Jones",1
Ltd Mueller,1
Ltd Mullen,1
Ltd Munoz,1
"And Barber Johnson Coleman,",1
"And Barber Johnson Rowe,",1
"And Barber Schwartz Carr,",1
"And Barker, Hill Sellers",1
"And Barnes Cook Klein,",1
"And Barnes Hubbard Dillon,",1
"And Barnes James Williams,",1
Ltd Newton,1
"And Barnes Scott Black,",1
Ltd Nichols,1
Ltd Nicholson,1
"And Barnes Stanley Murray,",1
Ltd Norman,1
Ltd Norris,1
Ltd Norton,1
"And Barnes Thompson, Lopez",1
Ltd Ochoa,1
Ltd Oconnor,1
Ltd Odom,1
Ltd Oliver,1
Ltd Olsen,1
"And Barnes, Deleon Williams",1
Ltd Oneill,1
"And Barnett Bradley, Henderson",1
Ltd Orr,1
"And Barnett Ferguson, Palmer",1
"And Barnett Sanders, Williams",1
Ltd Osborn,1
And Barnett Sons,1
Ltd Pace,1
"And Barnett, Quinn Stewart",1
"And Barr, Bailey Davis",1
"And Barrera Allen Burke,",1
"And Barrera Anderson, Dunn",1
Ltd Parks,1
Ltd Parrish,1
"And Barrett Beck, Smith",1
"And Barrett Scott Johnson,",1
Ltd Patrick,1
And Barrett Sons,1
"And Barrett, Crawford Williams",1
Ltd Peck,1
"And Barrett, Johnson Estes",1
"And Barrett, Johnson Miller",1
"And Barrett, Parks Brown",1
"And Barrett, Russell Phillips",1
"And Barron Williams Castro,",1
"And Barron, Norton Farmer",1
Ltd Pierce,1
Ltd Pitts,1
Ltd Poole,1
Ltd Pope,1
"And Barry Duran Hall,",1
Ltd Potter,1
Ltd Potts,1
"And Barry Smith, Sexton",1
"And Barry White, Jones",1
Ltd Pratt,1
"And Bartlett Keller Wolfe,",1
Ltd Proctor,1
"And Barton Miller White,",1
Ltd Ramos,1
Ltd Rangel,1
And Barton Sons,1
"And Barton, Patterson Burton",1
"And Bates Meyer, Hernandez",1
"And Bates Smith Wade,",1
Ltd Reid,1
"And Bauer Bowman, Lutz",1
Ltd Reynolds,1
"And Bauer Stevens Li,",1
Ltd Rice,1
"And Bautista Webb, Wilson",1
"And Bautista, Elliott Reyes",1
"And Bautista, Johnson Allen",1
"And Baxter Johnson Stanley,",1
"And Baxter, Bradshaw Stanton",1
Ltd Ritter,1
"And Bean Sanchez Mills,",1
"And Beard Carlson, Ortiz",1
Ltd Roach,1
Ltd Robbins,1
"And Beard, Sherman Vasquez",1
"And Beasley, Daniel Johnson",1
"And Beasley, White Sandoval",1
"And Beck Morgan, Shaw",1
"And Beck Peterson, Perez",1
"And Beck Reyes Clarke,",1
"And Beck, Scott Leblanc",1
Ltd Rollins,1
"And Becker Baker Owens,",1
"And Becker Holmes Espinoza,",1
"And Bell Dawson, Moore",1
"And Bell Jones, Montes",1
"And Bell Mcknight, Davis",1
"And Bell Murphy, Harrell",1
"And Bell Perry, Moore",1
Ltd Ryan,1
"And Bell Roberts, Walters",1
"And Bell Sharp, Meyer",1
And Bell Sons,1
"And Bell, Martin Johnson",1
"And Bell, Richards Burton",1
"And Beltran Lucas, Lee",1
And Beltran Sons,1
Ltd Santiago,1
"And Beltran, Church Arroyo",1
"And Bender Shaffer, Henry",1
Ltd Schmidt,1
"And Bender, Christian Le",1
"And Benitez, Martinez Fry",1
Ltd Schultz,1
"And Benjamin Jones, Allison",1
"And Bennett Ferguson, Flores",1
Ltd Sellers,1
"And Bennett Holland Davis,",1
Ltd Shannon,1
Ltd Sharp,1
Ltd Shaw,1
"And Bennett Lee, Moody",1
Ltd Shepard,1
And Bennett Sons,1
Ltd Silva,1
"And Bennett Walker Johnston,",1
Ltd Simon,1
"And Bennett White, Patterson",1
"And Bennett, Campbell Stewart",1
Ltd Singh,1
Ltd Singleton,1
"And Bennett, Davis Rice",1
"And Bennett, Gardner Stone",1
Ltd Snyder,1
Ltd Solis,1
Ltd Solomon,1
"And Benson Allen Moran,",1
"And Benson Harper, Wallace",1
"And Benson, Patton Conner",1
"And Bentley Farmer, Richardson",1
"And Bentley Hall Johnson,",1
And Bentley Sons,1
And Benton Sons,1
"And Benton Stewart, Moore",1
"And Berg Molina Dennis,",1
"And Berger Perry, Calhoun",1
Ltd Stokes,1
Ltd Stone,1
Ltd Stout,1
Ltd Strong,1
Ltd Suarez,1
Ltd Sullivan,1
Ltd Sutton,1
Ltd Sweeney,1
Ltd Tanner,1
"And Berger Terry, Franklin",1
"And Berger, Lopez Williams",1
"And Berger, Ramsey Lopez",1
"And Bernard Miller, Hampton",1
Ltd Thornton,1
"And Berry, Nguyen Hudson",1
"And Bird Williams Williams,",1
Ltd Townsend,1
"And Bishop Ellison, Rivera",1
Ltd Trujillo,1
"And Bishop, Cardenas Wong",1
"And Bishop, Johnson Ali",1
Ltd Tyler,1
"And Black Harris Johnson,",1
"And Black Hernandez, Nichols",1
"And Black Ruiz Lee,",1
"And Black, Heath Winters",1
Ltd Vasquez,1
"And Black, Henson Rhodes",1
Ltd Vazquez,1
Ltd Vega,1
Ltd Velasquez,1
Ltd Velez,1
"And Black, Lane Drake",1
Ltd Villanueva,1
Ltd Vincent,1
"And Black, Meza Leach",1
"And Blackburn Huff, Rios",1
"And Blackburn Nielsen, White",1
Ltd Walters,1
And Blackwell Sons,1
Ltd Wang,1
"And Blackwell Young, Thompson",1
"And Blackwell, Moore Griffin",1
"And Blair Rodriguez Wise,",1
"And Blair, Bautista Cuevas",1
Ltd Waters,1
"And Blair, Powell Kramer",1
"And Blair, Smith Ellis",1
Ltd Weaver,1
"And Blair, Weiss Brooks",1
"And Blake, Morris Clements",1
Ltd Welch,1
"And Blake, Pham Daniel",1
"And Blanchard Miller, Young",1
"And Blanchard Walker, Barrett",1
"And Blankenship Robbins Turner,",1
Ltd Whitehead,1
Ltd Wilcox,1
Ltd Wilkerson,1
Ltd Wilkins,1
"And Blevins Graham Wilkins,",1
"And Blevins Reed, Mendoza",1
"And Blevins, Perez Green",1
Ltd Wise,1
Ltd Wood,1
Ltd Woodard,1
"And Bond Lamb Ramos,",1
"And Bond Pitts, Becker",1
Ltd Wu,1
Ltd Wyatt,1
Ltd Yang,1
Ltd York,1
And Bond Sons,1
"And Bonilla Ellis Alvarado,",1
Ltd Zimmerman,1
"And Booker Hall Gonzalez,",1
"Lucas And Gray Herrera,",1
Lucas Group,1
"And Boone Hodges, Herring",1
"Lucas Jones, And Casey",1
Lucas Llc,1
"And Boone Palmer Horne,",1
"Lucas Mcclure, And Arnold",1
And Boone Sons,1
"Lucas Stevens, And Hurst",1
"Lucas, And Howard Schneider",1
"Lucas, And Hubbard Deleon",1
"Lucas, And Lester Sullivan",1
"Lucas, Dixon And Lopez",1
"Lucas, Hines Fowler And",1
"Lucas, Ward And Leonard",1
Lucas-Anthony,1
Lucas-Booker,1
Lucas-Brown,1
Lucas-Campbell,1
Lucas-Dixon,1
Lucas-Fox,1
Lucas-Henry,1
Lucas-Johnson,1
Lucas-Long,1
Lucas-Rivera,1
Lucas-Silva,1
Lucas-Stewart,1
"Lucero And Adams Meza,",1
"Lucero And Howard Thompson,",1
Lucero-Bennett,1
Lucero-Choi,1
Lucero-Davidson,1
Lucero-Evans,1
Lucero-Jacobs,1
Lucero-Long,1
Lucero-Moore,1
Lucero-Smith,1
"Luna And Hansen, Cook",1
"Luna And Holloway, Bailey",1
"Luna And Howard, Moore",1
Luna And Sons,1
"Luna And Young Campbell,",1
"Luna Davis And Lee,",1
"Luna Flowers, And Marsh",1
"Luna Gonzales Charles, And",1
Luna Inc,1
Luna Llc,1
And Booth Sons,1
Luna Sons And,1
"Luna, And Stephens Melendez",1
Luna-Anderson,1
Luna-Avila,1
Luna-Case,1
Luna-Coffey,1
Luna-Cruz,1
Luna-Frey,1
Luna-Gonzalez,1
Luna-Hanson,1
Luna-Henry,1
Luna-Jones,1
Luna-Lopez,1
Luna-Pierce,1
Luna-Smith,1
Luna-Taylor,1
"Lutz Jackson Coffey, And",1
"Lutz Lamb And Carney,",1
"Lutz, Church Walker And",1
"Lutz, Lester And Kelly",1
Lutz-Boyer,1
Lutz-Gonzales,1
Lutz-Hawkins,1
Lutz-Hayes,1
Lutz-Hurley,1
Lutz-Miranda,1
Lutz-Navarro,1
Lutz-Warner,1
"Lynch And Coffey, Huffman",1
"Lynch And Nguyen, Hull",1
"Lynch And Reilly, Holland",1
"And Bowen Barnett, Mcdonald",1
"Lynch Cole, And Johnson",1
Lynch Group,1
Lynch Inc,1
"Lynch Lopez, And Hall",1
"And Bowen Mccormick, Johnson",1
"And Bowen, Rhodes Little",1
Lynch Sons And,1
"Lynch Velasquez, Long And",1
"Lynch Woodard, Andrade And",1
"Lynch, And Pittman Harris",1
"Lynch, And Pugh Ayala",1
Lynch-Anthony,1
Lynch-Campbell,1
Lynch-Cherry,1
Lynch-Davis,1
Lynch-Fleming,1
Lynch-Garcia,1
Lynch-Garrett,1
Lynch-James,1
Lynch-Joseph,1
Lynch-Lowe,1
Lynch-Martinez,1
Lynch-Mckee,1
Lynch-Mills,1
Lynch-Miranda,1
Lynch-Schultz,1
Lynch-Vargas,1
Lynch-Wong,1
Lynn Llc,1
"Lynn Lopez, Weber And",1
Lynn Ltd,1
Lynn Plc,1
"Lynn Simmons, Rodriguez And",1
"Lynn, And Perez Ewing",1
"Lynn, Long And Hurst",1
Lynn-Conrad,1
Lynn-Garcia,1
Lynn-Green,1
Lynn-Hopkins,1
Lynn-Obrien,1
Lynn-Rivera,1
Lynn-Shields,1
"Lyons And Ashley, Berg",1
"Lyons And Foster Rodgers,",1
"Lyons Edwards Graham, And",1
"Lyons Evans, And Freeman",1
"Lyons Gilbert, White And",1
"And Bowers Harrison Mckay,",1
"Lyons Jacobs Hall, And",1
Lyons Llc,1
Lyons Ltd,1
"Lyons Mendoza, And Garcia",1
Lyons Plc,1
"And Bowers Morrow Conrad,",1
"Lyons Wood And Martin,",1
"Lyons Young, Wagner And",1
"Lyons, And Campbell Kerr",1
"Lyons, Bauer And Phillips",1
Lyons-Blair,1
Lyons-Casey,1
Lyons-Edwards,1
Lyons-Hansen,1
Lyons-Hickman,1
Lyons-Rangel,1
Lyons-Ray,1
Lyons-Riley,1
Lyons-Thompson,1
Lyons-Tyler,1
Lyons-Wiley,1
Lyons-Young,1
Macdonald And Sons,1
"Macdonald And Williams Clarke,",1
"Macdonald Davidson And Wilcox,",1
"Macdonald Grant And Parsons,",1
Macdonald Group,1
Macdonald Inc,1
"Macdonald Jimenez And Nichols,",1
"Macdonald Sanchez And English,",1
"Macdonald Stephens Becker, And",1
Macdonald-Allen,1
Macdonald-Gomez,1
Macdonald-Jackson,1
Macdonald-Johnson,1
Macdonald-Jones,1
Macdonald-Phillips,1
Macdonald-Randolph,1
Macdonald-Wallace,1
Macdonald-Weaver,1
Macdonald-White,1
"Macias And Cardenas Oliver,",1
"Macias And Perez Thompson,",1
"Macias And Solis Lynch,",1
Macias And Sons,1
"Macias Brooks Hanson, And",1
"And Bowman Ingram Oconnor,",1
Macias Llc,1
Macias Ltd,1
"Macias Lynn, And Cook",1
"Macias, Nelson Lewis And",1
Macias-Allen,1
Macias-Garcia,1
Macias-Hall,1
Macias-Hoffman,1
Macias-Martin,1
Macias-Murray,1
Macias-Ross,1
Macias-Wiley,1
"Mack And Stephenson, Moore",1
"Mack Logan And Potter,",1
"Mack Salazar Anderson, And",1
Mack Sons And,1
"Mack, Walton And Rogers",1
"Mack, Wilson And Fowler",1
Mack-Carroll,1
Mack-Logan,1
Mack-Lopez,1
Mack-Ortega,1
Mack-Stephens,1
Mack-Stevenson,1
Mack-White,1
"Madden And Green, Mann",1
"Madden And Jones Gross,",1
Madden And Sons,1
"And Bowman Pope Thomas,",1
Madden Llc,1
Madden Ltd,1
Madden Plc,1
Madden Sons And,1
"Madden, Burns Gilbert And",1
Madden-Nunez,1
Madden-Pace,1
Madden-Pope,1
Madden-White,1
"Maddox Craig, Ashley And",1
"Maddox Fitzgerald, And Collins",1
"Maddox Flores, Wallace And",1
Maddox Group,1
Maddox Ltd,1
"Maddox, And Thomas Conner",1
"Maddox, Ayala And Shannon",1
Maddox-Adams,1
Maddox-Beasley,1
Maddox-Bryan,1
Maddox-Harding,1
Maddox-Moran,1
Maddox-Sanchez,1
"Mahoney Campbell And Jenkins,",1
Mahoney Group,1
Mahoney Ltd,1
"Mahoney Watson, Cooper And",1
Mahoney-Cooper,1
Mahoney-Fischer,1
Mahoney-Howell,1
Mahoney-Mendoza,1
Mahoney-Williams,1
"Maldonado And Alvarado, Orozco",1
"Maldonado And Obrien Miller,",1
Maldonado And Sons,1
"Maldonado Anderson And Adkins,",1
"Maldonado Barrett Harris, And",1
Maldonado Group,1
Maldonado Inc,1
"Maldonado Kelly Lewis, And",1
Maldonado Ltd,1
"Maldonado Miller Everett, And",1
Maldonado Plc,1
"Maldonado Sanchez, Charles And",1
"Maldonado Stein, Knapp And",1
"Maldonado, Allen And Parrish",1
"Maldonado, Johnson Lucas And",1
"Maldonado, Lynch And Warren",1
"Maldonado, Williams Taylor And",1
Maldonado-Anderson,1
Maldonado-Bryan,1
Maldonado-Clark,1
Maldonado-Davis,1
Maldonado-Fisher,1
Maldonado-Griffin,1
Maldonado-Hill,1
Maldonado-Mason,1
Maldonado-Moody,1
Maldonado-Walker,1
Maldonado-White,1
Maldonado-Williams,1
Maldonado-Woodard,1
"Malone And Foster, Page",1
"Malone And Hancock, Ryan",1
"Malone And Mckenzie, Rose",1
"Malone And Robinson Patterson,",1
"Malone Gonzalez, And Ramos",1
Malone Group,1
"Malone Johnson Salazar, And",1
"And Bowman Yang, Caldwell",1
Malone Ltd,1
"And Bowman, Brown White",1
"Malone Shaw And Flores,",1
"Malone Simmons And Collins,",1
"Malone Thomas, And Sanchez",1
"Malone Webb And Knight,",1
"Malone, Love Cook And",1
"Malone, Salinas Powell And",1
Malone-Castillo,1
Malone-Khan,1
Malone-Lee,1
Malone-Mcdowell,1
Malone-Mitchell,1
Malone-Oconnell,1
Malone-Stout,1
Malone-Torres,1
Malone-Wright,1
"Mann Allen And Bush,",1
"Mann Allen, And Tucker",1
"Mann Chang, Khan And",1
"Mann Freeman Cox, And",1
Mann Inc,1
"Mann Knox Silva, And",1
"And Bowman, Ward Meyer",1
"Mann Mcgee Garcia, And",1
"Mann Nguyen, Brown And",1
Mann Plc,1
Mann Sons And,1
"Mann, Burton King And",1
"Mann, Lee Martinez And",1
"Mann, Morris Knapp And",1
"Mann, Wells And Hudson",1
Mann-Adams,1
Mann-Duncan,1
Mann-Gomez,1
Mann-Lang,1
Mann-Miller,1
Mann-Munoz,1
Mann-Soto,1
Mann-Wheeler,1
Mann-Williams,1
Mann-Wood,1
"Manning And Barber, Thompson",1
"Manning And Cochran, Zhang",1
"Manning And Johnston, Roberson",1
"Manning Brown And Johnson,",1
Manning Inc,1
"Manning Jackson, And Brown",1
Manning Llc,1
"And Boyd Johnson, Mathews",1
"And Boyd Powell, Sims",1
Manning-Anderson,1
Manning-Blair,1
Manning-Compton,1
Manning-Jones,1
Manning-Rosales,1
Manning-Shepard,1
Manning-Wilson,1
Manning-Wright,1
"Marks And Johnson Howell,",1
Marks Group,1
Marks Inc,1
Marks Llc,1
Marks Ltd,1
Marks Sons And,1
"Marks Williams, Bates And",1
"Marks, And Vazquez Jenkins",1
"Marks, Cowan And Everett",1
"Marks, Hensley Sanchez And",1
Marks-Graham,1
Marks-Jacobs,1
Marks-Knight,1
Marks-Lucas,1
Marks-Miller,1
Marks-Patrick,1
Marks-Reeves,1
Marks-Stark,1
Marks-Williams,1
"Marquez And Adams, Newman",1
"Marquez And Goodman, Price",1
"Marquez And Lopez Ruiz,",1
"Marquez And Orr Butler,",1
"Marquez Brown, And Davis",1
"Marquez Bryant, Miller And",1
"Marquez Daniels Rodriguez, And",1
"And Boyd Reed Chavez,",1
Marquez Llc,1
Marquez Ltd,1
"Marquez Nelson, And Blake",1
Marquez Plc,1
"Marquez Richards Noble, And",1
"Marquez Smith, And Chan",1
"Marquez Watson Moore, And",1
"Marquez Webster, Warner And",1
"Marquez, Nash And Lewis",1
"Marquez, Rodriguez May And",1
Marquez-Davis,1
Marquez-Green,1
Marquez-Hahn,1
Marquez-Hatfield,1
Marquez-Jackson,1
Marquez-Kaiser,1
Marquez-Mendoza,1
Marquez-Mueller,1
Marquez-Ramsey,1
Marquez-Santiago,1
Marquez-Wells,1
Marsh Inc,1
"Marsh Johnston, Weber And",1
Marsh Llc,1
And Boyd Sons,1
"Marsh Michael Odom, And",1
"And Boyd Weaver Diaz,",1
"Marsh, And Carlson Butler",1
"Marsh, Lee And Murphy",1
Marsh-Adams,1
Marsh-Dickerson,1
Marsh-Hutchinson,1
Marsh-Sutton,1
Marsh-Tran,1
"Marshall And Contreras Garcia,",1
"Marshall And Middleton Ray,",1
"Marshall And Santiago, Smith",1
"Marshall And Williamson, Fleming",1
"Marshall Evans And Andrews,",1
"And Boyd West, Jones",1
"Marshall Hall, And Hanson",1
"Marshall Harris Jackson, And",1
"Marshall Holden And Small,",1
"And Boyd, Miller Berry",1
"Marshall Kim Vasquez, And",1
"And Boyer Boone, Nelson",1
Marshall Ltd,1
"Marshall Mills And Combs,",1
"Marshall Myers And Lara,",1
"Marshall Perkins And Coffey,",1
"And Boyer Freeman Valdez,",1
"Marshall Ramirez, Vega And",1
"Marshall Soto Sanchez, And",1
"Marshall Wiggins, Williams And",1
"Marshall, And Cline Kemp",1
"Marshall, And Ewing Torres",1
"Marshall, And Koch Harper",1
"Marshall, Peterson And Hickman",1
"Marshall, Solis Kaiser And",1
Marshall-Adams,1
Marshall-Bauer,1
Marshall-Beltran,1
Marshall-Case,1
Marshall-Casey,1
Marshall-Johnson,1
Marshall-Jordan,1
Marshall-Lewis,1
Marshall-Mann,1
Marshall-Miles,1
Marshall-Nguyen,1
Marshall-Nichols,1
Marshall-Noble,1
Marshall-Robinson,1
"And Boyer, Archer Lopez",1
Marshall-Stewart,1
Marshall-Tapia,1
Marshall-Taylor,1
Marshall-Walker,1
Marshall-Woodard,1
"Martin Allen, And Nelson",1
"Martin And Barker Reid,",1
"Martin And Boyd Bradley,",1
"Martin And Brown Stokes,",1
"Martin And Brown, Hubbard",1
"Martin And Cunningham White,",1
"Martin And Evans, Pratt",1
"Martin And Ferguson Andrade,",1
"Martin And Fletcher, Hoffman",1
"Martin And Johnson, Ballard",1
"Martin And Jones, Martin",1
"Martin And Kelly Winters,",1
"Martin And Nguyen Gomez,",1
"Martin And Petty, Gibbs",1
"Martin And Reed Whitney,",1
"Martin And Romero, Fox",1
"Martin And Schneider Myers,",1
"Martin And Snyder Brown,",1
"And Boyle Boyer Lawrence,",1
"Martin And Thomas Eaton,",1
"Martin Chaney, And Chase",1
"Martin Chapman, Lindsey And",1
"Martin Choi And Kelley,",1
"Martin Curry, Jordan And",1
"Martin Davidson, And Olson",1
"Martin Fischer Johnson, And",1
"Martin Gonzalez, Cantrell And",1
"And Bradford Becker Harvey,",1
"Martin Hall And Stark,",1
"Martin Hall, And Nunez",1
"And Bradley Bartlett Perry,",1
"Martin Jefferson Smith, And",1
"Martin Jimenez, And Cantu",1
"Martin Joseph Snyder, And",1
"Martin Keith Boyd, And",1
"Martin Keller, Hernandez And",1
"And Bradley Castaneda Anderson,",1
"Martin Long, And Travis",1
"And Bradley Lewis, Green",1
"Martin Marshall, Kelly And",1
"Martin Martinez, Brown And",1
"Martin Mcdonald, And Shah",1
"Martin Mitchell, And Williams",1
"Martin Neal Rasmussen, And",1
"Martin Oconnor, And Smith",1
"Martin Olson, And Johnson",1
"Martin Park Watson, And",1
"Martin Phillips Glover, And",1
"Martin Pitts, Henderson And",1
And Bradley Sons,1
"Martin Potter And Underwood,",1
"Martin Reed And Miller,",1
"Martin Robinson, And Rodriguez",1
"Martin Rodriguez, Richardson And",1
"Martin Romero, And Costa",1
"Martin Salazar, Hunt And",1
"Martin Silva Mays, And",1
"Martin Smith, And Beard",1
"Martin Smith, And Blackwell",1
"And Bradley Stout, Ramirez",1
"Martin Stone And Davis,",1
"Martin Taylor Johnson, And",1
"Martin Thomas Cervantes, And",1
"Martin Thomas, And Gibbs",1
"Martin Thornton, Pineda And",1
"Martin Walters, And Phillips",1
"Martin Walton And Zimmerman,",1
"Martin Weeks Bush, And",1
"Martin, And Cox Smith",1
"Martin, And Erickson Taylor",1
"Martin, And Hernandez Young",1
"Martin, And Jacobs Roman",1
"Martin, And Robinson Graham",1
"Martin, And Ruiz Hodge",1
"Martin, And Shepherd Shelton",1
"Martin, And Snyder Alexander",1
"Martin, And Yang Morrison",1
"Martin, Brown Green And",1
"Martin, Carter Miller And",1
"Martin, Foster And Cole",1
"Martin, Fuentes Hopkins And",1
"Martin, Galloway And Wells",1
"Martin, Gonzalez And Gonzalez",1
"Martin, Hayes And Walker",1
"Martin, Hood And Miller",1
"Martin, Lee And Wood",1
"Martin, May Lopez And",1
"Martin, Morris And Mercado",1
"Martin, Nolan And Young",1
"Martin, Porter Perry And",1
"Martin, Rodriguez Osborne And",1
"Martin, Williams Hamilton And",1
Martin-Abbott,1
Martin-Allen,1
Martin-Barajas,1
Martin-Booker,1
"And Bradley Travis Mays,",1
Martin-Cabrera,1
Martin-Campbell,1
Martin-Campos,1
Martin-Carter,1
Martin-Chambers,1
Martin-Davis,1
Martin-Drake,1
"And Bradley, Bean Coleman",1
Martin-Dunlap,1
Martin-Evans,1
Martin-Foster,1
Martin-French,1
Martin-George,1
Martin-Gonzalez,1
Martin-Grant,1
"And Bradley, Cruz Strong",1
Martin-Grimes,1
"And Bradshaw Miller, Hood",1
Martin-Hamilton,1
Martin-Hart,1
Martin-Hubbard,1
Martin-Huerta,1
Martin-Hunter,1
Martin-Hurley,1
Martin-Johnson,1
"And Bradshaw, Herrera Cook",1
Martin-Jordan,1
Martin-Le,1
Martin-Levine,1
Martin-Lewis,1
Martin-Lowery,1
Martin-Lozano,1
Martin-Martin,1
"And Bradshaw, Rowe Edwards",1
Martin-May,1
Martin-Mcdonald,1
Martin-Mcgee,1
Martin-Mendez,1
Martin-Miles,1
Martin-Mills,1
Martin-Morales,1
Martin-Morgan,1
Martin-Moss,1
"And Branch Benson Jones,",1
Martin-Obrien,1
Martin-Ortega,1
Martin-Owens,1
Martin-Patterson,1
Martin-Peck,1
Martin-Perkins,1
Martin-Perry,1
Martin-Pitts,1
Martin-Porter,1
Martin-Potter,1
Martin-Ramsey,1
Martin-Reed,1
Martin-Rice,1
"And Branch Dawson, Ruiz",1
Martin-Rose,1
Martin-Ruiz,1
Martin-Schmidt,1
Martin-Smith,1
Martin-Stone,1
Martin-Terry,1
Martin-Thomas,1
Martin-Thompson,1
Martin-Vargas,1
Martin-Vega,1
Martin-Velasquez,1
Martin-Wallace,1
Martin-Walters,1
Martin-Webb,1
Martin-Welch,1
Martin-Wilkerson,1
And Branch Sons,1
Martin-Wright,1
Martin-Yang,1
"Martinez And Aguilar, Olson",1
"Martinez And Farley, Davidson",1
"Martinez And Garcia, Scott",1
"Martinez And Hayes Davis,",1
"Martinez And Hughes Malone,",1
"Martinez And Lee, Oliver",1
"Martinez And Lee, Richmond",1
"Martinez And Reed Odonnell,",1
"Martinez And Rodriguez, Lozano",1
"And Branch, Vazquez Jackson",1
"Martinez And Sullivan, Smith",1
"Martinez And Wheeler, Howard",1
"Martinez Andrade, And Blankenship",1
"Martinez Bartlett And Fisher,",1
"Martinez Cherry Evans, And",1
"Martinez Clark Camacho, And",1
"Martinez Clayton, Lambert And",1
"Martinez Cline, And White",1
"Martinez Day And Ferguson,",1
"Martinez Diaz And Ballard,",1
"Martinez Durham, Smith And",1
"Martinez Freeman Cook, And",1
"Martinez Garrison And Kim,",1
"Martinez Gomez, And West",1
"Martinez Gonzalez, Sullivan And",1
"And Brandt Black, Wolfe",1
"Martinez Hill, And Gonzalez",1
"And Braun Clark, Jones",1
"Martinez Jackson Harding, And",1
"Martinez Jenkins, Blankenship And",1
"Martinez Johnson And Hayes,",1
"Martinez Knapp, And Roman",1
"Martinez Knight, And Harper",1
"Martinez Lane, And Arroyo",1
"Martinez Lee Brown, And",1
"Martinez Leon, Washington And",1
"Martinez Li, And Johnson",1
And Braun Sons,1
"And Braun, Jones Glenn",1
"Martinez Mccullough, Moore And",1
"Martinez Molina, Thornton And",1
"Martinez Olson, Booker And",1
"Martinez Palmer And Schwartz,",1
"And Bray Callahan, Allen",1
"Martinez Proctor Davis, And",1
"Martinez Robinson Evans, And",1
"Martinez Rose, Hatfield And",1
"Martinez Sanchez Davis, And",1
"Martinez Santana, And Kaiser",1
"Martinez Simmons Zhang, And",1
Martinez Sons And,1
"Martinez Taylor Lopez, And",1
"Martinez West, And Hess",1
"Martinez White And Lee,",1
"Martinez, And Chambers Brown",1
"Martinez, And Clark Curtis",1
"Martinez, And Cook Collins",1
"Martinez, And Hammond Hicks",1
"Martinez, And Harmon Walters",1
"Martinez, And Hunt Lambert",1
"Martinez, And Jacobs Gutierrez",1
"Martinez, And Lee Paul",1
"Martinez, And Mcknight Obrien",1
"Martinez, And Moore White",1
"Martinez, And Reeves Torres",1
"Martinez, And Russell Hill",1
"Martinez, And Snyder Hill",1
"Martinez, And Wheeler Holmes",1
"Martinez, And Zimmerman Davis",1
"Martinez, Bailey And Braun",1
"Martinez, Baker Lane And",1
"Martinez, Butler And Shannon",1
"Martinez, Campbell And Brock",1
"Martinez, Chang And Johnson",1
"Martinez, Cooper And Taylor",1
"Martinez, Cunningham And Shepard",1
"Martinez, Dudley And Maynard",1
"Martinez, Evans And Hall",1
"Martinez, Foley Miller And",1
"Martinez, Gonzalez And Wilson",1
"Martinez, Goodwin And Eaton",1
"Martinez, Jensen Benton And",1
"Martinez, Leonard And Vega",1
"Martinez, Lewis Mack And",1
"Martinez, Mahoney And Moreno",1
"Martinez, Mcconnell Burgess And",1
"Martinez, Mcfarland Lee And",1
"Martinez, Newman Larson And",1
"Martinez, Ramos And Martin",1
"Martinez, Reed Watts And",1
"Martinez, Reynolds Owens And",1
"Martinez, Robertson Miller And",1
"Martinez, Sullivan Bowers And",1
"Martinez, Taylor And Crawford",1
"Martinez, Thomas Avery And",1
"Martinez, Underwood Cervantes And",1
"Martinez, Weaver Sullivan And",1
"Martinez, Williams And Cox",1
Martinez-Alexander,1
Martinez-Alvarado,1
Martinez-Andersen,1
Martinez-Andrews,1
Martinez-Avila,1
Martinez-Bailey,1
Martinez-Baker,1
Martinez-Ball,1
Martinez-Bass,1
And Bray Sons,1
Martinez-Bridges,1
Martinez-Brown,1
Martinez-Browning,1
Martinez-Buck,1
Martinez-Bullock,1
Martinez-Calhoun,1
Martinez-Campbell,1
Martinez-Carr,1
Martinez-Carter,1
Martinez-Clark,1
Martinez-Clarke,1
Martinez-Cox,1
"And Bray, Garcia Little",1
Martinez-Douglas,1
Martinez-Duran,1
Martinez-Edwards,1
Martinez-Elliott,1
Martinez-Erickson,1
Martinez-Farley,1
Martinez-Fischer,1
Martinez-Floyd,1
Martinez-Fowler,1
Martinez-Franklin,1
Martinez-Freeman,1
Martinez-Gallagher,1
Martinez-Garcia,1
Martinez-Gentry,1
"And Brennan Hammond Fisher,",1
Martinez-Gutierrez,1
Martinez-Hall,1
Martinez-Hamilton,1
Martinez-Hancock,1
Martinez-Hartman,1
Martinez-Hayes,1
Martinez-Haynes,1
Martinez-Henderson,1
Martinez-Horton,1
Martinez-James,1
Martinez-Jensen,1
"And Brennan Rivera, Mckinney",1
Martinez-Jones,1
Martinez-Jordan,1
Martinez-Lee,1
Martinez-Long,1
Martinez-Lopez,1
Martinez-Lucas,1
"And Brennan, Saunders Nichols",1
Martinez-Martinez,1
Martinez-Matthews,1
Martinez-Mays,1
Martinez-Mcbride,1
Martinez-Mccormick,1
Martinez-Mcdowell,1
Martinez-Miller,1
Martinez-Mills,1
Martinez-Mitchell,1
Martinez-Molina,1
Martinez-Morton,1
Martinez-Munoz,1
Martinez-Myers,1
Martinez-Nelson,1
Martinez-Nguyen,1
Martinez-Oconnor,1
Martinez-Olsen,1
Martinez-Olson,1
Martinez-Ortega,1
Martinez-Owens,1
Martinez-Pearson,1
Martinez-Perez,1
Martinez-Potter,1
"And Brewer Knight, Ortiz",1
Martinez-Reyes,1
Martinez-Richard,1
Martinez-Richardson,1
Martinez-Roberts,1
Martinez-Robertson,1
Martinez-Schmidt,1
Martinez-Sellers,1
Martinez-Smith,1
Martinez-Solomon,1
"And Brewer Reynolds, Herrera",1
Martinez-Strong,1
Martinez-Tanner,1
Martinez-Thomas,1
Martinez-Tucker,1
Martinez-Villanueva,1
Martinez-Wallace,1
Martinez-Walsh,1
And Brewer Sons,1
Martinez-Wilkerson,1
Martinez-Williams,1
"And Brewer Thompson, Lloyd",1
"And Brewer, Marshall Nelson",1
Martinez-Yang,1
Martinez-Young,1
"Mason And Gonzalez Pham,",1
"Mason And Hess Johnston,",1
"Mason And Maldonado Robertson,",1
"Mason Baker Miranda, And",1
"Mason Boyle, Bryan And",1
"Mason Christian Stewart, And",1
"Mason Ferguson, Walton And",1
"Mason Freeman And Gray,",1
And Briggs Sons,1
"And Briggs, Banks Daniels",1
Mason Llc,1
Mason Ltd,1
"Mason Martinez And Hanson,",1
"Mason Mccarthy Martinez, And",1
"Mason Smith, Marks And",1
"Mason, And Green Ellis",1
"Mason, And Henry Travis",1
"Mason, And Williams Estrada",1
"Mason, Cantrell And Wood",1
"Mason, Powell Cantu And",1
"Mason, Thompson Mullen And",1
Mason-Adams,1
Mason-Ayers,1
Mason-Bell,1
Mason-Brown,1
Mason-Carroll,1
Mason-Collins,1
Mason-Crawford,1
Mason-Jones,1
Mason-Krause,1
Mason-Mitchell,1
Mason-Moore,1
Mason-Murray,1
Mason-Reynolds,1
Mason-Roy,1
Mason-Sanchez,1
Mason-Schmitt,1
Mason-Sims,1
Mason-Swanson,1
Mason-Taylor,1
Mason-Todd,1
Mason-Vasquez,1
Mason-Washington,1
Mason-Wilson,1
"Massey And Brown Wang,",1
"Massey And Martinez Clark,",1
"Massey Burke, Murray And",1
"Massey Hughes Garcia, And",1
"And Briggs, Rogers Murillo",1
Massey Llc,1
"Massey Sutton Gregory, And",1
"Massey, And Carter Lawrence",1
"Massey, And Snyder Bell",1
"Massey, Lawrence And Mills",1
Massey-Bass,1
Massey-Downs,1
Massey-Duran,1
Massey-Ford,1
Massey-Mitchell,1
Massey-Smith,1
"Mata Allison And Jones,",1
"Mata And Hernandez, Bates",1
"Mata Norman, Holmes And",1
Mata Sons And,1
"Mata, And Gonzalez Jones",1
"Mata, And Lambert Melton",1
"Mata, Brown And Miles",1
Mata-Brooks,1
Mata-Clark,1
Mata-Coleman,1
Mata-Greer,1
Mata-Holland,1
Mata-Hurley,1
Mata-Miller,1
Mata-Newton,1
Mata-Schmidt,1
Mata-Villanueva,1
"Mathews And Cooper, Johnson",1
"Mathews And Fisher, Jenkins",1
"Mathews And Guzman Miranda,",1
"Mathews Cruz And Roth,",1
"And Brock Doyle Cisneros,",1
"Mathews Kennedy And Davis,",1
Mathews Ltd,1
"Mathews Reed Adams, And",1
Mathews Sons And,1
"Mathews, Boyd Rodriguez And",1
"Mathews, Smith And Moss",1
Mathews-Black,1
Mathews-Cooper,1
Mathews-Haynes,1
Mathews-Jensen,1
Mathews-Lawrence,1
Mathews-Oconnell,1
Mathews-Ortiz,1
"Mathis And Montgomery, Mullen",1
Mathis Inc,1
Mathis Ltd,1
"Mathis Mendoza And Martinez,",1
"Mathis Middleton, Young And",1
Mathis Plc,1
"Mathis, And Macdonald Ford",1
"Mathis, Gentry Turner And",1
"Mathis, Robertson And Davis",1
Mathis-Anderson,1
Mathis-Burton,1
Mathis-Butler,1
Mathis-Case,1
Mathis-Cruz,1
Mathis-Dorsey,1
Mathis-Jones,1
Mathis-Porter,1
Mathis-Schwartz,1
Mathis-Scott,1
"Matthews And James Contreras,",1
"Matthews Dyer, Park And",1
"And Brock Lam Johnson,",1
"Matthews Hunt, Kelly And",1
Matthews Ltd,1
Matthews Plc,1
"Matthews Poole, Herring And",1
"Matthews Ramirez And Goodwin,",1
"Matthews Rhodes And Munoz,",1
"Matthews, And Jones Sawyer",1
"Matthews, And Leonard Cobb",1
"Matthews, And Miranda Diaz",1
"Matthews, Pearson And Green",1
"Matthews, Wiggins Carpenter And",1
Matthews-Beck,1
Matthews-Bryan,1
Matthews-Burns,1
Matthews-Cruz,1
Matthews-Davis,1
Matthews-Fletcher,1
Matthews-Flores,1
Matthews-Foster,1
Matthews-Gardner,1
Matthews-Gonzalez,1
Matthews-Mcbride,1
Matthews-Miller,1
Matthews-Morgan,1
Matthews-Oneal,1
Matthews-Pacheco,1
Matthews-Padilla,1
Matthews-Patterson,1
Matthews-Romero,1
Matthews-Saunders,1
Matthews-Steele,1
Matthews-Stone,1
Matthews-Summers,1
Matthews-Velasquez,1
Matthews-Vincent,1
Matthews-Watson,1
"Maxwell Adams Williams, And",1
"Maxwell And Ortiz, Green",1
Maxwell Group,1
Maxwell Plc,1
"Maxwell Smith And Davis,",1
"Maxwell, And Russell Miller",1
"Maxwell, Chandler Mendez And",1
"Maxwell, Harris Watson And",1
Maxwell-Edwards,1
Maxwell-Grimes,1
Maxwell-Hutchinson,1
Maxwell-Miller,1
Maxwell-Morgan,1
Maxwell-Sloan,1
Maxwell-Williams,1
May And Sons,1
"May Curry Gonzales, And",1
"May Gray Shaw, And",1
"May Jones And White,",1
"And Brock Villarreal, Sanchez",1
"May Malone, And Sampson",1
"May Myers And Bailey,",1
May Plc,1
"May Shepherd, And Mathis",1
"May Smith And Sanchez,",1
May Sons And,1
"May Tanner, And Williams",1
"May, And Harris Savage",1
"May, And Martinez Fleming",1
"May, And Rivera Nguyen",1
"May, And Wagner Cooley",1
"May, Mullins And Martin",1
"And Brooks Miles, Rodgers",1
May-Bailey,1
May-Chambers,1
May-Cox,1
May-Estrada,1
May-Gomez,1
May-Hicks,1
May-Levy,1
May-Michael,1
May-Morgan,1
May-Morton,1
May-Neal,1
May-Park,1
May-Price,1
May-Reed,1
May-Reyes,1
"And Brooks Rodriguez, Howard",1
May-Schmidt,1
May-Schneider,1
May-Skinner,1
May-Smith,1
May-Wallace,1
May-Ware,1
"Mayer And Black Gutierrez,",1
"Mayer And Gardner Nolan,",1
"Mayer Cohen Wood, And",1
"Mayer Estes Roberts, And",1
"Mayer Jones And Richards,",1
"And Brooks, Petersen Stanley",1
"Mayer Porter, Byrd And",1
"Mayer, And Steele Harris",1
Mayer-Crawford,1
Mayer-Hernandez,1
Mayer-Johnson,1
Mayer-Rodriguez,1
Mayer-Stanley,1
"Maynard Armstrong, Sparks And",1
Maynard Group,1
Maynard Llc,1
Maynard-Calhoun,1
Maynard-Duffy,1
Maynard-Mitchell,1
Maynard-Newman,1
Maynard-Rhodes,1
Maynard-Sanchez,1
Maynard-Taylor,1
Maynard-Williams,1
"Mayo And Malone, Butler",1
Mayo And Sons,1
Mayo Llc,1
"And Brooks, Williams Morse",1
"And Brown Ali, Barton",1
"Mayo Williams, And Grant",1
Mayo-Bishop,1
Mayo-Burnett,1
Mayo-Gregory,1
Mayo-Payne,1
Mayo-Riggs,1
Mayo-Williams,1
Mayo-Wise,1
"Mays Chase, And Wall",1
Mays Group,1
Mays Inc,1
"Mays Thomas, And Harris",1
"Mays, And Walker West",1
"Mays, Castillo Little And",1
"Mays, Williams Thompson And",1
Mays-Adams,1
Mays-Boone,1
Mays-Crawford,1
Mays-Gilbert,1
Mays-Gutierrez,1
Mays-Howard,1
Mays-Rhodes,1
Mays-Thomas,1
"And Brown Anderson, Moyer",1
"Mcbride Moreno Barry, And",1
Mcbride Sons And,1
"Mcbride, And Stephens Fuentes",1
"Mcbride, Ramirez White And",1
Mcbride-Beck,1
Mcbride-Foley,1
Mcbride-Hamilton,1
Mcbride-Mccullough,1
Mcbride-Mullins,1
Mcbride-Park,1
Mcbride-Taylor,1
Mcbride-Ward,1
"Mccall Carter, And Gonzales",1
Mccall Inc,1
"And Brown Avila Cruz,",1
"Mccall Mckenzie And Mata,",1
"Mccall Odom, Conley And",1
Mccall Plc,1
"Mccall, Lang And Henderson",1
Mccall-Benjamin,1
Mccall-Bryant,1
Mccall-Burch,1
Mccall-Howard,1
Mccall-Ray,1
Mccall-Williams,1
"Mccann And Barnett, Brown",1
"Mccann Gonzalez, And Newman",1
"Mccann Graves And Sutton,",1
"Mccann Lewis, Morris And",1
Mccann-Murphy,1
Mccann-Schultz,1
Mccann-Smith,1
Mccann-Taylor,1
Mccann-Vasquez,1
Mccann-Walker,1
Mccann-Williams,1
"Mccarthy And Dawson Anderson,",1
"Mccarthy Coleman, Todd And",1
"Mccarthy Long, Stephens And",1
Mccarthy Ltd,1
"Mccarthy Mitchell, And Shelton",1
"Mccarthy Payne Walter, And",1
"Mccarthy Peterson, And Berry",1
Mccarthy Plc,1
"Mccarthy White, And Anderson",1
"Mccarthy, And Cooper Crawford",1
"Mccarthy, And Lewis Robbins",1
Mccarthy-Adams,1
Mccarthy-Bender,1
Mccarthy-Castillo,1
Mccarthy-Cooper,1
Mccarthy-Love,1
Mccarthy-Oliver,1
Mccarthy-Smith,1
Mccarthy-Thompson,1
Mccarthy-Young,1
"Mccarty And Franklin Miller,",1
Mccarty And Sons,1
"Mccarty Anderson Galvan, And",1
Mccarty Group,1
"Mccarty, Mcbride And Ruiz",1
Mccarty-Anderson,1
Mccarty-Martin,1
Mccarty-Thomas,1
Mccarty-Wilson,1
"Mcclain And Smith, Chaney",1
"And Brown Bennett Watson,",1
"Mcclain And Wallace, Vasquez",1
Mcclain Group,1
"Mcclain Lester And Shannon,",1
Mcclain Llc,1
Mcclain Plc,1
Mcclain Sons And,1
"Mcclain Woodward And Jarvis,",1
Mcclain-Henderson,1
Mcclain-Huang,1
Mcclain-King,1
Mcclain-Landry,1
Mcclain-Larson,1
Mcclain-Ortega,1
Mcclain-Reed,1
"Mcclure Castro, And Bonilla",1
Mcclure Group,1
Mcclure Inc,1
"And Brown Blanchard Greer,",1
"Mcclure Myers, Guzman And",1
Mcclure Plc,1
Mcclure Sons And,1
"Mcclure, Price Johnson And",1
Mcclure-Bowman,1
Mcclure-Cline,1
Mcclure-Crane,1
Mcclure-Glass,1
Mcclure-Kirk,1
Mcclure-Meyer,1
Mcclure-Reynolds,1
Mcclure-Shields,1
Mcclure-Sparks,1
Mcclure-Williams,1
"Mcconnell And Rios, Clark",1
"Mcconnell And Roach Mitchell,",1
Mcconnell Group,1
"Mcconnell Hobbs, Frank And",1
"Mcconnell Meyers And Yates,",1
"Mcconnell, Thompson Smith And",1
Mcconnell-Brock,1
Mcconnell-Hill,1
Mcconnell-Mcknight,1
Mcconnell-Newman,1
Mcconnell-Sellers,1
Mcconnell-Washington,1
"Mccormick And Morgan, Hayes",1
Mccormick Inc,1
Mccormick Plc,1
"Mccormick Tate, And Lopez",1
"Mccormick, And Martinez Ryan",1
"Mccormick, Rodgers Young And",1
Mccormick-Barnes,1
Mccormick-Garcia,1
Mccormick-Hunt,1
Mccormick-Klein,1
Mccormick-Lozano,1
Mccormick-Marshall,1
Mccormick-Morales,1
Mccormick-Rodriguez,1
Mccormick-Smith,1
Mccormick-Snyder,1
Mccormick-Sparks,1
Mccormick-White,1
Mccormick-Wise,1
"Mccoy And Green, Vance",1
"Mccoy And Holmes Hardy,",1
"Mccoy And Newman, Flores",1
"And Brown Burgess, Tran",1
Mccoy Group,1
"Mccoy Hunter, And Harrison",1
"And Brown Carlson, Mcintosh",1
Mccoy Llc,1
"Mccoy Salinas, Hale And",1
"Mccoy, And Newton Morse",1
"Mccoy, Crawford Morris And",1
"Mccoy, Ruiz And Contreras",1
"Mccoy, Smith Jackson And",1
Mccoy-Anderson,1
Mccoy-Ayala,1
Mccoy-Burns,1
Mccoy-Davis,1
Mccoy-Hendrix,1
Mccoy-Horton,1
Mccoy-Hubbard,1
Mccoy-Johns,1
Mccoy-Kent,1
Mccoy-Lara,1
Mccoy-Luna,1
Mccoy-Montgomery,1
Mccoy-Ramirez,1
Mccoy-Rios,1
Mccoy-Smith,1
Mccoy-Swanson,1
Mccoy-Thomas,1
Mccoy-Vaughn,1
Mccoy-West,1
Mccoy-Wilcox,1
"Mccullough And Smith Dixon,",1
Mccullough Inc,1
Mccullough Llc,1
Mccullough Ltd,1
"Mccullough, Wade And Montoya",1
Mccullough-Lara,1
Mccullough-Mata,1
Mccullough-Reid,1
Mccullough-Wolf,1
"Mcdaniel And Harper Phelps,",1
"Mcdaniel And Smith Thomas,",1
Mcdaniel And Sons,1
"Mcdaniel Anderson, Herrera And",1
"Mcdaniel Dodson Shelton, And",1
Mcdaniel Llc,1
"And Brown Cobb Alvarez,",1
"Mcdaniel Santiago, And Moore",1
"Mcdaniel, And Guerra Gates",1
Mcdaniel-Allen,1
Mcdaniel-Castaneda,1
Mcdaniel-Gilbert,1
Mcdaniel-Gonzalez,1
Mcdaniel-Hansen,1
Mcdaniel-Horton,1
Mcdaniel-Johnson,1
Mcdaniel-Leach,1
Mcdaniel-Love,1
Mcdaniel-Moore,1
Mcdaniel-Myers,1
Mcdaniel-Ruiz,1
Mcdaniel-Serrano,1
Mcdaniel-Walsh,1
"Mcdonald Alexander Montes, And",1
"Mcdonald And Berg Brown,",1
"Mcdonald And Cox Miller,",1
"Mcdonald And Smith Flynn,",1
"Mcdonald And Smith, Smith",1
"Mcdonald And Turner, Smith",1
"Mcdonald Armstrong Nelson, And",1
"Mcdonald Brown, And Griffin",1
"Mcdonald Cervantes, Roach And",1
"And Brown Cohen Jones,",1
"Mcdonald Hall And Johnson,",1
"Mcdonald Hansen, And Fernandez",1
"Mcdonald Hutchinson, Garcia And",1
Mcdonald Inc,1
"Mcdonald King Blackburn, And",1
"Mcdonald Lee, And Fitzpatrick",1
"And Brown Cook Rodriguez,",1
"Mcdonald Lowe And Boyd,",1
"And Brown Davis, Singleton",1
Mcdonald Sons And,1
"Mcdonald Taylor, And Bates",1
"Mcdonald, Cunningham And Cox",1
"Mcdonald, Ferguson Cross And",1
"Mcdonald, Holmes Good And",1
"Mcdonald, Maldonado And Guerra",1
"Mcdonald, Mason Cochran And",1
"Mcdonald, Roberson And Sanchez",1
Mcdonald-Anderson,1
Mcdonald-Ayers,1
Mcdonald-Barnes,1
Mcdonald-Bennett,1
Mcdonald-Bradley,1
Mcdonald-Carey,1
Mcdonald-Curry,1
Mcdonald-Davenport,1
Mcdonald-Davis,1
Mcdonald-Eaton,1
Mcdonald-Ellis,1
Mcdonald-Ford,1
Mcdonald-Garcia,1
Mcdonald-Garner,1
Mcdonald-Gill,1
Mcdonald-Harvey,1
Mcdonald-Mercer,1
Mcdonald-Moody,1
Mcdonald-Olson,1
Mcdonald-Patterson,1
Mcdonald-Perez,1
Mcdonald-Phillips,1
Mcdonald-Reynolds,1
Mcdonald-Roberson,1
Mcdonald-Roberts,1
Mcdonald-Sanchez,1
Mcdonald-Villegas,1
"Mcdowell And Thomas, Costa",1
Mcdowell Group,1
Mcdowell Ltd,1
"Mcdowell, Mckay Harris And",1
Mcdowell-Aguirre,1
Mcdowell-Avila,1
Mcdowell-Barnett,1
Mcdowell-Cook,1
Mcdowell-Gray,1
Mcdowell-Hale,1
Mcdowell-Kent,1
Mcdowell-Ramos,1
Mcdowell-Smith,1
"Mcfarland And Nguyen Hall,",1
"Mcfarland Cross Gomez, And",1
"Mcfarland Diaz And Klein,",1
"Mcfarland Hays And Delacruz,",1
"Mcfarland Johnson, And Powers",1
"Mcfarland Lewis, And Price",1
"Mcfarland Miller, And Benson",1
Mcfarland Plc,1
"Mcfarland, And Simon Bailey",1
Mcfarland-Russell,1
Mcfarland-Williams,1
"Mcgee And Harrison Young,",1
"Mcgee And Smith, Cabrera",1
Mcgee And Sons,1
"Mcgee Becker, Bradshaw And",1
Mcgee Inc,1
"Mcgee Kim Taylor, And",1
"Mcgee Nguyen, And Hatfield",1
"Mcgee Patton Aguirre, And",1
Mcgee Plc,1
"Mcgee, Walker And Clark",1
Mcgee-Brady,1
Mcgee-Davis,1
Mcgee-Duran,1
Mcgee-Floyd,1
Mcgee-Garza,1
Mcgee-Hanson,1
Mcgee-Hardy,1
Mcgee-Hernandez,1
Mcgee-Horne,1
Mcgee-Lewis,1
Mcgee-Lopez,1
Mcgee-Lynch,1
Mcgee-Ortega,1
Mcgee-Rogers,1
Mcgrath And Sons,1
"Mcgrath Anderson, Adams And",1
"Mcgrath Lopez Rogers, And",1
"Mcgrath Lopez, Howell And",1
"And Brown Delgado Williams,",1
"Mcgrath Salazar, And Hernandez",1
"Mcgrath Sims Jones, And",1
"Mcgrath, Ford And Whitaker",1
"Mcgrath, Willis Roman And",1
Mcgrath-Lopez,1
Mcgrath-Morales,1
Mcgrath-Norris,1
"Mcguire And Brown, Weeks",1
"Mcguire And Lopez Daniels,",1
"Mcguire And Singleton, Gonzalez",1
"Mcguire And Wheeler, Morris",1
"Mcguire Bean And Case,",1
"And Brown English, Sullivan",1
"And Brown Fields Fisher,",1
"Mcguire Lyons, And Davis",1
"Mcguire Mccarthy Turner, And",1
"Mcguire Obrien Thomas, And",1
"Mcguire Valdez, White And",1
"Mcguire, And Andrews Kerr",1
"Mcguire, And Bennett Perez",1
"Mcguire, And Brown Blackwell",1
"Mcguire, And James Adams",1
"Mcguire, Hicks Phillips And",1
"Mcguire, Klein And Moore",1
Mcguire-Garner,1
Mcguire-George,1
Mcguire-Johnson,1
Mcguire-Jones,1
Mcguire-Livingston,1
Mcguire-Ruiz,1
"Mcintosh And Arellano Jackson,",1
"Mcintosh And Williams Howell,",1
Mcintosh Group,1
Mcintosh Ltd,1
Mcintosh Plc,1
"Mcintosh Wilson And Daniel,",1
"Mcintosh, And Tucker Harris",1
Mcintosh-Cantu,1
Mcintosh-Evans,1
Mcintosh-Harrington,1
Mcintosh-Jackson,1
Mcintosh-Neal,1
Mcintosh-Smith,1
Mcintosh-Wilson,1
Mcintosh-Young,1
"Mcintyre And Wheeler Gibson,",1
"Mcintyre Brady Ramos, And",1
"Mcintyre Finley, And Jones",1
"And Brown Figueroa Tucker,",1
"Mcintyre Scott, Anthony And",1
"Mcintyre Solis, Rodriguez And",1
Mcintyre-Anderson,1
Mcintyre-Beasley,1
Mcintyre-Hill,1
Mcintyre-Vasquez,1
"Mckay And Ballard, Watts",1
"Mckay Cooke, And Calderon",1
"Mckay Jones, Sanford And",1
"Mckay Rogers, Jones And",1
"Mckay Williams, Rodriguez And",1
Mckay-Ellis,1
Mckay-Fox,1
Mckay-Gould,1
Mckay-Shelton,1
"Mckee And Cox Taylor,",1
"Mckee And Harrison, Martin",1
"Mckee And Valencia Morris,",1
Mckee Llc,1
Mckee Ltd,1
"Mckee, Silva And Vazquez",1
"Mckee, Walton Warren And",1
"Mckee, Wright And Richardson",1
Mckee-Cooley,1
Mckee-Hunt,1
Mckee-Johnson,1
Mckee-Jones,1
Mckee-Miller,1
Mckee-Scott,1
Mckee-Stevens,1
"And Brown Fisher Blair,",1
"Mckenzie And Gonzalez Cruz,",1
"Mckenzie Combs Cochran, And",1
Mckenzie Llc,1
Mckenzie Ltd,1
"Mckenzie Maldonado, Acosta And",1
"Mckenzie Montoya And Schwartz,",1
"Mckenzie Perry And Coleman,",1
"And Brown Gross, Lewis",1
"Mckenzie, Daugherty Holmes And",1
"Mckenzie, Nelson Mueller And",1
Mckenzie-Chen,1
Mckenzie-Drake,1
Mckenzie-Jenkins,1
Mckenzie-Miller,1
Mckenzie-Rivera,1
Mckenzie-Sutton,1
Mckenzie-Thompson,1
Mckenzie-Young,1
"Mckinney And Bryant, Gonzales",1
"Mckinney Brown, Dixon And",1
Mckinney Inc,1
"Mckinney Johnson And Williams,",1
Mckinney Llc,1
"Mckinney Powell Hall, And",1
"Mckinney, And Ryan Gonzalez",1
"Mckinney, Sanders And Sanchez",1
"Mckinney, Torres And Jacobs",1
Mckinney-Adkins,1
Mckinney-Castillo,1
Mckinney-Clark,1
Mckinney-Cooper,1
Mckinney-Cox,1
Mckinney-Edwards,1
Mckinney-Gardner,1
"And Brown Harper Russo,",1
Mckinney-Miller,1
Mckinney-Nguyen,1
Mckinney-Richardson,1
Mckinney-Sherman,1
Mckinney-Vasquez,1
Mckinney-Wells,1
Mckinney-Yang,1
"Mcknight Allen, And Smith",1
Mcknight Group,1
"Mcknight Johnson, And Mosley",1
Mcknight Llc,1
Mcknight Ltd,1
"Mcknight Perry Rivera, And",1
Mcknight Plc,1
"Mcknight Thompson Baker, And",1
"Mcknight, Castro Perry And",1
"Mcknight, Reed Mccoy And",1
Mcknight-Buck,1
Mcknight-Campos,1
Mcknight-Jordan,1
Mcknight-Padilla,1
Mcknight-Spence,1
"Mclaughlin And Brown, Haney",1
"Mclaughlin And Rich Miller,",1
"Mclaughlin Barber Zuniga, And",1
"And Brown Horn Chambers,",1
"Mclaughlin Lester And Wolfe,",1
Mclaughlin Llc,1
"Mclaughlin Moreno, And Johnson",1
Mclaughlin Plc,1
"Mclaughlin, And Tucker Francis",1
"Mclaughlin, Bernard Pearson And",1
"Mclaughlin, Butler And Macdonald",1
"Mclaughlin, Chavez And Garcia",1
"Mclaughlin, Martin Khan And",1
Mclaughlin-Bradshaw,1
Mclaughlin-Brown,1
Mclaughlin-Ford,1
Mclaughlin-Harrison,1
Mclaughlin-Jenkins,1
Mclaughlin-Lawrence,1
Mclaughlin-Martin,1
Mclaughlin-Mcfarland,1
Mclaughlin-Sanford,1
Mclaughlin-Sims,1
Mclaughlin-Stevenson,1
"And Brown Hughes, Avery",1
Mclaughlin-Williams,1
Mclaughlin-Wilson,1
"Mclean And Lowe Barnes,",1
"Mclean Hendrix, Brooks And",1
Mclean Llc,1
Mclean Ltd,1
"And Brown Johnson, Jimenez",1
Mclean-Levy,1
Mclean-Ross,1
"Mcmahon And Kim, Holmes",1
Mcmahon And Sons,1
"Mcmahon Cook Johns, And",1
"And Brown Kidd Burch,",1
Mcmahon Llc,1
"Mcmahon Ortiz, Owens And",1
"Mcmahon, Adams And Wright",1
"Mcmahon, And Steele Rose",1
"Mcmahon, Delacruz And Rodgers",1
"Mcmahon, Smith And Crawford",1
"Mcmahon, Woods And Fields",1
Mcmahon-Gomez,1
Mcmahon-Powers,1
Mcmahon-Sampson,1
Mcmahon-Scott,1
"Mcmillan Henry, Garcia And",1
Mcmillan Inc,1
"Mcmillan, And Arias Moran",1
"Mcmillan, Choi Carpenter And",1
Mcmillan-Black,1
Mcmillan-Dean,1
Mcmillan-Gonzales,1
"Mcneil And Roth, Owens",1
"Mcneil Doyle Navarro, And",1
Mcneil Inc,1
Mcneil Ltd,1
"Mcneil Miller, Nicholson And",1
Mcneil Plc,1
"Mcneil, And Brooks Floyd",1
"Mcneil, And Floyd Jordan",1
"Mcneil, Cline And Howard",1
"Mcneil, Keller And King",1
Mcneil-Baxter,1
Mcneil-Blake,1
Mcneil-Deleon,1
Mcneil-Downs,1
Mcneil-Edwards,1
Mcneil-Fernandez,1
Mcneil-Fleming,1
Mcneil-Jones,1
Mcneil-Perez,1
Mcneil-Rivera,1
Mcneil-Wilson,1
Mcneil-Wolf,1
"Mcpherson And Ingram Hamilton,",1
Mcpherson And Sons,1
Mcpherson Group,1
"Mcpherson Nelson Macias, And",1
"Mcpherson, Jackson And Bush",1
"Mcpherson, Ramos Aguilar And",1
Mcpherson-Atkins,1
"And Brown Larson Moyer,",1
Mcpherson-Campos,1
Mcpherson-Gibbs,1
Mcpherson-Green,1
Mcpherson-Howard,1
Mcpherson-Porter,1
Mcpherson-Rodriguez,1
"Meadows And Nelson, Owen",1
Meadows And Sons,1
Meadows Group,1
"And Brown Lawson, Gardner",1
Meadows Ltd,1
"Meadows, And Guerrero Scott",1
"Meadows, And Johnson Peters",1
"Meadows, Perry Brown And",1
Meadows-Nichols,1
Meadows-Thornton,1
Meadows-Zuniga,1
"Medina And Elliott Stewart,",1
"Medina Gross Terrell, And",1
Medina Group,1
"And Brown Lee, Holloway",1
"Medina Moore, Maynard And",1
"Medina Ochoa Hall, And",1
"Medina Perez, Humphrey And",1
"And Brown Martinez Johnson,",1
"Medina Shea Barrett, And",1
Medina Sons And,1
"Medina, And Allen Wilkins",1
"Medina, And Forbes Arnold",1
"Medina, Brown Brown And",1
"Medina, Gill And Hansen",1
"Medina, Henderson And Henry",1
"Medina, Mcdaniel Baker And",1
"Medina, Mcmahon Cox And",1
"Medina, Wilkerson Smith And",1
"Medina, Wright And Shaffer",1
Medina-Austin,1
Medina-Bailey,1
Medina-Bean,1
Medina-Bennett,1
Medina-Caldwell,1
Medina-Campos,1
Medina-Cardenas,1
Medina-Ellis,1
Medina-Fitzgerald,1
Medina-Hubbard,1
Medina-Johnson,1
Medina-Mcbride,1
Medina-Murray,1
Medina-Nguyen,1
Medina-Palmer,1
Medina-Reyes,1
Medina-Roman,1
Medina-Sanchez,1
Medina-Soto,1
Medina-Travis,1
"And Brown Moss Cannon,",1
Medina-Williams,1
"Mejia And Smith, Lopez",1
"Mejia Austin, And Davis",1
"And Brown Oneal, Shah",1
"Mejia Hill, And Poole",1
Mejia Inc,1
"Mejia Patrick Anderson, And",1
"Mejia Patrick, Shepherd And",1
"And Brown Owens, Clark",1
"Mejia Travis And Rose,",1
"Mejia, And Osborn Price",1
Mejia-Beard,1
Mejia-Buck,1
Mejia-Green,1
Mejia-Haney,1
Mejia-Hayes,1
Mejia-Hill,1
Mejia-Holt,1
Mejia-Jackson,1
Mejia-Owens,1
Mejia-Stevens,1
Mejia-Williams,1
"Melendez And Bell Davis,",1
"Melendez And Cook, Harris",1
"Melendez And Gray Williams,",1
Melendez Llc,1
"Melendez, And Johnson Allen",1
"Melendez, Chandler And Campbell",1
Melendez-Garcia,1
Melendez-Lewis,1
Melendez-Meyers,1
Melendez-Osborne,1
Melendez-Williams,1
"Melton And Parker, Stewart",1
"Melton And Proctor Moses,",1
"Melton And Thomas Castaneda,",1
Melton Group,1
Melton Inc,1
Melton Ltd,1
Melton Plc,1
"Melton Rogers, And Lopez",1
"Melton Savage, And Dorsey",1
Melton Sons And,1
"Melton, Patton And Valdez",1
Melton-Casey,1
Melton-Evans,1
Melton-Fry,1
Melton-Petty,1
Melton-Robinson,1
Melton-Sawyer,1
"Mendez And Clay, Smith",1
"Mendez And Frank Rosario,",1
"Mendez And Rodriguez Thomas,",1
Mendez Inc,1
"Mendez Jackson, And Brown",1
"Mendez Jacobs Herrera, And",1
Mendez Llc,1
"And Brown Patterson, Galvan",1
"Mendez Mack, Zhang And",1
Mendez Plc,1
"Mendez Sanchez, Herrera And",1
"Mendez Walker, And Richards",1
"Mendez, And Russell Hayes",1
"Mendez, And Smith Munoz",1
"Mendez, Ayala And Rivera",1
"Mendez, Mcdonald And Wilson",1
"Mendez, Mitchell And Bradley",1
"Mendez, Pierce And Fox",1
"Mendez, Rodriguez And Smith",1
"Mendez, Roth Patel And",1
Mendez-Barker,1
Mendez-Brooks,1
Mendez-Castillo,1
Mendez-Davis,1
Mendez-Ferguson,1
Mendez-Garcia,1
Mendez-Hughes,1
Mendez-Jenkins,1
Mendez-Lin,1
Mendez-Mcclure,1
Mendez-Montoya,1
Mendez-Nguyen,1
Mendez-Ramirez,1
Mendez-Robinson,1
"And Brown Pierce Knight,",1
Mendez-Shelton,1
Mendez-Sherman,1
Mendez-Turner,1
Mendez-Walton,1
Mendez-Wilkerson,1
Mendez-Wilson,1
"Mendoza And Carey Martinez,",1
"Mendoza And Mckinney, Bruce",1
"Mendoza And Moreno Page,",1
"Mendoza And Orr Francis,",1
Mendoza And Sons,1
"Mendoza Davis Miller, And",1
"Mendoza Foley Williams, And",1
"And Brown Ray Walton,",1
"Mendoza Jennings, And Petersen",1
"Mendoza Jordan Freeman, And",1
"And Brown Rodriguez Morales,",1
"And Brown Schmidt, Ochoa",1
"Mendoza May, And Harris",1
"Mendoza Nguyen Lopez, And",1
"Mendoza Pope, And Yang",1
"Mendoza Reyes, Stevens And",1
"Mendoza Sanders, And Pruitt",1
Mendoza Sons And,1
"Mendoza Williams, And Gonzales",1
"Mendoza, And Alvarado Potter",1
"Mendoza, Gallegos Mason And",1
"Mendoza, Hammond And Ray",1
"Mendoza, Martinez Lopez And",1
"Mendoza, Meyer And Massey",1
"Mendoza, Moore And Rich",1
"Mendoza, Smith Montgomery And",1
"Mendoza, Thomas Choi And",1
"Mendoza, White And Hernandez",1
Mendoza-Burton,1
Mendoza-Cain,1
Mendoza-Cameron,1
Mendoza-Carter,1
Mendoza-Chen,1
Mendoza-Dougherty,1
Mendoza-Ewing,1
Mendoza-Howe,1
Mendoza-Kennedy,1
Mendoza-Lee,1
Mendoza-Lester,1
Mendoza-Lewis,1
Mendoza-Lyons,1
Mendoza-Martinez,1
Mendoza-Mendez,1
Mendoza-Morrison,1
Mendoza-Ray,1
Mendoza-Rivera,1
Mendoza-Taylor,1
Mendoza-Wilson,1
Mendoza-Woods,1
"Mercado Hernandez, Fleming And",1
"Mercado Phillips Nelson, And",1
"Mercado Robertson, Farmer And",1
Mercado-Boyle,1
Mercado-Brown,1
Mercado-Contreras,1
Mercado-Cummings,1
Mercado-Duran,1
Mercado-Nguyen,1
Mercado-Paul,1
Mercado-Woods,1
"Mercer Baker, Floyd And",1
"Mercer Sanchez Ward, And",1
"Mercer Wilson And Wilson,",1
"Mercer, Cowan And Munoz",1
"Mercer, Young Thompson And",1
Mercer-Booker,1
Mercer-Carr,1
Mercer-Garcia,1
Mercer-Jenkins,1
Mercer-Johnson,1
Mercer-Kidd,1
Mercer-Powers,1
Mercer-Rogers,1
"Merritt Estrada, And Turner",1
"Merritt Frazier, And Mullins",1
"And Brown Sellers, Sparks",1
"Merritt Lewis, Shaffer And",1
Merritt Ltd,1
"Merritt Shaw, And Mosley",1
"Merritt, And Young King",1
"Merritt, Lopez And Jones",1
"Merritt, Morgan And Hughes",1
Merritt-Gray,1
Merritt-Woods,1
"And Brown Short Nguyen,",1
"Meyer And Barton Luna,",1
"Meyer And Kaufman, Baldwin",1
"Meyer And Woods Jackson,",1
"Meyer Atkins, Lewis And",1
"Meyer Bishop And Wallace,",1
"Meyer Brown Hall, And",1
"And Brown Vasquez Long,",1
"Meyer Harris, And White",1
"Meyer Hunter, Sanchez And",1
Meyer Inc,1
"Meyer James, And Morgan",1
"Meyer Jones, And Martinez",1
"Meyer Keller, Bartlett And",1
"And Brown Vazquez Smith,",1
"Meyer Pierce, And Lindsey",1
Meyer Plc,1
"Meyer Wright And Henderson,",1
"Meyer, And Martinez Russo",1
"Meyer, Morris Barber And",1
"Meyer, Sosa Patel And",1
Meyer-Cervantes,1
Meyer-Goodwin,1
Meyer-Greer,1
Meyer-Harrison,1
Meyer-Hill,1
Meyer-Horn,1
Meyer-Mcdaniel,1
Meyer-Mitchell,1
Meyer-Ramirez,1
Meyer-Sanders,1
Meyer-Scott,1
"Meyers And Bowman Hill,",1
"Meyers And Francis, Wright",1
"And Brown Vincent, Osborn",1
"Meyers Harris Sanchez, And",1
Meyers Inc,1
Meyers Llc,1
"And Brown Walsh Casey,",1
"Meyers Thompson Santiago, And",1
"Meyers Wells And Carrillo,",1
"Meyers, Reed And Daniels",1
Meyers-Cardenas,1
Meyers-Cole,1
Meyers-Hicks,1
Meyers-Holden,1
Meyers-Jenkins,1
Meyers-Moore,1
Meyers-Murray,1
Meyers-Norton,1
Meyers-Phillips,1
Meyers-Taylor,1
Meyers-Wilson,1
Meza Group,1
Meza Inc,1
Meza Llc,1
"Meza, Smith And Gardner",1
Meza-Cobb,1
Meza-Flores,1
"And Brown White, Howard",1
Meza-Harvey,1
Meza-Martin,1
Meza-Nelson,1
Meza-Perkins,1
Meza-Petty,1
Meza-Thomas,1
Meza-Wright,1
"Michael And Evans, Elliott",1
"Michael Robinson, And Sosa",1
"Michael, And Stone Brown",1
"Michael, Carter Nguyen And",1
"Michael, Walker And Olsen",1
Michael-Alexander,1
Michael-Collins,1
Michael-Hernandez,1
Michael-Hines,1
Michael-Jenkins,1
Michael-Mcmahon,1
Michael-Mendoza,1
"And Brown White, Jones",1
"Middleton Hayes And Richards,",1
"Middleton Reed And Owens,",1
"Middleton, Morris And Hansen",1
"Middleton, Watts Robinson And",1
Middleton-Allen,1
Middleton-Hill,1
Middleton-Jackson,1
Middleton-Martinez,1
Middleton-Miles,1
Middleton-Mullen,1
Middleton-Peterson,1
Middleton-Ward,1
"Miles And Cummings, Travis",1
"Miles And Wood Livingston,",1
"Miles Berry, Gutierrez And",1
"Miles Carter Tate, And",1
Miles Group,1
"Miles Knight Riley, And",1
Miles Llc,1
Miles Plc,1
"Miles Torres, Jefferson And",1
"Miles Williams Kaufman, And",1
"Miles Williamson White, And",1
"Miles, And Johnson Johnson",1
"Miles, And Weaver Hudson",1
"Miles, Horton Hall And",1
"Miles, Perkins And White",1
"Miles, Schroeder Lopez And",1
Miles-Arias,1
Miles-Buck,1
Miles-Cannon,1
Miles-Jackson,1
Miles-Lee,1
Miles-Melendez,1
Miles-Meyer,1
Miles-Sanchez,1
Miles-Smith,1
"Miller Adams, Stokes And",1
"Miller And Bailey Sullivan,",1
"Miller And Barber Garcia,",1
"Miller And Beltran Edwards,",1
"Miller And Brown Hurst,",1
"Miller And Bullock Leonard,",1
"Miller And Davis Brown,",1
"Miller And Fernandez, Daugherty",1
"Miller And Gibson, Martinez",1
"Miller And Glover, Gonzalez",1
"Miller And Gomez, Gross",1
"Miller And Greene, Patel",1
"Miller And Herrera, Howell",1
"Miller And Hill Smith,",1
"Miller And Huang Stevenson,",1
"Miller And Jenkins, Mcintyre",1
"Miller And Jensen, Turner",1
"Miller And Little Gray,",1
"Miller And Mendoza Lopez,",1
"Miller And Mueller Hernandez,",1
"Miller And Oconnor Spencer,",1
"Miller And Perez Wood,",1
"Miller And Ramirez, Allen",1
"Miller And Ray Martinez,",1
"Miller And Reynolds, Paul",1
"Miller And Riley, Gillespie",1
"Miller And Shepard, Zuniga",1
"Miller And Singleton Phelps,",1
"And Brown Wood Montgomery,",1
"Miller And Tapia White,",1
"Miller And Tate, Rubio",1
"Miller And Thompson, Diaz",1
"Miller And Tucker, Byrd",1
"Miller And Williams Rivera,",1
"Miller And Williams, Fowler",1
"Miller And Williams, Pierce",1
"Miller And Wright Ellis,",1
"Miller Avila, And Rodriguez",1
"Miller Bailey, And Anderson",1
"Miller Bailey, Bryant And",1
"Miller Barnett Everett, And",1
"Miller Bauer Thomas, And",1
"Miller Bell, Owen And",1
"Miller Blair, And Williams",1
"Miller Blake Davis, And",1
"Miller Bowman, And Bradford",1
"Miller Burns Miller, And",1
"Miller Burns Myers, And",1
"Miller Castillo Vasquez, And",1
"Miller Chen, Dean And",1
"Miller Clark Massey, And",1
"Miller Clay, Hart And",1
"Miller Conway And Cooper,",1
"Miller Cortez Nguyen, And",1
"Miller Cross, And Bailey",1
"Miller Dean, And Mcclure",1
"Miller Delgado And Williams,",1
"Miller Duarte, Rhodes And",1
"Miller English Brady, And",1
"Miller Evans, Gonzalez And",1
"Miller Freeman And Patrick,",1
"Miller Green Calderon, And",1
"And Brown, Buckley Luna",1
"Miller Hall Clark, And",1
"Miller Hanson, And Burns",1
"Miller Hartman, Flores And",1
"Miller Haynes And Berger,",1
"Miller Hogan, And Wilson",1
"Miller Hudson, Taylor And",1
"And Brown, Clark Hernandez",1
"Miller Jackson, And Brown",1
"Miller Kelly Barnes, And",1
"Miller Kemp And Cross,",1
"And Brown, Escobar Smith",1
"And Brown, Griffin Roberts",1
"Miller Massey Lopez, And",1
"Miller Mcclain, Lamb And",1
"Miller Miller And Freeman,",1
"Miller Miller Santos, And",1
"Miller Montgomery Allen, And",1
"Miller Moore Tran, And",1
"Miller Morris, And Zamora",1
"Miller Nguyen, Harris And",1
"Miller Olson, And Collins",1
"Miller Page, Cole And",1
"Miller Perry And Simon,",1
"And Brown, Hines Ross",1
"Miller Ramirez And King,",1
"Miller Ramirez, And Howard",1
"Miller Reid Davis, And",1
"Miller Reyes, And Pugh",1
"Miller Rivera, And Miller",1
"Miller Rodriguez, And Lee",1
"Miller Santana And Kennedy,",1
"Miller Smith, And Anderson",1
"And Brown, James Green",1
"Miller Spencer Phillips, And",1
"Miller Stout And Owens,",1
"Miller Sullivan, Cooper And",1
"Miller Tapia Moody, And",1
"Miller Taylor And Davis,",1
"Miller Thomas, And Baker",1
"Miller Turner, West And",1
"Miller Valdez, And Howard",1
"Miller Wang Sanders, And",1
"Miller Weeks, Webster And",1
"Miller, And Alvarez Huff",1
"Miller, And Anthony Smith",1
"Miller, And Brown Bryant",1
"Miller, And Clark Williams",1
"Miller, And Cruz Tran",1
"Miller, And Gutierrez Mcmahon",1
"Miller, And Huber Archer",1
"Miller, And Johns Ray",1
"Miller, And Mcgee Ball",1
"Miller, And Mills Matthews",1
"Miller, And Olsen Best",1
"Miller, And Porter Harvey",1
"Miller, And Scott Reynolds",1
"Miller, And Stone Weber",1
"Miller, And Walker Maddox",1
"Miller, And Young Rodriguez",1
"Miller, Bell And Knapp",1
"Miller, Braun And Cruz",1
"Miller, Cook And Delgado",1
"Miller, Foster And Evans",1
"Miller, Gibson And Palmer",1
"Miller, Gonzalez And Miranda",1
"Miller, Green Barnes And",1
"Miller, Griffith And Anderson",1
"Miller, Haney And Park",1
"Miller, Lang And Reed",1
"Miller, Lee Jones And",1
"Miller, Leonard Johnson And",1
"Miller, Martinez And Mueller",1
"Miller, Mays And Riggs",1
"Miller, Miller And Cole",1
"Miller, Miller And Reynolds",1
"Miller, Moon Boyd And",1
"Miller, Moore And Casey",1
"Miller, Nicholson Ortega And",1
"Miller, Oneal Best And",1
"Miller, Pena Walker And",1
"Miller, Peters And Grant",1
"Miller, Reynolds Jennings And",1
"Miller, Richardson And Craig",1
"Miller, Robertson Mckay And",1
"Miller, Rodriguez And Robinson",1
"Miller, Simmons And Holland",1
"Miller, Smith Whitaker And",1
"Miller, Stein Hicks And",1
"Miller, Sullivan And Jarvis",1
"Miller, Thompson Perkins And",1
"Miller, Walton English And",1
Miller-Adams,1
Miller-Alexander,1
"And Brown, Johnson Miller",1
"And Brown, Robinson Davis",1
Miller-Avila,1
Miller-Bailey,1
Miller-Barber,1
Miller-Barry,1
Miller-Bates,1
Miller-Bell,1
Miller-Blankenship,1
Miller-Brady,1
Miller-Bridges,1
"And Brown, Ruiz Mitchell",1
"And Brown, Sheppard Stewart",1
Miller-Browning,1
Miller-Bryant,1
Miller-Bullock,1
Miller-Casey,1
Miller-Cervantes,1
Miller-Chambers,1
Miller-Chan,1
Miller-Chen,1
Miller-Clark,1
Miller-Clarke,1
Miller-Collins,1
Miller-Combs,1
Miller-Cox,1
Miller-Crawford,1
Miller-Cummings,1
"And Brown, Vazquez White",1
Miller-Dawson,1
Miller-Dean,1
Miller-Decker,1
Miller-Delgado,1
Miller-Esparza,1
Miller-Estrada,1
Miller-Evans,1
Miller-Fernandez,1
Miller-Floyd,1
Miller-French,1
Miller-Fuller,1
Miller-Galloway,1
Miller-Garcia,1
Miller-Gardner,1
Miller-Garza,1
Miller-Gibson,1
Miller-Gilbert,1
Miller-Golden,1
Miller-Gonzales,1
"And Brown, Wood Andrews",1
Miller-Guzman,1
Miller-Harrell,1
"And Browning Davis, Myers",1
Miller-Harvey,1
Miller-Hernandez,1
Miller-Hill,1
Miller-Howard,1
Miller-Howell,1
Miller-Jackson,1
Miller-James,1
Miller-Jenkins,1
Miller-Jennings,1
"And Browning Merritt, Gonzalez",1
"And Browning Schwartz Brooks,",1
"And Browning, Dawson George",1
Miller-Key,1
Miller-King,1
Miller-Klein,1
Miller-Lambert,1
Miller-Lawrence,1
Miller-Lawson,1
Miller-Lee,1
Miller-Lewis,1
Miller-Logan,1
Miller-Long,1
"And Bruce Williams, Miller",1
Miller-Maddox,1
Miller-Mann,1
Miller-Marquez,1
Miller-Martin,1
"And Bryan Blackwell, Jackson",1
Miller-Massey,1
Miller-Matthews,1
Miller-May,1
Miller-Mccarthy,1
Miller-Mcintyre,1
Miller-Medina,1
Miller-Meyer,1
Miller-Michael,1
"And Bryan Davis Vasquez,",1
Miller-Mitchell,1
"And Bryan Wilson, Williams",1
Miller-Moreno,1
Miller-Moss,1
Miller-Myers,1
Miller-Obrien,1
"And Bryant Burton, Perry",1
Miller-Owen,1
Miller-Park,1
Miller-Parker,1
Miller-Parks,1
Miller-Patterson,1
Miller-Payne,1
Miller-Phillips,1
Miller-Ramirez,1
Miller-Ramos,1
Miller-Reeves,1
Miller-Reynolds,1
Miller-Rivas,1
Miller-Robbins,1
"And Bryant Howard, Guerrero",1
"And Bryant Sanders Fields,",1
Miller-Rojas,1
Miller-Romero,1
Miller-Ross,1
Miller-Roy,1
Miller-Sanchez,1
Miller-Santiago,1
Miller-Sharp,1
Miller-Shepherd,1
Miller-Sherman,1
"And Bryant, Butler Webb",1
Miller-Stanley,1
Miller-Stanton,1
Miller-Suarez,1
Miller-Sullivan,1
"And Bryant, Smith Clark",1
"And Buchanan Campbell Malone,",1
Miller-Torres,1
Miller-Trujillo,1
"And Buchanan Moreno Pierce,",1
Miller-Vang,1
Miller-Vargas,1
Miller-Vega,1
Miller-Wagner,1
Miller-Walker,1
Miller-White,1
Miller-Whitehead,1
"And Buchanan, Boyd Roberts",1
Miller-Williamson,1
Miller-Willis,1
Miller-Wilson,1
"And Buck Stevenson, Garrett",1
"And Buckley Davis, Robinson",1
Miller-Zhang,1
"Mills And Foster, Cline",1
"Mills And James, Hansen",1
"Mills And Mejia Williams,",1
"Mills And Young, Perry",1
"Mills Franco And Trujillo,",1
"And Buckley Fernandez Moore,",1
"And Buckley, Brown Curry",1
"Mills Martinez, And Rodriguez",1
"Mills Mason, And Martin",1
"Mills Peterson And Jones,",1
"And Buckley, Jones Gonzalez",1
"Mills Sandoval, And Potts",1
"Mills Schroeder, And Edwards",1
"And Bullock Costa Hubbard,",1
"Mills Swanson And Nguyen,",1
"Mills, And Sanchez Phillips",1
"Mills, Hall And Booth",1
"Mills, Hall Norton And",1
"Mills, Johnson Wilson And",1
"Mills, Jones And Bennett",1
"Mills, Morgan And White",1
"Mills, Thomas And Hall",1
"Mills, Watts Michael And",1
Mills-Booth,1
Mills-Brown,1
Mills-Bryant,1
Mills-Cervantes,1
Mills-Clark,1
"And Bullock Jefferson, Ponce",1
Mills-Jenkins,1
Mills-Massey,1
Mills-Parker,1
Mills-Petersen,1
Mills-Robinson,1
Mills-Rogers,1
Mills-Silva,1
"And Bullock, Cantu Wyatt",1
Mills-Wilson,1
"Miranda And Michael, Collins",1
"And Burch Parker, Garrett",1
"Miranda Moore And Ryan,",1
Miranda Plc,1
"Miranda Underwood And Miller,",1
"Miranda, Brown And Wilson",1
"Miranda, Keith Cole And",1
"Miranda, Terry And Hancock",1
Miranda-Bell,1
Miranda-Collins,1
Miranda-Conley,1
Miranda-David,1
Miranda-Davis,1
Miranda-Elliott,1
Miranda-Garrett,1
Miranda-Hill,1
Miranda-Mccormick,1
Miranda-Rodriguez,1
Miranda-Shelton,1
Miranda-Smith,1
Miranda-Todd,1
Miranda-Townsend,1
Miranda-White,1
"Mitchell And Davis, Banks",1
"Mitchell And Harris, Compton",1
"And Burch White, Jackson",1
"Mitchell Brown And Rice,",1
"Mitchell Chapman, Johnson And",1
"Mitchell Davis And Anderson,",1
"Mitchell Espinoza, And Campos",1
"Mitchell Fields, And Smith",1
"Mitchell Gordon, Caldwell And",1
"And Burgess Bell, Walker",1
"Mitchell Hansen, Bray And",1
"And Burke Clark, Johnson",1
"Mitchell James Castro, And",1
"Mitchell Kirby And Bradley,",1
"And Burke Mccoy Joyce,",1
"And Burke Skinner Myers,",1
"Mitchell Miller, Moore And",1
"Mitchell Murray Ramirez, And",1
"Mitchell Nelson And Romero,",1
"Mitchell Newton, Fisher And",1
"Mitchell Phillips, Hernandez And",1
And Burke Sons,1
"Mitchell Russo, And Gould",1
"Mitchell Sanders, And Beasley",1
"And Burke Wright, Kennedy",1
"Mitchell Stout, Rangel And",1
"Mitchell Velasquez Walsh, And",1
"Mitchell Watson, And Goodwin",1
"Mitchell, Adams And Graham",1
"Mitchell, And Garcia Saunders",1
"Mitchell, Boyd Lopez And",1
"Mitchell, Carey Cole And",1
"Mitchell, Martinez Tanner And",1
"Mitchell, Rogers And Wilson",1
"Mitchell, Vasquez And Chaney",1
"Mitchell, Williams Nguyen And",1
Mitchell-Armstrong,1
Mitchell-Barron,1
Mitchell-Berg,1
Mitchell-Brewer,1
Mitchell-Campbell,1
Mitchell-Chambers,1
Mitchell-Clark,1
Mitchell-Clayton,1
Mitchell-Cline,1
Mitchell-Cooper,1
Mitchell-Crawford,1
Mitchell-Cross,1
Mitchell-Duran,1
Mitchell-Durham,1
Mitchell-Ford,1
Mitchell-Garcia,1
Mitchell-Gibson,1
Mitchell-Gomez,1
Mitchell-Green,1
Mitchell-Hart,1
Mitchell-Hawkins,1
Mitchell-Hernandez,1
Mitchell-Hicks,1
Mitchell-Hoffman,1
Mitchell-Holt,1
Mitchell-Jackson,1
Mitchell-Jimenez,1
Mitchell-Johnson,1
Mitchell-Kelly,1
Mitchell-Lowery,1
Mitchell-Martinez,1
Mitchell-Matthews,1
Mitchell-Murphy,1
Mitchell-Navarro,1
Mitchell-Odonnell,1
Mitchell-Parker,1
Mitchell-Patterson,1
Mitchell-Pena,1
Mitchell-Pope,1
Mitchell-Rodriguez,1
Mitchell-Rogers,1
Mitchell-Rose,1
Mitchell-Ryan,1
Mitchell-Sharp,1
Mitchell-Smith,1
Mitchell-Snyder,1
"And Burke, Ford Wright",1
Mitchell-Thomas,1
Mitchell-Townsend,1
Mitchell-Webb,1
Mitchell-Williams,1
Mitchell-Wilson,1
Mitchell-Wright,1
"Molina Butler And Cherry,",1
"And Burke, Fowler Hoffman",1
Molina Llc,1
"Molina Phillips, Santiago And",1
"Molina Reyes And White,",1
"Molina, And Gilbert Branch",1
"Molina, Rogers And Horton",1
Molina-Ayers,1
Molina-Bowman,1
Molina-Clark,1
Molina-Dunlap,1
Molina-Garcia,1
Molina-Green,1
Molina-Harvey,1
Molina-Hines,1
Molina-Hood,1
Molina-Jones,1
Molina-Moore,1
Molina-Phelps,1
Molina-Phillips,1
Molina-Taylor,1
Molina-Torres,1
"Monroe And Duncan, Rodriguez",1
"Monroe Fuller, Clay And",1
And Burnett Sons,1
"Monroe Jones And Baker,",1
"Monroe Knapp And Myers,",1
Monroe Llc,1
"Monroe Long, Collins And",1
Monroe Ltd,1
"Monroe Mccoy Howard, And",1
Monroe Plc,1
Monroe Sons And,1
"Monroe, Harmon And Walter",1
"Monroe, Hernandez And Martinez",1
Monroe-George,1
Monroe-Johns,1
Monroe-Leon,1
Monroe-Martinez,1
Monroe-Mcclure,1
Monroe-Morris,1
Monroe-Richardson,1
Monroe-Stevens,1
"Montes Case And Mendez,",1
"Montes Graham, And Pearson",1
Montes Inc,1
"And Burnett, Medina Howard",1
"Montes Mata And Young,",1
"Montes, Medina And Wilson",1
"Montes, Vaughan And Bell",1
"Montes, Williams And Ferguson",1
Montes-Evans,1
Montes-Fitzgerald,1
Montes-Keith,1
Montes-Lee,1
Montes-Myers,1
Montes-Randolph,1
Montes-Terry,1
"Montgomery And Baldwin, Martinez",1
"Montgomery And Benitez, Benton",1
"Montgomery And Howe Perez,",1
"Montgomery And Morris Morgan,",1
"Montgomery And Velez Stein,",1
"Montgomery Cantu, Larson And",1
Montgomery Group,1
"Montgomery Harper Meyer, And",1
Montgomery Inc,1
Montgomery Ltd,1
"Montgomery Morales, Wagner And",1
"Montgomery Rangel, Simpson And",1
"Montgomery Spears, And Blackburn",1
"Montgomery Washington Glover, And",1
"Montgomery, And Fisher Parks",1
"Montgomery, Brown Coleman And",1
Montgomery-Alexander,1
Montgomery-Anthony,1
Montgomery-Atkinson,1
Montgomery-Bell,1
Montgomery-Charles,1
Montgomery-Davis,1
Montgomery-Drake,1
Montgomery-Dudley,1
Montgomery-Garza,1
Montgomery-Hale,1
Montgomery-Jimenez,1
Montgomery-Johnson,1
Montgomery-Jones,1
Montgomery-Kirby,1
"And Burnett, Medina Townsend",1
Montgomery-Martinez,1
"And Burnett, Watson Jordan",1
Montgomery-Sparks,1
Montgomery-Spears,1
Montgomery-Washington,1
"Montoya And Dixon, Love",1
"Montoya Hamilton, And Cordova",1
"And Burns Shields, Elliott",1
Montoya Llc,1
"Montoya Lyons, And Cole",1
"Montoya, And Lee Chen",1
Montoya-Bruce,1
"And Burns, Hernandez Edwards",1
Montoya-Gonzales,1
Montoya-Holland,1
Montoya-Kelly,1
Montoya-Smith,1
Montoya-Thomas,1
Montoya-Turner,1
"Moody And Smith Simpson,",1
Moody And Sons,1
"Moody Chavez And Jackson,",1
"Moody Fitzpatrick And Rasmussen,",1
Moody Inc,1
Moody Llc,1
Moody Ltd,1
Moody Plc,1
"Moody Richards Randall, And",1
"And Burns, Moore Hopkins",1
"Moody, And Holland Kennedy",1
"Moody, And Moore Weber",1
"Moody, And Rice Scott",1
"Moody, And Richardson Miller",1
"Moody, Johnson And Collins",1
"Moody, Shaw Powell And",1
Moody-Carter,1
Moody-Chambers,1
Moody-Graham,1
Moody-Harris,1
Moody-Ingram,1
Moody-Johnston,1
Moody-Lee,1
Moody-Mcintyre,1
Moody-Reyes,1
Moody-Sawyer,1
Moody-Simmons,1
Moody-Smith,1
Moody-Solis,1
Moody-Stewart,1
Moody-Taylor,1
Moody-White,1
Moody-Wilson,1
"Moon And Gutierrez, Welch",1
"Moon And Sexton, Perry",1
"Moon And Williams Watts,",1
Moon Inc,1
"And Burton Davenport Shepherd,",1
Moon Ltd,1
"Moon, Graham Caldwell And",1
Moon-Chang,1
Moon-Davis,1
Moon-Gallagher,1
Moon-Jensen,1
Moon-Johnson,1
Moon-Peterson,1
Moon-Sexton,1
Moon-Trujillo,1
Moon-Yates,1
Mooney And Sons,1
"Mooney Hodges, Nichols And",1
"Mooney Jackson And Phillips,",1
"Mooney Sanchez Rodriguez, And",1
"Mooney Sanders, Stanley And",1
"Mooney, Nolan Porter And",1
"Mooney, Watson Huff And",1
Mooney-Clark,1
Mooney-Fuller,1
Mooney-Jimenez,1
Mooney-Newman,1
Mooney-Scott,1
"Moore And Atkins Benson,",1
"Moore And Beasley, Murray",1
"Moore And Frank Wolfe,",1
"Moore And Lang, Martinez",1
"Moore And Lara Jones,",1
"Moore And Lopez, Alvarado",1
"Moore And Martinez Walker,",1
"Moore And Martinez Watkins,",1
"Moore And Quinn Cooper,",1
"Moore And Rhodes Lang,",1
"Moore And Scott Cox,",1
"Moore And Smith Johnson,",1
"And Bush, Allen Mitchell",1
"Moore And Vega Mcmillan,",1
"Moore And Williams Thomas,",1
"Moore And Williams, Lara",1
"Moore Anderson, Harrington And",1
"Moore Brown, And Stark",1
"Moore Burke, And Smith",1
"Moore Butler, Gordon And",1
"Moore Carney Hernandez, And",1
"Moore Cisneros Clark, And",1
"Moore Cooper, Wilson And",1
"Moore Crane And Jordan,",1
"Moore Fuller, Terry And",1
"Moore Green, Holland And",1
"And Bush, Castillo Williamson",1
"Moore Hansen, And May",1
"And Butler Cordova, Rodriguez",1
"Moore Johnson And Davis,",1
"And Butler Morgan, Burke",1
"And Butler Murray, Gonzales",1
"Moore Mclaughlin Humphrey, And",1
"Moore Morris Martinez, And",1
"Moore Oneal, Miller And",1
"Moore Park And Brown,",1
"Moore Perez And Burnett,",1
"And Butler Rios, Stark",1
"Moore Reid, And Freeman",1
"Moore Richards, And Smith",1
"Moore Shields, Flores And",1
"And Butler Williams, Jennings",1
"Moore Strickland, And Williams",1
"Moore Terry Huynh, And",1
"Moore Watson Day, And",1
"Moore Young, Campbell And",1
"Moore, And Austin Dennis",1
"Moore, And Beasley Daniel",1
"Moore, And Fuller Bailey",1
"Moore, And Lewis Ortiz",1
"Moore, And Mahoney Martin",1
"Moore, And Moss Mcmillan",1
"Moore, And Richardson Hanson",1
"Moore, And Robinson Vang",1
"Moore, And Sampson Willis",1
"Moore, Baker Thomas And",1
"Moore, Carr Kramer And",1
"Moore, Edwards And Carpenter",1
"Moore, Freeman And Myers",1
"Moore, Gallegos And Smith",1
"Moore, Jenkins And Bolton",1
"Moore, Johnson Robinson And",1
"Moore, Logan And Anderson",1
"Moore, Mendez Carter And",1
"Moore, Miller And Rodriguez",1
"Moore, Munoz And Dunlap",1
"Moore, Osborne Davis And",1
"Moore, Patrick And Cardenas",1
"Moore, Phillips And Glenn",1
"Moore, Preston Ortiz And",1
"Moore, Rivers And Green",1
"Moore, Smith Duncan And",1
"Moore, Walker Dominguez And",1
"Moore, White And Gomez",1
"Moore, White And West",1
Moore-Acosta,1
Moore-Allen,1
Moore-Anthony,1
Moore-Arias,1
Moore-Bailey,1
Moore-Barnes,1
Moore-Bowen,1
Moore-Brady,1
Moore-Brewer,1
Moore-Brown,1
Moore-Buck,1
Moore-Butler,1
Moore-Calderon,1
Moore-Casey,1
Moore-Castillo,1
Moore-Castro,1
Moore-Choi,1
Moore-Cook,1
"And Butler, Henderson Monroe",1
Moore-Crawford,1
Moore-Davis,1
Moore-Dean,1
Moore-Donaldson,1
Moore-Durham,1
Moore-Edwards,1
Moore-Ellis,1
Moore-Erickson,1
Moore-Esparza,1
Moore-Evans,1
Moore-Farmer,1
Moore-Fields,1
Moore-Fisher,1
Moore-Fleming,1
Moore-Flowers,1
Moore-Foley,1
Moore-Francis,1
Moore-Franco,1
Moore-Freeman,1
Moore-Gamble,1
Moore-Goodwin,1
Moore-Graham,1
Moore-Gray,1
Moore-Hale,1
Moore-Hall,1
Moore-Harrell,1
"And Butler, King Morton",1
"And Byrd Carroll, Washington",1
Moore-Jackson,1
Moore-Jimenez,1
"And Byrd Parsons, Chen",1
Moore-Keller,1
Moore-Kelly,1
Moore-King,1
Moore-Lane,1
Moore-Lee,1
Moore-Lewis,1
Moore-Long,1
Moore-Lopez,1
Moore-Lyons,1
Moore-Maldonado,1
Moore-Martin,1
Moore-Martinez,1
Moore-Mcconnell,1
Moore-Mcdaniel,1
Moore-Mckinney,1
Moore-Mitchell,1
Moore-Montgomery,1
Moore-Moore,1
Moore-Morales,1
Moore-Morris,1
"And Byrd, Henderson Jones",1
Moore-Myers,1
Moore-Orr,1
Moore-Patton,1
Moore-Peters,1
Moore-Pierce,1
Moore-Pineda,1
Moore-Ramos,1
Moore-Reeves,1
Moore-Richards,1
Moore-Robbins,1
Moore-Rocha,1
Moore-Rodriguez,1
Moore-Rose,1
Moore-Sanchez,1
Moore-Sanders,1
Moore-Scott,1
Moore-Shepard,1
"And Cabrera Day, Stephens",1
Moore-Stevenson,1
Moore-Sullivan,1
Moore-Taylor,1
Moore-Thompson,1
Moore-Torres,1
Moore-Vasquez,1
Moore-Velazquez,1
"And Cabrera Kim Mills,",1
Moore-Wang,1
Moore-Waters,1
Moore-Weiss,1
Moore-Wilkinson,1
Moore-Williams,1
Moore-Willis,1
Moore-Wood,1
Moore-Woods,1
"Mora Duke, And Rivera",1
"Mora Harding And Austin,",1
Mora Inc,1
"Mora Lawson And Haynes,",1
Mora Plc,1
"Mora Thomas, Santos And",1
"Mora, And Hatfield Koch",1
"Mora, Cox Hall And",1
Mora-Harris,1
Mora-Hurley,1
Mora-Merritt,1
Mora-Rose,1
Mora-Shaw,1
"Morales And Kirby, Hill",1
"Morales And Mathis Davis,",1
"Morales And Perez Wilson,",1
"Morales And Reid, Mcmillan",1
"Morales And Shannon Ball,",1
"Morales And Simpson Oconnell,",1
"Morales And Singleton Crane,",1
Morales And Sons,1
"Morales Castro And Rodriguez,",1
"And Cabrera Williams, Delacruz",1
"Morales Hill, Collins And",1
"Morales Johnson And Mcdonald,",1
"Morales Lewis, Robinson And",1
"And Cain Wilcox Smith,",1
"And Cain, Mendoza Gibson",1
"Morales Martin And Petty,",1
"And Cain, Phillips Kane",1
"Morales Sanders Burke, And",1
Morales Sons And,1
"Morales, And Gray Winters",1
"Morales, And Jensen Kim",1
"Morales, And Mckenzie Griffith",1
"Morales, And Sheppard Gregory",1
"Morales, And Thompson Edwards",1
"Morales, Austin Edwards And",1
"Morales, Bullock And Soto",1
"Morales, Howard Perkins And",1
"Morales, Johnson And Carlson",1
"Morales, Johnson Gillespie And",1
"Morales, Newman And Contreras",1
"Morales, Sawyer And Levy",1
Morales-Adams,1
Morales-Anderson,1
Morales-Ballard,1
Morales-Barrett,1
Morales-Bradley,1
Morales-Briggs,1
"And Calderon Cooke Bullock,",1
Morales-Chambers,1
Morales-Chandler,1
Morales-Collier,1
Morales-Daugherty,1
Morales-Erickson,1
Morales-Fitzgerald,1
Morales-Flynn,1
"And Calderon Swanson, Simon",1
Morales-Harrell,1
Morales-Hendricks,1
Morales-Hernandez,1
Morales-Ho,1
Morales-Lee,1
Morales-Martin,1
Morales-Martinez,1
Morales-Mendez,1
Morales-Meyers,1
Morales-Morrow,1
Morales-Pacheco,1
Morales-Patel,1
"And Calderon, Chavez Rodriguez",1
Morales-Reynolds,1
Morales-Roach,1
Morales-Roberts,1
Morales-Rodriguez,1
Morales-Smith,1
Morales-Strickland,1
Morales-Taylor,1
Morales-Todd,1
Morales-Weeks,1
"And Caldwell Baker Johnson,",1
Morales-Wright,1
"Moran And King, Smith",1
"Moran Copeland Brown, And",1
"And Caldwell, Thompson Saunders",1
"Moran Hale, Ford And",1
"And Calhoun Allen Roberts,",1
"And Callahan Matthews, Mercado",1
"Moran Martinez, Ramirez And",1
Moran Plc,1
"Moran Smith And Galloway,",1
"Moran Stewart Lopez, And",1
"Moran, Henderson And Dalton",1
Moran-Chan,1
Moran-Daniels,1
Moran-Gonzalez,1
Moran-Hudson,1
Moran-Marks,1
Moran-Miller,1
Moran-Murray,1
Moran-Patton,1
Moran-Reed,1
Moran-Snow,1
"Moreno And Guzman, Lane",1
"Moreno And Holmes, Kirby",1
"Moreno And Hunt, Gutierrez",1
"Moreno And Lloyd, Francis",1
"Moreno And Wade Fry,",1
"Moreno Barrera, Hicks And",1
"Moreno Clark And Torres,",1
"Moreno Dudley, And Johnson",1
Moreno Group,1
"Moreno Horton And Vasquez,",1
Moreno Inc,1
"Moreno Jones Little, And",1
"And Camacho Moran, Pace",1
"Moreno Lopez And Chapman,",1
"And Camacho Thomas Malone,",1
"Moreno Murphy, Griffith And",1
Moreno Plc,1
"Moreno Rice And Hernandez,",1
"Moreno Rivas And Oliver,",1
"Moreno Rodriguez, And Duran",1
"Moreno Wilkerson And Hicks,",1
"Moreno Zavala, James And",1
"Moreno, And Adams Perry",1
"Moreno, Bentley And Terrell",1
"Moreno, Harrison And Saunders",1
"Moreno, Turner Owens And",1
Moreno-Carson,1
Moreno-Glenn,1
Moreno-Ingram,1
Moreno-Jackson,1
Moreno-Lam,1
Moreno-Mccormick,1
Moreno-Mcguire,1
Moreno-Miller,1
Moreno-Miranda,1
Moreno-Monroe,1
Moreno-Morgan,1
Moreno-Nelson,1
Moreno-Phillips,1
Moreno-Salazar,1
Moreno-Suarez,1
Moreno-Walsh,1
Moreno-Williams,1
"Morgan And Anderson Page,",1
"Morgan And Flynn Weiss,",1
"Morgan And Huff Kelly,",1
"Morgan And Peters Harper,",1
"Morgan And Wheeler Roy,",1
"Morgan And Wilcox Barnett,",1
"Morgan And Willis, Goodwin",1
"Morgan And Wilson Stewart,",1
"Morgan Bonilla Russell, And",1
"Morgan Fitzgerald, And Olsen",1
"And Cameron Gross Rush,",1
"Morgan Hendricks, Greene And",1
"Morgan Hernandez, And Beck",1
"And Cameron Martinez Moran,",1
"Morgan Lee, And Young",1
"And Cameron Salazar Poole,",1
"Morgan Lowe Carter, And",1
"And Campbell Barnes Burke,",1
"Morgan Marquez And Johnson,",1
"Morgan Mcintosh, Payne And",1
"Morgan Nguyen, And Bean",1
"And Campbell Brown, Jones",1
"Morgan Rios And Keller,",1
"Morgan Roberts Roberts, And",1
"Morgan Sanders And Moore,",1
"Morgan Sandoval Fleming, And",1
"Morgan Saunders, Benjamin And",1
"Morgan Small, Chaney And",1
"Morgan Stanley, Richard And",1
"Morgan Thomas, Baker And",1
"Morgan Walker And Mcneil,",1
"Morgan Zimmerman, Matthews And",1
"Morgan, And Mosley Dodson",1
"Morgan, Garcia And Davis",1
"Morgan, Holmes And Wiley",1
"Morgan, Kramer Munoz And",1
"Morgan, Levy And Mitchell",1
"Morgan, Lewis Collins And",1
"Morgan, Martinez And Ho",1
"Morgan, Miller Mccullough And",1
"Morgan, Reyes And Anderson",1
"Morgan, Scott Hart And",1
"Morgan, Stephenson And Frazier",1
"Morgan, Thompson Paul And",1
Morgan-Allen,1
Morgan-Bell,1
Morgan-Brady,1
Morgan-Burch,1
Morgan-Cook,1
Morgan-Diaz,1
Morgan-Dickson,1
Morgan-Elliott,1
Morgan-Erickson,1
Morgan-Garrett,1
Morgan-George,1
Morgan-Gillespie,1
Morgan-Green,1
Morgan-Greene,1
"And Campbell Cook Wiggins,",1
Morgan-Hancock,1
Morgan-Hayes,1
"And Campbell Foster, Wells",1
Morgan-Hurley,1
Morgan-King,1
Morgan-Lee,1
Morgan-Mills,1
Morgan-Moreno,1
Morgan-Norris,1
Morgan-Obrien,1
Morgan-Olson,1
Morgan-Patterson,1
Morgan-Perez,1
Morgan-Randall,1
Morgan-Ryan,1
Morgan-Simmons,1
Morgan-Simpson,1
Morgan-Taylor,1
Morgan-Todd,1
Morgan-Velez,1
Morgan-Walker,1
Morgan-Wells,1
"And Campbell Kelly, Cooley",1
Morgan-Wilson,1
Morgan-Young,1
"Morris And Drake Wilson,",1
"Morris And Kirk Williams,",1
"Morris And Patrick, Johnson",1
"And Campbell Peters, Ewing",1
"Morris And Spencer, Gray",1
"Morris And Turner Wilson,",1
"Morris Barnes, And Rowe",1
"Morris Burch And Garcia,",1
"Morris Collins, And Roman",1
"Morris Cook Evans, And",1
"Morris Davis, And Smith",1
"Morris Fernandez, Kennedy And",1
"Morris Garza And Cole,",1
"And Campbell Scott, Hutchinson",1
"Morris Howard, And David",1
"Morris Hunt Esparza, And",1
"And Campbell Sherman, Torres",1
"Morris Johnson Taylor, And",1
"Morris Kerr Stanley, And",1
"Morris Lewis, And Fletcher",1
"And Campbell, Beard Andrews",1
"Morris Morris And Reynolds,",1
"Morris Parks, Marshall And",1
Morris Plc,1
"Morris Preston, And Cohen",1
"Morris Ray Aguirre, And",1
"Morris Robinson And Manning,",1
"Morris Robles And Weber,",1
"Morris Santana, Zimmerman And",1
"Morris Wheeler, Burns And",1
"Morris Williams And Ruiz,",1
"Morris, And Harrison Solomon",1
"Morris, And Jones Lopez",1
"Morris, And Kelly Hayes",1
"Morris, And Perez Robinson",1
"Morris, Anderson And Johnson",1
"Morris, Charles And Huffman",1
"Morris, Gallegos And Harrison",1
"Morris, Hughes Hicks And",1
"Morris, Johnson And Reyes",1
"Morris, Johnson And Soto",1
"Morris, Moore And Richardson",1
"Morris, Norris Rodriguez And",1
"Morris, Reeves And Chavez",1
"Morris, Rivera And Moore",1
"Morris, Roberts And Castillo",1
"Morris, Romero And White",1
"Morris, Smith And Duncan",1
"Morris, Smith Carter And",1
"Morris, White And Davis",1
Morris-Arellano,1
Morris-Brady,1
Morris-Bush,1
Morris-Calderon,1
Morris-Campbell,1
Morris-Carr,1
Morris-Crawford,1
Morris-Daniels,1
Morris-Dixon,1
Morris-Fisher,1
Morris-Fox,1
Morris-Franklin,1
Morris-Fuller,1
Morris-Gardner,1
Morris-Gonzales,1
Morris-Griffin,1
Morris-James,1
Morris-Johnson,1
Morris-Jones,1
Morris-Jordan,1
Morris-Kirby,1
Morris-Mann,1
Morris-Marquez,1
Morris-Moreno,1
Morris-Morgan,1
Morris-Noble,1
Morris-Oconnell,1
Morris-Parrish,1
Morris-Perez,1
Morris-Reed,1
Morris-Robinson,1
Morris-Rogers,1
Morris-Rowe,1
"And Campbell, Norris Stewart",1
"And Campbell, Randolph Williams",1
Morris-Snyder,1
Morris-Stokes,1
Morris-Taylor,1
Morris-Walker,1
"And Campbell, Sellers Gutierrez",1
Morris-Welch,1
Morris-Williams,1
"Morrison And Robbins Newton,",1
Morrison And Sons,1
"Morrison And Vasquez Thompson,",1
"Morrison Espinoza Roberts, And",1
Morrison Group,1
"And Campbell, Smith Taylor",1
"Morrison Miller And Jones,",1
"Morrison Russell, Lewis And",1
"And Campbell, Wiley Cook",1
"Morrison Waters And Garner,",1
"Morrison Winters Brown, And",1
"Morrison Zimmerman, And Graves",1
"Morrison, And Andrews Foley",1
"Morrison, And Owen Brown",1
"Morrison, And Thompson Henderson",1
Morrison-Arnold,1
Morrison-Barron,1
Morrison-Garcia,1
Morrison-Gray,1
Morrison-Herman,1
Morrison-Hicks,1
Morrison-Jimenez,1
Morrison-Johnson,1
Morrison-Michael,1
Morrison-Ortega,1
Morrison-Schneider,1
Morrison-Smith,1
Morrison-Snyder,1
Morrison-Thomas,1
Morrison-Weber,1
Morrison-Wright,1
"Morrow And Bauer Oconnor,",1
"Morrow Bennett, Higgins And",1
Morrow Group,1
"And Campos Grimes Taylor,",1
"And Campos Peck Bernard,",1
Morrow Ltd,1
"Morrow, And Miller Reid",1
"Morrow, And Swanson Tyler",1
"Morrow, Jackson Poole And",1
"Morrow, Martin Pham And",1
Morrow-Campbell,1
Morrow-Davis,1
Morrow-Ramirez,1
"Morse And Torres, Williams",1
"And Campos, Crosby Zhang",1
"Morse Lane Hughes, And",1
"Morse Lowery, And Salas",1
"Morse Mccarthy Scott, And",1
"Morse Mcdonald Anderson, And",1
"Morse Rivera Hamilton, And",1
"Morse Summers, And Wilson",1
"Morse, And Vega Townsend",1
"Morse, Fuentes And Freeman",1
"Morse, Hudson Williams And",1
Morse-Baker,1
Morse-Johnson,1
"And Campos, White Reed",1
Morse-Melton,1
Morse-Murray,1
Morse-Prince,1
Morse-Smith,1
"Morton Anderson, And Howe",1
"Morton Haas Schwartz, And",1
"Morton Hampton, Lindsey And",1
"And Cannon, Johnson Salazar",1
"Morton Richards And Bryan,",1
"Morton, And Phillips Lynn",1
"Morton, Lee And Hernandez",1
"Morton, Wise Mitchell And",1
Morton-Andrade,1
Morton-Hall,1
Morton-Howard,1
Morton-Johnson,1
Morton-Mccoy,1
Morton-Moon,1
Morton-Morales,1
Morton-Schmitt,1
Morton-Shepherd,1
Moses Llc,1
Moses Ltd,1
"Moses Nunez, Gray And",1
Moses Plc,1
"Moses, And Williams Porter",1
"Moses, Martin And Parker",1
Moses-Ayala,1
Moses-Barajas,1
Moses-Ellis,1
Moses-Randall,1
"Mosley And Davis Mcdonald,",1
"Mosley And Gonzalez, Holden",1
"Mosley And Hobbs Gill,",1
Mosley And Sons,1
"And Cantrell Miller, Taylor",1
"Mosley Levine And Thomas,",1
"And Cantu Jackson, Hunter",1
Mosley Ltd,1
"And Cantu Jones Williams,",1
"Mosley, And Henderson Mcclain",1
"Mosley, Finley And Poole",1
"Mosley, Morrison Jones And",1
Mosley-Martin,1
Mosley-Rodriguez,1
Mosley-Roth,1
Mosley-Sparks,1
Mosley-Vazquez,1
Mosley-Whitehead,1
"Moss And Ferguson, Baker",1
"Moss And Gonzales Martin,",1
"Moss And Lewis Gray,",1
"Moss And Meadows Jones,",1
"Moss And Ray Wilson,",1
"Moss And Williamson, Smith",1
Moss Group,1
Moss Llc,1
Moss Ltd,1
"And Cantu, Hunter Wang",1
"Moss, Williams And Nielsen",1
Moss-Fisher,1
Moss-Jones,1
Moss-Mathews,1
Moss-Myers,1
Moss-Olsen,1
Moss-Rollins,1
Moss-Terry,1
Moss-Ward,1
Moss-Williamson,1
"Moyer And Thompson Gonzales,",1
Moyer Inc,1
"Moyer Mcbride Cole, And",1
"Moyer, And Fields Smith",1
Moyer-Lamb,1
Moyer-Lee,1
Moyer-Oliver,1
"Mueller And Campbell Hull,",1
"Mueller And Harrison, Fischer",1
"Mueller And Henson, Curtis",1
Mueller Llc,1
Mueller Ltd,1
"Mueller Mendoza Wilson, And",1
"Mueller Peterson, Johnson And",1
"Mueller, And Love Simmons",1
"Mueller, Rhodes Kelley And",1
"Mueller, Small Benjamin And",1
"Mueller, Stephens And Williams",1
Mueller-Anderson,1
Mueller-Fisher,1
Mueller-Gentry,1
Mueller-Huerta,1
Mueller-King,1
Mueller-Lamb,1
Mueller-Lopez,1
Mueller-Martin,1
Mueller-Rivera,1
Mueller-Robertson,1
Mullen Inc,1
Mullen Plc,1
"Mullen, Miller Meyers And",1
Mullen-Andersen,1
Mullen-Bailey,1
Mullen-Hernandez,1
Mullen-Jackson,1
Mullen-Neal,1
Mullen-Obrien,1
Mullen-Rios,1
Mullen-Williamson,1
"Mullins Adkins Scott, And",1
"Mullins And Garcia, Dixon",1
"Mullins And Greer Williams,",1
"Mullins And Martin Francis,",1
"Mullins And Murphy, Martin",1
"Mullins And Scott Hernandez,",1
"Mullins Cisneros, Shields And",1
Mullins Group,1
"Mullins James And Francis,",1
Mullins Llc,1
"Mullins Lopez And Jones,",1
"And Cardenas George Gonzalez,",1
"Mullins Thomas And Moody,",1
"Mullins Wallace, And Hill",1
"Mullins, And Vega Gibson",1
"Mullins, Gray And Reed",1
Mullins-Gibson,1
Mullins-Harris,1
Mullins-Harrison,1
Mullins-Li,1
Mullins-Mason,1
Mullins-Nichols,1
Mullins-Wilson,1
"Munoz And Clark, Moses",1
"Munoz And Lewis Smith,",1
"Munoz And Swanson, Tran",1
"Munoz Chapman, Adkins And",1
Munoz Inc,1
"Munoz Kirby, Davis And",1
"And Cardenas Miller, Fisher",1
"And Cardenas Perry Browning,",1
"Munoz Nguyen Marshall, And",1
"Munoz Torres, And Ford",1
"Munoz Ward Benson, And",1
"Munoz Wilson And Little,",1
"Munoz, Lambert Lowe And",1
"Munoz, Ramirez And Morrow",1
"Munoz, Taylor Turner And",1
Munoz-Anderson,1
Munoz-Best,1
Munoz-Cooper,1
Munoz-Cunningham,1
Munoz-Hernandez,1
Munoz-Malone,1
Munoz-Meadows,1
Munoz-Melton,1
Munoz-Silva,1
Munoz-Swanson,1
Munoz-Waters,1
"Murillo And Coleman, Barrett",1
"Murillo And Sanders, Morris",1
Murillo Group,1
"Murillo Horne, Arnold And",1
Murillo Ltd,1
"Murillo Shelton And Smith,",1
"Murillo Thomas And Jones,",1
Murillo-Mcgee,1
Murillo-Smith,1
Murillo-Warner,1
"Murphy And Hall Flores,",1
"Murphy And Johnson Montoya,",1
"Murphy And Rodriguez, Brown",1
Murphy And Sons,1
"Murphy And Torres Gilbert,",1
"Murphy Brown, And Hall",1
"Murphy Everett And Shea,",1
"And Carey Cox Oliver,",1
"Murphy Hess Johnson, And",1
"And Carey, Griffin Khan",1
"Murphy Jefferson Norris, And",1
"Murphy Jimenez, Gonzalez And",1
"Murphy Kim, Glover And",1
"And Carlson Miller, Johnson",1
"Murphy Lowery And Baker,",1
Murphy Ltd,1
"Murphy Nguyen And Thompson,",1
Murphy Plc,1
"Murphy Richards, Larson And",1
"Murphy Smith, And Thomas",1
"And Carlson Rodriguez, Kennedy",1
"Murphy Wall And Long,",1
"Murphy Williams, And Lee",1
"Murphy York, Collier And",1
"Murphy, And Brown Diaz",1
"Murphy, And Campbell Simpson",1
"Murphy, And Garcia Jones",1
"Murphy, And Lewis Garcia",1
"Murphy, And Mills Callahan",1
"Murphy, And Mitchell Harris",1
"Murphy, And Rangel Thompson",1
"Murphy, Anderson And Thompson",1
"Murphy, Johnson And Dillon",1
"Murphy, Lozano Morrison And",1
"Murphy, Mccoy And Coleman",1
"Murphy, Mills Jackson And",1
"Murphy, Reid Knox And",1
"Murphy, Walters And White",1
"Murphy, Warren And Ramsey",1
"Murphy, West And Dillon",1
Murphy-Acevedo,1
"And Carlson, Chaney Foster",1
Murphy-Blackburn,1
Murphy-Bowman,1
Murphy-Bray,1
Murphy-Brewer,1
"And Carney Martinez, Johnson",1
Murphy-Coleman,1
Murphy-Dunlap,1
Murphy-French,1
Murphy-Gaines,1
"And Carney, Sanchez Morrow",1
Murphy-Gomez,1
Murphy-Gonzales,1
Murphy-Gould,1
Murphy-Gray,1
Murphy-Guerrero,1
Murphy-Haley,1
Murphy-Hays,1
Murphy-Hill,1
Murphy-Jones,1
Murphy-Lee,1
"And Carpenter Campbell, Smith",1
Murphy-Lynch,1
Murphy-Mack,1
Murphy-Martin,1
Murphy-Mason,1
Murphy-Mcintyre,1
Murphy-Miller,1
Murphy-Mills,1
Murphy-Moore,1
Murphy-Nelson,1
Murphy-Orozco,1
Murphy-Parsons,1
Murphy-Reeves,1
Murphy-Reyes,1
Murphy-Rodriguez,1
Murphy-Rojas,1
Murphy-Schultz,1
Murphy-Short,1
Murphy-Taylor,1
Murphy-Thomas,1
"And Carpenter Daniels Brown,",1
Murphy-Torres,1
Murphy-Vance,1
Murphy-Walsh,1
Murphy-Watson,1
Murphy-West,1
Murphy-Williamson,1
Murphy-Wilson,1
"Murray And Campbell Yates,",1
"Murray And Horton Sutton,",1
"Murray And Phillips, Kramer",1
"Murray Andrews, Davidson And",1
"Murray Ferguson Long, And",1
Murray Group,1
"Murray James Maldonado, And",1
"And Carpenter Jones Fisher,",1
"And Carpenter Thomas Leblanc,",1
"And Carpenter Vasquez Leach,",1
"Murray Richardson, And Weber",1
"Murray Thomas, Proctor And",1
"Murray, And Eaton Martin",1
"Murray, And Moore Gonzales",1
"Murray, And Peck Ray",1
"Murray, And Robinson Torres",1
"Murray, And Sanders Bender",1
"Murray, Blair Rojas And",1
"Murray, Diaz Jenkins And",1
"Murray, Gilbert And Crawford",1
"Murray, Guzman And James",1
"Murray, Schmidt Anderson And",1
"Murray, Tapia West And",1
Murray-Alexander,1
Murray-Browning,1
Murray-Buckley,1
"And Carpenter, Hernandez Chang",1
Murray-Coleman,1
Murray-Contreras,1
Murray-Crawford,1
Murray-Deleon,1
Murray-Edwards,1
Murray-Ferguson,1
Murray-Irwin,1
Murray-King,1
Murray-Martinez,1
Murray-Miller,1
Murray-Mills,1
Murray-Powell,1
"And Carr Fleming Edwards,",1
Murray-Shelton,1
Murray-Shepard,1
Murray-Snyder,1
Murray-Stewart,1
Murray-Thomas,1
Murray-Wade,1
Murray-Walsh,1
Murray-Walton,1
Murray-Wood,1
Murray-Young,1
"Myers Alvarez And Marshall,",1
"Myers And Brooks, Flores",1
"Myers And Davis Daniel,",1
"Myers And Edwards Oconnor,",1
"Myers And Jensen Gonzalez,",1
"Myers And Norris Reed,",1
"Myers And Wood Davis,",1
"Myers Bishop Christensen, And",1
"Myers Casey, And Olson",1
"Myers Edwards, And Chandler",1
"Myers Estrada, Perez And",1
Myers Group,1
"And Carr Mccarthy, Williams",1
"Myers James, Nguyen And",1
"Myers Jefferson, And Gomez",1
"Myers Jones, Williams And",1
"Myers Kline, And Mcdonald",1
"And Carr Walker Stout,",1
"Myers Miller, And Thomas",1
"Myers Montgomery And Perry,",1
"Myers Perez, And Schroeder",1
"And Carr, Mendoza Bradley",1
"Myers Smith, And Morris",1
"Myers Smith, Moore And",1
Myers Sons And,1
"Myers Walsh, Schultz And",1
"Myers Williams And Mcdaniel,",1
"Myers, And Chan Taylor",1
"Myers, And Chavez Harrington",1
"Myers, Gibbs Johnson And",1
"Myers, Gilbert And Scott",1
"Myers, Morton Wheeler And",1
"Myers, Sanchez Wilson And",1
Myers-Adams,1
Myers-Cameron,1
Myers-Clark,1
Myers-Crawford,1
Myers-Garcia,1
Myers-Glover,1
Myers-Green,1
Myers-Gutierrez,1
Myers-Hawkins,1
Myers-Hernandez,1
Myers-Jackson,1
"And Carrillo Carroll, Watson",1
Myers-Lloyd,1
Myers-Mathews,1
Myers-Medina,1
Myers-Monroe,1
Myers-Moore,1
Myers-Norton,1
Myers-Potts,1
Myers-Ramirez,1
Myers-Ramos,1
Myers-Reed,1
Myers-Roberts,1
Myers-Robertson,1
Myers-Ross,1
Myers-Ryan,1
Myers-Singleton,1
Myers-Stone,1
Myers-Taylor,1
Myers-Thomas,1
Myers-Vaughn,1
Myers-Washington,1
Myers-Wells,1
Myers-West,1
Myers-Whitney,1
Myers-Williams,1
Nash Llc,1
Nash Plc,1
"Nash Stevenson And Martinez,",1
"Nash Watkins Hoover, And",1
"Nash, And Macias Levine",1
Nash-Ferguson,1
Nash-Ford,1
Nash-Perez,1
Nash-Roach,1
Nash-Rodriguez,1
Nash-Smith,1
Nash-Webb,1
Nash-Woods,1
"Navarro And Crawford Flores,",1
"Navarro And Morales, Fowler",1
"Navarro Conley, Doyle And",1
"And Carrillo Matthews, Rodriguez",1
"And Carroll Campos, Johnson",1
"And Carroll Hartman, Huang",1
"Navarro Morales, And Tate",1
"Navarro Nguyen, Lopez And",1
Navarro Plc,1
"Navarro Sheppard Armstrong, And",1
"Navarro Waters, And Humphrey",1
"Navarro Williams Christensen, And",1
"Navarro, And Forbes Long",1
"Navarro, And Rice Mason",1
Navarro-Carroll,1
Navarro-Casey,1
Navarro-Deleon,1
Navarro-Hayes,1
Navarro-Johnson,1
Navarro-Lewis,1
Navarro-Munoz,1
Navarro-Russell,1
Navarro-Strickland,1
Navarro-Vance,1
Navarro-Warren,1
"Neal And Roberson Hicks,",1
Neal Group,1
"Neal Lopez And Parker,",1
"Neal Meyer And Gonzales,",1
"Neal Pennington Ellison, And",1
Neal Plc,1
"Neal Price And Smith,",1
"Neal, And Hernandez Casey",1
"Neal, Riggs And Oneill",1
"Neal, Sanders And Sherman",1
Neal-Brown,1
Neal-Cruz,1
Neal-Li,1
Neal-Lutz,1
Neal-Miller,1
Neal-Mitchell,1
Neal-Palmer,1
Neal-Torres,1
Neal-Tran,1
"Nelson And Black, Dixon",1
"Nelson And Coleman Adams,",1
"Nelson And Davis, Sutton",1
"Nelson And Diaz, Moore",1
"Nelson And Herring, Moore",1
"Nelson And Hooper Michael,",1
"Nelson And Marshall Mercado,",1
"Nelson And Moore Stone,",1
"Nelson And Patel, Ruiz",1
"Nelson And Pittman Smith,",1
"Nelson And Richardson Taylor,",1
"Nelson And Rivera Hall,",1
"Nelson And Smith, Foley",1
"Nelson And Smith, Ortiz",1
"Nelson And Snyder Mcmahon,",1
"And Carroll Mckinney Griffin,",1
"Nelson And Young, Robles",1
"Nelson Baldwin, Boyd And",1
"Nelson Ballard, Barber And",1
"Nelson Blackwell, Durham And",1
"Nelson Cisneros Stark, And",1
"Nelson Cline, And Harrison",1
"Nelson Collins, Mack And",1
"Nelson Davis, Austin And",1
"Nelson Ferrell And Esparza,",1
"Nelson Foley, Smith And",1
"And Carroll Miller, White",1
"Nelson Hall And Williams,",1
"Nelson Hill And Ellison,",1
"And Carroll Orr Kelly,",1
"Nelson Johnson, Ruiz And",1
"Nelson Lewis Salinas, And",1
"And Carroll, Cox Morales",1
"Nelson Lopez Peters, And",1
"And Carroll, Sullivan Evans",1
"Nelson Lynch Johns, And",1
"Nelson Mcbride, And Cooper",1
"Nelson Miller And Hayes,",1
"And Carter Alvarado Cordova,",1
"Nelson Simmons, And Alvarez",1
"Nelson Thomas Wright, And",1
"Nelson Thompson And Hernandez,",1
"Nelson Thompson, Green And",1
"Nelson Underwood Douglas, And",1
"Nelson Walker Myers, And",1
"Nelson Williams, Harris And",1
"Nelson Wilson, And Martin",1
"Nelson Yates, And Andrews",1
"Nelson, And Murphy Carr",1
"Nelson, And Perkins Hill",1
"Nelson, And Webb Anderson",1
"Nelson, And Wilson Ashley",1
"Nelson, Cordova Bowers And",1
"Nelson, Fernandez And Stewart",1
"Nelson, Horton Burgess And",1
"Nelson, Norris And Cabrera",1
"Nelson, Rush And Moore",1
"Nelson, Thomas Perez And",1
"Nelson, Wall And Coffey",1
"Nelson, White And Wright",1
Nelson-Adams,1
Nelson-Ayers,1
Nelson-Boone,1
Nelson-Bowman,1
Nelson-Chapman,1
Nelson-Chavez,1
Nelson-Chen,1
Nelson-Clark,1
"And Carter Campos, Dixon",1
Nelson-Contreras,1
Nelson-Cooke,1
Nelson-Davis,1
Nelson-Drake,1
Nelson-Edwards,1
Nelson-Fisher,1
Nelson-Galvan,1
Nelson-Garcia,1
Nelson-Gomez,1
"And Carter Collier, Martinez",1
Nelson-Hall,1
Nelson-Hawkins,1
Nelson-Hinton,1
Nelson-Hughes,1
Nelson-Jones,1
Nelson-Keller,1
Nelson-Lane,1
Nelson-Miller,1
Nelson-Owens,1
Nelson-Pacheco,1
Nelson-Patel,1
Nelson-Payne,1
Nelson-Pearson,1
Nelson-Phillips,1
Nelson-Randolph,1
Nelson-Ray,1
Nelson-Reid,1
Nelson-Robinson,1
Nelson-Schmidt,1
Nelson-Scott,1
Nelson-Simmons,1
Nelson-Stone,1
Nelson-Taylor,1
Nelson-Thomas,1
Nelson-Wallace,1
Nelson-Wilkinson,1
Nelson-Williams,1
Nelson-Wilson,1
Nelson-Wong,1
Nelson-Wright,1
"Newman And Carroll Morrison,",1
"Newman And Colon, Knight",1
"Newman And Maddox, Jones",1
Newman And Sons,1
"Newman And Tucker, Whitney",1
"Newman Blair And Harvey,",1
"Newman Bowers And Winters,",1
"Newman Diaz, Garrett And",1
"Newman Evans And Lambert,",1
"And Carter Davenport Payne,",1
"Newman Hansen And Christian,",1
"And Carter Gregory, Porter",1
"And Carter Hughes, Hooper",1
"And Carter Hunter, Thomas",1
"Newman Lynn, Williamson And",1
"Newman, Cruz And Mcknight",1
"Newman, Garza Smith And",1
Newman-Anderson,1
Newman-Barrera,1
Newman-Bishop,1
Newman-Donovan,1
Newman-Dudley,1
Newman-Jackson,1
Newman-Johnson,1
"And Carter Little Smith,",1
Newman-Matthews,1
Newman-Murray,1
Newman-Peterson,1
Newman-Randall,1
Newman-Ray,1
Newman-Schmidt,1
Newman-Scott,1
Newman-Smith,1
Newman-Wiggins,1
"Newton Burch And Lopez,",1
"Newton Hernandez Robles, And",1
"And Carter Nolan Bates,",1
"Newton Mccarty, And Hill",1
"And Carter Werner, Mcknight",1
"Newton Reyes And Austin,",1
"Newton Smith, And Nelson",1
"Newton, And Patel Atkinson",1
"Newton, Bishop Burns And",1
"Newton, Le And Hill",1
"Newton, Smith Ruiz And",1
Newton-Ballard,1
Newton-Davis,1
Newton-Hall,1
Newton-Jones,1
Newton-Kline,1
Newton-Lawrence,1
Newton-Moore,1
Newton-Navarro,1
Newton-Santiago,1
Newton-White,1
"Nguyen And Anderson Diaz,",1
"Nguyen And Cruz Jackson,",1
"Nguyen And Dodson Skinner,",1
"Nguyen And Melton Mathis,",1
"Nguyen And Moreno, Arnold",1
"Nguyen And Padilla, Keller",1
"Nguyen And Ramsey Fisher,",1
"Nguyen And Rivera Johnson,",1
"Nguyen And Sanders, Griffin",1
"Nguyen And Thomas Andrade,",1
"Nguyen And Woods Huerta,",1
"Nguyen Baker Walker, And",1
"Nguyen Bradshaw, And Stevens",1
"Nguyen Davidson Brown, And",1
"And Carter, Copeland Santos",1
"Nguyen Henry And Hernandez,",1
"Nguyen Houston, Carson And",1
Nguyen Inc,1
"Nguyen Jennings And Goodwin,",1
"Nguyen Johnson, And Watson",1
"And Carter, Mitchell Mendoza",1
"And Case Mccann Davis,",1
"Nguyen Mason Gomez, And",1
"Nguyen Obrien, Morales And",1
"And Case Osborn, Cook",1
"Nguyen Riley, Lopez And",1
"Nguyen Sanders, And Anderson",1
"Nguyen Smith, Anderson And",1
"Nguyen Smith, Flores And",1
Nguyen Sons And,1
"Nguyen Torres, And Gordon",1
"Nguyen Vasquez Perkins, And",1
"Nguyen Vaughan Valencia, And",1
"Nguyen Wallace Lawson, And",1
"Nguyen, And Bradley Dixon",1
"Nguyen, And Harris James",1
"Nguyen, And Hart Petersen",1
"Nguyen, And Kline Ramirez",1
"Nguyen, And Monroe Gomez",1
"Nguyen, Cooper And Valentine",1
"Nguyen, Davis Odonnell And",1
"Nguyen, Golden Andrews And",1
"Nguyen, Ortiz And Ward",1
"Nguyen, Padilla And Phillips",1
"Nguyen, Perez Davis And",1
"Nguyen, Simmons And Johnson",1
Nguyen-Adams,1
Nguyen-Alvarez,1
Nguyen-Bennett,1
Nguyen-Bowman,1
Nguyen-Carney,1
Nguyen-Carter,1
Nguyen-Casey,1
Nguyen-Choi,1
Nguyen-Christensen,1
Nguyen-Davenport,1
Nguyen-Davis,1
Nguyen-Doyle,1
Nguyen-Forbes,1
Nguyen-Gillespie,1
Nguyen-Hansen,1
Nguyen-Harding,1
Nguyen-Harrington,1
Nguyen-Hart,1
Nguyen-Hernandez,1
Nguyen-Hunt,1
Nguyen-Johnson,1
Nguyen-Kennedy,1
Nguyen-King,1
Nguyen-Lee,1
"And Case, Macdonald Houston",1
Nguyen-Maldonado,1
Nguyen-Manning,1
Nguyen-Mason,1
Nguyen-Miller,1
Nguyen-Mills,1
Nguyen-Mooney,1
Nguyen-Moses,1
Nguyen-Myers,1
Nguyen-Obrien,1
Nguyen-Olsen,1
Nguyen-Park,1
Nguyen-Perry,1
Nguyen-Reese,1
"And Case, West Rodriguez",1
Nguyen-Shaw,1
Nguyen-Sims,1
Nguyen-Smith,1
Nguyen-Sparks,1
Nguyen-Tate,1
And Casey Sons,1
Nguyen-Tran,1
Nguyen-Wagner,1
Nguyen-Walker,1
Nguyen-Walters,1
Nguyen-White,1
Nguyen-Young,1
"Nichols And Calhoun, Reyes",1
"Nichols And White, Thornton",1
"Nichols Brown, And White",1
"Nichols Cole, And Jackson",1
Nichols Group,1
"And Castaneda Benson Knox,",1
"Nichols Jimenez, And Ingram",1
"And Castaneda Miller Mitchell,",1
"And Castaneda Moon Cooper,",1
"Nichols Miller, Garcia And",1
"Nichols Murphy And Nelson,",1
"Nichols Nolan, Jenkins And",1
"Nichols Ortega, And Alvarado",1
"And Castaneda Romero Powell,",1
Nichols Sons And,1
"Nichols Whitehead, And Lewis",1
"Nichols, And Green Ray",1
"Nichols, And Miranda Howard",1
"Nichols, King And Yang",1
Nichols-Andrews,1
Nichols-Collins,1
Nichols-Daniel,1
Nichols-Edwards,1
Nichols-Fernandez,1
Nichols-Fitzgerald,1
"And Castaneda, Mccarty Patterson",1
Nichols-Garrison,1
Nichols-Hall,1
Nichols-Harper,1
Nichols-Hart,1
Nichols-Johnston,1
Nichols-Mann,1
Nichols-Martin,1
Nichols-Martinez,1
Nichols-Paul,1
Nichols-Reyes,1
Nichols-Robertson,1
Nichols-Ross,1
Nichols-Smith,1
Nichols-Swanson,1
Nichols-Tran,1
Nichols-Vazquez,1
Nichols-Williams,1
Nichols-Winters,1
"Nicholson And Hall Richardson,",1
"Nicholson And Hendricks, Miles",1
Nicholson Inc,1
"Nicholson, And Nguyen Smith",1
"Nicholson, Mendoza And Little",1
Nicholson-Johnson,1
Nicholson-Jones,1
Nicholson-Martinez,1
Nicholson-Perez,1
Nicholson-Wright,1
"Nielsen And Cannon, Leonard",1
"Nielsen And Moore Hansen,",1
Nielsen And Sons,1
"Nielsen And Taylor, Price",1
"Nielsen Collins, And Clements",1
Nielsen Group,1
"Nielsen Lowe, And Golden",1
Nielsen Plc,1
"Nielsen, And Anderson Watson",1
"Nielsen, Olson And Flores",1
Nielsen-Black,1
Nielsen-Cohen,1
Nielsen-Conway,1
Nielsen-Franklin,1
Nielsen-Hancock,1
Nielsen-Navarro,1
Nielsen-Reed,1
Nielsen-Romero,1
Nielsen-Russell,1
"Nixon And Martinez, Thomas",1
"Nixon Garcia, And Tucker",1
Nixon Group,1
Nixon Ltd,1
Nixon Sons And,1
"Nixon, And Hansen Johnston",1
"Nixon, And Mitchell Herrera",1
"Nixon, Baldwin Perry And",1
Nixon-Cantu,1
Nixon-Chapman,1
Nixon-Clayton,1
Nixon-Hawkins,1
Nixon-Mayer,1
Nixon-Molina,1
Nixon-Richardson,1
Nixon-Solis,1
Nixon-Taylor,1
Nixon-Thomas,1
"Noble And Kelly, Dominguez",1
"Noble Caldwell, Parks And",1
Noble Inc,1
Noble Plc,1
Noble-Chen,1
Noble-Mullen,1
Noble-Rivera,1
"Nolan And Ellis White,",1
"Nolan And Herrera Leonard,",1
Nolan Group,1
Nolan Inc,1
"Nolan Mcdaniel And Robertson,",1
Nolan Plc,1
"Nolan, Morris And Wright",1
Nolan-Barton,1
Nolan-Beard,1
Nolan-Kelley,1
Nolan-Khan,1
Nolan-Pena,1
Nolan-Sullivan,1
Nolan-Welch,1
"Norman Chapman Mejia, And",1
Norman Group,1
Norman Inc,1
Norman Ltd,1
"And Castillo Bell Chavez,",1
"Norman Riley And Torres,",1
Norman Sons And,1
"Norman Wilcox And Hughes,",1
"Norman, Coleman And Ford",1
"Norman, Garcia And Finley",1
"Norman, Moore Barnes And",1
"Norman, Young And Morrow",1
Norman-Flynn,1
Norman-Garcia,1
Norman-Gibson,1
Norman-Harmon,1
Norman-King,1
Norman-Pittman,1
Norman-Pope,1
Norman-Schmidt,1
Norman-Smith,1
Norman-Sullivan,1
Norman-West,1
Norman-Williams,1
"Norris Alexander And Huang,",1
"Norris And Baker, Robinson",1
"Norris Bell Adams, And",1
Norris Inc,1
"Norris Nielsen, Farley And",1
"Norris, And Diaz Howard",1
"Norris, And Jackson Shepherd",1
"Norris, Baker And Santos",1
"Norris, Brown Rich And",1
"Norris, Matthews And Khan",1
"Norris, Roman And Frazier",1
Norris-Alexander,1
Norris-Boyd,1
Norris-Chavez,1
Norris-Davies,1
Norris-Garcia,1
Norris-Grant,1
Norris-Graves,1
Norris-Hall,1
"And Castillo Chavez, Hayden",1
Norris-Hill,1
Norris-Jackson,1
Norris-Lewis,1
Norris-Matthews,1
Norris-Parker,1
Norris-Roman,1
Norris-Scott,1
Norris-Smith,1
Norris-Walker,1
Norris-Wilson,1
"Norton And Cantu Summers,",1
"Norton And Kennedy, Ruiz",1
"Norton And Miranda Simmons,",1
"Norton Frazier Brown, And",1
"Norton Hill And Craig,",1
"Norton Keller, Cook And",1
Norton Ltd,1
"Norton Perez And Smith,",1
"Norton Ray Caldwell, And",1
"Norton Rice, Lester And",1
"Norton Wiley Clayton, And",1
"Norton, Davis And Padilla",1
"Norton, Hobbs And Fisher",1
"Norton, Poole And Sanchez",1
"Norton, Reese And Luna",1
Norton-Brown,1
Norton-Copeland,1
Norton-Estes,1
Norton-Harper,1
Norton-Harris,1
Norton-Higgins,1
Norton-Johnson,1
Norton-Nelson,1
Norton-Phillips,1
Norton-White,1
"Novak And Kirby Thompson,",1
"Novak And Lucas Pollard,",1
Novak Group,1
Novak Inc,1
"And Castillo Golden Hall,",1
Novak Plc,1
"Novak, Green And Weaver",1
"Novak, Smith And Graves",1
Novak-Bates,1
Novak-Bradley,1
Novak-Garza,1
Novak-Gutierrez,1
Novak-Hodge,1
Novak-Richardson,1
Novak-Russell,1
"Nunez Carter Jefferson, And",1
"Nunez Cisneros And Cook,",1
"Nunez Dennis, Kim And",1
"Nunez Greene Kemp, And",1
Nunez Group,1
Nunez Plc,1
"Nunez Stanley, And Peterson",1
"Nunez Tanner And Murray,",1
"Nunez Taylor Nguyen, And",1
"Nunez, And Brown Mcdaniel",1
"Nunez, And Garza Sellers",1
"Nunez, Hicks And Gibbs",1
"Nunez, Johnson And Smith",1
"Nunez, Potts And Green",1
"Nunez, Sanchez And French",1
Nunez-Anderson,1
Nunez-Barrera,1
Nunez-Bush,1
Nunez-Dunn,1
Nunez-Gibbs,1
Nunez-Hamilton,1
Nunez-Humphrey,1
Nunez-King,1
Nunez-Leon,1
Nunez-Lyons,1
Nunez-Medina,1
Nunez-Reed,1
"Obrien And Adams Wagner,",1
"Obrien And George, Miller",1
"Obrien And Snyder, Rodriguez",1
Obrien And Sons,1
"Obrien Elliott Butler, And",1
And Castillo Sons,1
"Obrien Hammond, Martin And",1
Obrien Inc,1
"Obrien Lambert And Frazier,",1
"Obrien Lewis Anderson, And",1
"And Castillo, Gibson Smith",1
Obrien Ltd,1
"Obrien Mckenzie, Carey And",1
"Obrien Morales Oneill, And",1
"And Castillo, Hale Hart",1
"Obrien Robertson, And Mcguire",1
"Obrien Smith, Rogers And",1
"And Castillo, Mayer Reyes",1
"Obrien White, And Stout",1
"Obrien, And Chapman Baker",1
"Obrien, Chase Collins And",1
"Obrien, Ross And Curtis",1
Obrien-Bowman,1
Obrien-Colon,1
Obrien-Dalton,1
Obrien-Fields,1
Obrien-Gallagher,1
Obrien-Galloway,1
Obrien-Gilbert,1
Obrien-Harvey,1
Obrien-Huffman,1
Obrien-Knight,1
Obrien-Lambert,1
Obrien-Munoz,1
Obrien-Nguyen,1
Obrien-Noble,1
Obrien-Peterson,1
Obrien-Prince,1
Obrien-Richards,1
Obrien-Ruiz,1
Obrien-Smith,1
Obrien-Sutton,1
Obrien-Thomas,1
Obrien-Weeks,1
Obrien-Wood,1
"Ochoa And Anderson Mendez,",1
"Ochoa And Fisher White,",1
"Ochoa And Hall, Ramos",1
"Ochoa And Lopez Chandler,",1
Ochoa And Sons,1
"Ochoa Beck And Parker,",1
"Ochoa Cross, Elliott And",1
"Ochoa Garner, And Byrd",1
Ochoa Group,1
"Ochoa Levy, Page And",1
Ochoa Llc,1
"Ochoa, King And Martinez",1
"Ochoa, Tran Smith And",1
Ochoa-Edwards,1
Ochoa-Elliott,1
Ochoa-Jennings,1
Ochoa-Rhodes,1
Ochoa-Williams,1
Oconnell Group,1
Oconnell Llc,1
Oconnell Ltd,1
"Oconnell Watkins, Stanley And",1
"Oconnell, And King Farmer",1
Oconnell-Curry,1
Oconnell-Lamb,1
Oconnell-Wheeler,1
"Oconnor And Griffith, Patterson",1
"Oconnor And Moore, Snyder",1
"Oconnor And Schmidt, Russell",1
Oconnor And Sons,1
"And Castro Bowman Gonzalez,",1
"Oconnor Lambert And Hobbs,",1
"Oconnor Swanson And Scott,",1
"Oconnor, And Buckley Richards",1
"Oconnor, And Novak James",1
Oconnor-Fuentes,1
Oconnor-Ingram,1
Oconnor-King,1
Oconnor-Lopez,1
Oconnor-Rogers,1
Oconnor-Rose,1
Oconnor-Ross,1
Oconnor-Torres,1
Oconnor-Ware,1
"Odom Adams Chandler, And",1
"Odom Bender Cole, And",1
Odom Group,1
Odom Plc,1
"Odom Smith, And Carson",1
"Odom, Griffith And Scott",1
Odom-Edwards,1
Odom-Garcia,1
Odom-Howard,1
Odom-Keller,1
Odom-Oneal,1
Odom-Porter,1
Odom-Smith,1
Odom-Torres,1
Odom-Vance,1
"Odonnell Dominguez Weiss, And",1
Odonnell Group,1
Odonnell Ltd,1
"Odonnell Smith Moreno, And",1
"Odonnell, Kelly Mejia And",1
Odonnell-Buck,1
Odonnell-Dickson,1
Odonnell-Frazier,1
Odonnell-George,1
Odonnell-Lambert,1
Odonnell-Martin,1
Odonnell-Meadows,1
Odonnell-Simon,1
Odonnell-Watts,1
"Oliver And Johnson, Osborne",1
"Oliver Bates, Johnson And",1
"Oliver Calhoun, Wood And",1
"Oliver Cook, Clarke And",1
"Oliver Duffy Lee, And",1
"Oliver Griffin Johnson, And",1
Oliver Group,1
"Oliver Lewis, And Walker",1
"And Castro Davis Carter,",1
"And Castro Shannon, Estrada",1
"Oliver Mcdonald, And Johnson",1
"Oliver Richardson And Davis,",1
"Oliver Shaffer, And Galloway",1
"Oliver Singh, And Ortiz",1
"Oliver Singleton Thompson, And",1
"Oliver, And Bradshaw Hall",1
"Oliver, Watson Golden And",1
Oliver-Blanchard,1
Oliver-Camacho,1
Oliver-Cooke,1
Oliver-Cox,1
Oliver-Griffin,1
Oliver-Martinez,1
Oliver-Obrien,1
Oliver-Sloan,1
Oliver-Smith,1
Oliver-Taylor,1
Oliver-Watts,1
Oliver-White,1
Oliver-Wiggins,1
Oliver-Williams,1
"Olsen And Lewis Zavala,",1
"Olsen And Monroe, Lee",1
"Olsen Edwards, And Williams",1
Olsen Group,1
"Olsen Henry And Zamora,",1
"And Castro, Jones Mendoza",1
Olsen Ltd,1
"And Cervantes Harper, Thomas",1
"Olsen Wilson And Adams,",1
"Olsen, Massey And Flores",1
"Olsen, Mclean And Sandoval",1
Olsen-Clay,1
Olsen-Frederick,1
Olsen-Thomas,1
Olsen-Williams,1
"Olson And Allen Nguyen,",1
"Olson And Blake, Martin",1
"Olson And Joseph Gray,",1
"Olson And Lopez Torres,",1
"Olson And Martinez Sandoval,",1
"Olson And Perez Delgado,",1
"Olson And Rivera Arnold,",1
"Olson And Singleton, Lloyd",1
Olson And Sons,1
"Olson And Wang Johnson,",1
"Olson Blair Pierce, And",1
"Olson Collins And Jones,",1
"Olson Frank, And Simon",1
"And Cervantes Woodward, Harris",1
"And Cervantes, Ford Weiss",1
"Olson Knight And Phillips,",1
"And Cervantes, Rodriguez Lynch",1
Olson Ltd,1
"Olson Mendez Brewer, And",1
"And Chambers Ball, Taylor",1
"Olson Quinn And Howard,",1
"Olson Sanchez, Terrell And",1
"Olson Taylor And White,",1
"Olson, And Briggs Figueroa",1
"Olson, And Green Garcia",1
"Olson, And Taylor Miller",1
"Olson, And Walker Gaines",1
"Olson, Andrade And Dixon",1
"Olson, Decker Sims And",1
"Olson, Smith Martin And",1
"Olson, Ward And Villegas",1
Olson-Aguilar,1
Olson-Ballard,1
Olson-Blackwell,1
Olson-Bray,1
Olson-Chen,1
Olson-Cummings,1
Olson-Gray,1
Olson-Hurst,1
Olson-Key,1
Olson-Landry,1
Olson-Martin,1
Olson-Mcclure,1
Olson-Miranda,1
Olson-Mitchell,1
Olson-Montoya,1
Olson-Morales,1
Olson-Salinas,1
Olson-Skinner,1
Olson-Todd,1
Olson-Torres,1
Olson-Wolf,1
"Oneal And Chapman Ferguson,",1
"And Chambers, Lopez Sloan",1
Oneal Inc,1
Oneal Llc,1
"Oneal, Nichols And Bates",1
"Oneal, Sanders And Castro",1
Oneal-Christian,1
Oneal-Hall,1
Oneal-Morris,1
"Oneill Davis And Watkins,",1
"And Chan, Thompson Walls",1
Oneill Inc,1
Oneill Ltd,1
"Oneill Morton, Ross And",1
"And Chandler Ramos Sweeney,",1
Oneill Sons And,1
"Oneill, Monroe And Knight",1
Oneill-Anderson,1
Oneill-Byrd,1
Oneill-Calhoun,1
Oneill-Marshall,1
Oneill-Mayer,1
Oneill-Pace,1
Oneill-Sharp,1
Oneill-Torres,1
Oneill-Wilson,1
Orozco And Sons,1
"Orozco Harvey Cooper, And",1
Orozco Inc,1
Orozco Llc,1
"And Chandler, Conner Miller",1
"Orozco Vazquez White, And",1
"Orozco, Davis And Bryant",1
"Orozco, Hicks Duncan And",1
Orozco-Gutierrez,1
Orozco-Hill,1
Orozco-Joyce,1
Orozco-Murphy,1
Orozco-Tucker,1
"Orr Harvey And Gross,",1
Orr Llc,1
Orr Sons And,1
"Orr Sullivan Lin, And",1
"Orr Turner, And Foley",1
"Orr, Cooley Chaney And",1
"Orr, Wheeler And Carroll",1
Orr-Carr,1
Orr-Ford,1
Orr-Lawrence,1
Orr-Navarro,1
Orr-Oneal,1
Orr-Valdez,1
"Ortega And House Jimenez,",1
"Ortega And Parsons, Curtis",1
"Ortega And Tucker, Howard",1
"Ortega Banks, Parrish And",1
"Ortega Brown Goodman, And",1
"And Chandler, Rice Leach",1
"Ortega Howe, Torres And",1
"And Chandler, Smith Adkins",1
Ortega Ltd,1
"Ortega Richards And Carr,",1
"Ortega Rogers And Garcia,",1
"Ortega Sandoval And Hoover,",1
"Ortega Valdez, Gomez And",1
"Ortega, And Page Evans",1
"Ortega, Taylor Berry And",1
Ortega-Alexander,1
Ortega-Bishop,1
Ortega-Boyd,1
Ortega-Contreras,1
Ortega-Harrington,1
Ortega-Kerr,1
Ortega-Porter,1
Ortega-Rice,1
Ortega-Stevens,1
Ortega-Walsh,1
Ortega-Williamson,1
Ortega-York,1
"And Chaney, Krueger Arellano",1
"Ortiz Hicks And Garcia,",1
"Ortiz Holmes, And Lane",1
"And Chang Rollins Perry,",1
"Ortiz Lam, Vasquez And",1
"Ortiz Lewis, And Berg",1
"And Chang Serrano Quinn,",1
"Ortiz Mullins Ramos, And",1
"And Chang, Franklin Conway",1
"Ortiz Roberts Castro, And",1
Ortiz Sons And,1
"Ortiz Stanley, Brown And",1
"Ortiz, And Lawrence Cunningham",1
"Ortiz, And Massey Norton",1
"Ortiz, And Perez Chapman",1
"Ortiz, And Rios Price",1
"Ortiz, Franklin Freeman And",1
"Ortiz, Parker Smith And",1
"Ortiz, Reynolds Shaw And",1
"Ortiz, Williams Heath And",1
"Ortiz, Zhang Golden And",1
Ortiz-Barnett,1
Ortiz-Bass,1
Ortiz-Bright,1
Ortiz-Brown,1
Ortiz-Castro,1
Ortiz-Cook,1
Ortiz-Edwards,1
Ortiz-Fletcher,1
Ortiz-Franklin,1
Ortiz-Fuentes,1
Ortiz-Gardner,1
Ortiz-Hayes,1
Ortiz-Henderson,1
Ortiz-Hoover,1
"And Chapman Farrell Wallace,",1
Ortiz-Mitchell,1
Ortiz-Olson,1
Ortiz-Ryan,1
Ortiz-Scott,1
Ortiz-Smith,1
Ortiz-Sutton,1
Ortiz-Thompson,1
Ortiz-Watts,1
Ortiz-Wilkins,1
Ortiz-Williams,1
Osborn Group,1
Osborn Inc,1
Osborn Ltd,1
"Osborn, Gill And Cervantes",1
Osborn-Brown,1
Osborn-Carpenter,1
Osborn-Freeman,1
Osborn-Hayes,1
Osborn-Long,1
Osborn-Manning,1
Osborn-Newman,1
Osborn-Park,1
Osborn-Warren,1
"Osborne Elliott, And Castillo",1
"And Chapman Floyd Kelley,",1
"Osborne Hunt, And Kim",1
"Osborne James, Ellis And",1
Osborne Ltd,1
"And Chapman Lara Stewart,",1
"Osborne Smith, Young And",1
"Osborne, And Hunt Mitchell",1
"Osborne, Leblanc And Anderson",1
"Osborne, Petersen Madden And",1
Osborne-Chase,1
Osborne-Hayes,1
Osborne-Jenkins,1
Osborne-Rogers,1
Osborne-Ward,1
"Owen And Dennis Willis,",1
"Owen And Smith, Davis",1
"Owen And Tucker, Rowland",1
"Owen And Walker, Griffin",1
"Owen Brewer, And Davies",1
"Owen Gill, Robertson And",1
Owen Group,1
Owen Llc,1
"And Chapman Payne, Werner",1
Owen Sons And,1
"Owen, Hines Bennett And",1
Owen-Gibson,1
Owen-Hill,1
Owen-Levy,1
Owen-Lopez,1
Owen-Manning,1
"And Chase Mcknight, Campbell",1
Owen-Nelson,1
Owen-Patel,1
Owen-Powell,1
Owen-Ruiz,1
Owen-Williams,1
"Owens And Calderon Cannon,",1
"Owens And Gates Washington,",1
"Owens And Mcgrath Bowen,",1
"Owens And Neal Johnson,",1
"Owens And Wilson, Smith",1
"Owens And Woods, Matthews",1
"Owens Cain Stevens, And",1
"Owens Chen And Vargas,",1
"And Chavez Everett, Howard",1
"And Chavez Freeman, Smith",1
"Owens Jackson, And Ortiz",1
"And Chavez Price, Porter",1
"And Chavez Sanders, Gomez",1
"And Chavez Villa Atkins,",1
"Owens Quinn And Page,",1
Owens Sons And,1
"Owens, And Cole Moore",1
"Owens, Garza Baker And",1
"Owens, Gay Horton And",1
"Owens, Golden Hayes And",1
"Owens, Greer And Ramirez",1
"Owens, Kidd And Cox",1
"Owens, Morris Smith And",1
"Owens, Nielsen And Hernandez",1
"Owens, Rodriguez And Jackson",1
Owens-Adkins,1
Owens-Brown,1
Owens-Cole,1
Owens-Collins,1
Owens-Crawford,1
Owens-Dawson,1
Owens-Douglas,1
Owens-Hudson,1
Owens-Lee,1
Owens-Moss,1
Owens-Nash,1
Owens-Porter,1
Owens-Sampson,1
Owens-Sellers,1
Owens-Spencer,1
Owens-Stafford,1
Owens-Vasquez,1
Owens-West,1
Owens-Wilson,1
"Pace And Hughes Phillips,",1
"Pace And Munoz Chavez,",1
"Pace Clark Chapman, And",1
Pace Group,1
Pace Ltd,1
"Pace, And Greene Lambert",1
Pace-Gonzalez,1
Pace-Moran,1
Pace-Peterson,1
Pace-Taylor,1
"Pacheco And Fisher Pruitt,",1
"Pacheco And Medina, Aguilar",1
"Pacheco And Page Howard,",1
"Pacheco And Patel Long,",1
Pacheco And Sons,1
"Pacheco Flynn And Lopez,",1
"Pacheco Jenkins And Gonzalez,",1
Pacheco Ltd,1
"Pacheco Sims, Marshall And",1
"Pacheco, Hamilton And Moore",1
"Pacheco, Whitaker Rodriguez And",1
Pacheco-Carlson,1
Pacheco-Estrada,1
Pacheco-Kemp,1
Pacheco-Massey,1
Pacheco-Morris,1
Pacheco-Parker,1
Pacheco-Sanchez,1
Pacheco-Smith,1
"Padilla And Dennis, Pennington",1
"And Chavez, Knight Fisher",1
"Padilla Estrada, And Savage",1
"Padilla Fuller, And Andrade",1
"And Chavez, Martinez Romero",1
"Padilla Jones And Harper,",1
"Padilla Lewis, Anderson And",1
Padilla Ltd,1
"And Chavez, Strickland Martin",1
"Padilla Ramirez Adkins, And",1
"And Chen Garrett, Hodges",1
"Padilla Thompson, And Joseph",1
"Padilla, And Carroll Zavala",1
"Padilla, And Cunningham Hughes",1
"Padilla, And Ryan Vargas",1
"Padilla, Garcia Duncan And",1
"Padilla, Grant Sandoval And",1
"Padilla, Rivera Dean And",1
"Padilla, Smith Smith And",1
Padilla-Barnes,1
Padilla-Cox,1
Padilla-Craig,1
Padilla-Flores,1
Padilla-Green,1
Padilla-Kerr,1
Padilla-Lopez,1
Padilla-Mack,1
Padilla-Meyer,1
Padilla-Mora,1
Padilla-Smith,1
Padilla-Tanner,1
Padilla-Walker,1
Padilla-Weiss,1
Padilla-Wilson,1
"Page And Cochran Ramirez,",1
"Page And Lamb, Bryant",1
"Page And Prince Preston,",1
"Page And Sosa, Robinson",1
"Page Baxter Nelson, And",1
"Page Estrada, Waters And",1
Page Llc,1
Page Ltd,1
"Page Mckenzie Johnson, And",1
"And Chen Martinez Williams,",1
"Page Silva Leach, And",1
"Page Smith, Armstrong And",1
"Page, And Ho Hatfield",1
"Page, And Wilson Wood",1
"Page, Gomez And Ramirez",1
Page-Castillo,1
Page-Chandler,1
Page-Davis,1
Page-Foster,1
Page-Glass,1
Page-Gonzalez,1
Page-Holder,1
Page-Hughes,1
Page-Murphy,1
Page-Murray,1
Page-Reyes,1
Page-Smith,1
"Palmer And Alexander, Wallace",1
"Palmer And Fisher Baker,",1
"Palmer And Golden, Murray",1
"Palmer And Marquez, Bautista",1
"Palmer And Odom, Ibarra",1
"Palmer And Price, Lewis",1
"Palmer And Rodriguez, Barnes",1
"Palmer And Stanley Robertson,",1
"Palmer And Williams Carpenter,",1
"Palmer Barnes And Turner,",1
"Palmer Brown And Gomez,",1
"Palmer Cooper And Paul,",1
"Palmer Estrada Mendez, And",1
Palmer Group,1
"And Chen, Wells Williams",1
"And Cherry Matthews Garcia,",1
Palmer Ltd,1
"Palmer Phillips, Sampson And",1
Palmer Plc,1
"Palmer Singh And Bryant,",1
"Palmer Taylor, Burgess And",1
"Palmer Wilson Perry, And",1
"Palmer Zavala And Obrien,",1
"Palmer, And Dixon Hall",1
"Palmer, And Mendoza Sherman",1
"Palmer, Carrillo And Jones",1
"Palmer, Ellis And Green",1
"Palmer, Guerrero Mitchell And",1
"Palmer, Nguyen Kim And",1
"Palmer, Weaver And Hunt",1
Palmer-Barnett,1
Palmer-Benjamin,1
Palmer-Bradley,1
Palmer-Curry,1
Palmer-Delacruz,1
Palmer-Fleming,1
Palmer-Gonzalez,1
"And Cherry Pham Kramer,",1
Palmer-Hayden,1
Palmer-Jennings,1
Palmer-Martinez,1
Palmer-Moore,1
Palmer-Parker,1
Palmer-Robbins,1
Palmer-Ross,1
Palmer-Smith,1
Palmer-Stevens,1
Palmer-Valencia,1
Palmer-Wilson,1
"Park And Abbott Brown,",1
Park And Sons,1
"Park And Willis Joseph,",1
"Park Diaz, And Kelly",1
Park Group,1
"And Choi, Campbell Jackson",1
Park Ltd,1
"Park Richardson Anderson, And",1
"And Christensen Clark Johnson,",1
"Park Wells, And Hudson",1
"Park, Allen And Lewis",1
"Park, And Wolf White",1
"Park, Ho Washington And",1
Park-Douglas,1
Park-Haney,1
Park-Hanson,1
"And Christian Adkins, Wall",1
Park-Marshall,1
Park-Snow,1
Park-Summers,1
Park-Webster,1
Park-Wright,1
Park-Young,1
"Parker Alexander And Wright,",1
"Parker And Carpenter Gomez,",1
"Parker And Davenport, Herring",1
"Parker And Gonzales, Clements",1
"Parker And Howard Payne,",1
"Parker And Powers Morton,",1
"Parker And Reynolds Simmons,",1
"Parker And Santos Williams,",1
Parker And Sons,1
"Parker And Stokes Jimenez,",1
"Parker And Walker Jones,",1
"Parker And Walter Cook,",1
"Parker Davis Clark, And",1
"Parker Dennis, Morton And",1
"Parker Dickerson Berry, And",1
"Parker Duncan, Davis And",1
"And Christian Evans Schwartz,",1
"Parker Hines, And Fuentes",1
"Parker Hughes And Larson,",1
Parker Inc,1
"Parker Jackson, Jackson And",1
"Parker Jarvis, And Hicks",1
"And Christian Thompson Lewis,",1
"And Chung Garza Rodriguez,",1
"Parker Moran, And Jimenez",1
"Parker Patrick, Garcia And",1
Parker Plc,1
"And Chung Lozano, Brown",1
"Parker Turner, Houston And",1
"Parker Wilson, Harris And",1
"Parker, Allen And Perez",1
"Parker, And Armstrong Webb",1
"Parker, And Knapp Johnson",1
"Parker, And Nicholson Ortiz",1
"Parker, And Parker Macdonald",1
"Parker, Cox And Holt",1
"Parker, Garcia And Farmer",1
"Parker, Johnson Francis And",1
"Parker, Kemp Tran And",1
"Parker, Kirk And Martin",1
"Parker, Lawson And Frank",1
"Parker, Mccoy Walker And",1
"Parker, Montgomery And Gibbs",1
"Parker, Navarro Mcdonald And",1
"Parker, Rodriguez And Miller",1
"Parker, Rodriguez Hodge And",1
"Parker, Salinas Mcdaniel And",1
"Parker, Thomas Wong And",1
Parker-Adams,1
Parker-Alvarez,1
Parker-Austin,1
Parker-Blair,1
"And Chung, Lucas Lucas",1
Parker-Campbell,1
Parker-Castro,1
Parker-Choi,1
Parker-Clayton,1
"And Church Anderson May,",1
Parker-Davenport,1
Parker-Davis,1
Parker-Decker,1
Parker-Dominguez,1
Parker-Fields,1
Parker-Flores,1
Parker-Foster,1
Parker-Franco,1
Parker-Fuentes,1
Parker-Garcia,1
Parker-Gardner,1
Parker-Garrett,1
Parker-Henderson,1
Parker-Hodges,1
Parker-Jacobs,1
Parker-Johnson,1
Parker-Lambert,1
Parker-Lewis,1
Parker-Lopez,1
Parker-Martin,1
"And Cisneros Jackson, Kelly",1
Parker-Mata,1
"And Cisneros Wilson Patton,",1
Parker-Nelson,1
Parker-Newton,1
Parker-Olsen,1
Parker-Petersen,1
Parker-Ramos,1
Parker-Ramsey,1
Parker-Rhodes,1
Parker-Richards,1
Parker-Roth,1
Parker-Salazar,1
Parker-Shannon,1
Parker-Stein,1
Parker-Stewart,1
Parker-Taylor,1
Parker-Todd,1
Parker-Turner,1
Parker-West,1
Parker-White,1
Parker-Whitehead,1
Parker-Williams,1
Parker-Wolfe,1
"Parks And Carter, Christian",1
"Parks Barrett And Garcia,",1
"Parks Conner, And King",1
"Parks Fields, And Evans",1
Parks Group,1
"Parks Hall And Allen,",1
Parks Inc,1
Parks Ltd,1
"And Clark Dunn Sanders,",1
"Parks Price, Dorsey And",1
"Parks Steele Perry, And",1
"Parks Vang, And Wells",1
"Parks Young, Simmons And",1
"Parks Zimmerman Miller, And",1
"Parks, Aguirre And Simmons",1
"Parks, And Garcia Williamson",1
"Parks, And Rich Johnson",1
"Parks, Mitchell And Johnson",1
Parks-Ali,1
Parks-Casey,1
Parks-Delgado,1
Parks-French,1
Parks-Hill,1
Parks-Nunez,1
Parks-Porter,1
Parks-Stone,1
Parks-Williams,1
"Parrish And Jones, Hall",1
"Parrish Griffin And Burke,",1
Parrish Inc,1
"Parrish Landry And Chandler,",1
"And Clark Gray Carroll,",1
Parrish Plc,1
Parrish Sons And,1
Parrish-Anderson,1
Parrish-Benitez,1
Parrish-Cooper,1
Parrish-Rivera,1
Parrish-Simpson,1
Parrish-Williamson,1
"Parsons And Hicks, Silva",1
"Parsons And Padilla, Mahoney",1
"Parsons And Rosario, Barber",1
"Parsons Harvey, Jimenez And",1
Parsons Llc,1
"Parsons Petersen, Mckenzie And",1
"And Clark Johnson, Matthews",1
"Parsons, Hartman Martinez And",1
"Parsons, Wong And Jones",1
Parsons-Bennett,1
Parsons-Bowman,1
Parsons-Carter,1
"And Clark Maddox Hamilton,",1
Parsons-Fleming,1
Parsons-Garcia,1
Parsons-Howard,1
Parsons-Hughes,1
Parsons-Kelley,1
Parsons-Martinez,1
Parsons-Mata,1
Parsons-Morales,1
Parsons-Newton,1
Parsons-Ortiz,1
Parsons-Page,1
Parsons-Russell,1
Parsons-Scott,1
Parsons-Villa,1
"Patel And Nelson, Pena",1
Patel And Sons,1
"Patel And White, Lucas",1
"Patel Beard, Ryan And",1
"Patel Bennett, And Barr",1
Patel Group,1
"Patel Jackson, Atkins And",1
"Patel Lewis And Graves,",1
"And Clark Moreno, Nolan",1
"And Clark Murray Watson,",1
"Patel Mason Waller, And",1
"Patel Murray And Guzman,",1
"Patel Payne, And Young",1
"And Clark Preston, Mcdonald",1
"Patel Pope, And Hendrix",1
"Patel Quinn, And Hill",1
"Patel Robertson Harmon, And",1
Patel Sons And,1
"Patel, Erickson Stevenson And",1
"Patel, Lawson And Phillips",1
"Patel, Reynolds And James",1
"Patel, Simmons Wilson And",1
Patel-Adams,1
Patel-Arnold,1
Patel-Berry,1
Patel-Best,1
Patel-Brown,1
Patel-Cabrera,1
Patel-Cannon,1
Patel-Castro,1
Patel-Hanna,1
Patel-Henry,1
Patel-Hunter,1
Patel-Irwin,1
"And Clark Rivera, Morgan",1
Patel-Mann,1
Patel-Moore,1
Patel-Richardson,1
Patel-Robertson,1
Patel-Sanchez,1
Patel-Shaw,1
Patel-Walsh,1
Patel-Warner,1
Patel-Woods,1
"Patrick And Guerrero, Garcia",1
"Patrick Clark And Williams,",1
"And Clark Ruiz Kent,",1
"Patrick Huffman, And Lowery",1
Patrick Ltd,1
"Patrick, And Howard Joyce",1
"Patrick, And Tyler Arnold",1
"Patrick, Munoz And Banks",1
"Patrick, Parker Snyder And",1
"Patrick, Petty And Sullivan",1
"Patrick, Pittman Stanton And",1
Patrick-Berg,1
Patrick-Gonzalez,1
Patrick-Huffman,1
Patrick-Jimenez,1
Patrick-Kaiser,1
Patrick-Levine,1
Patrick-Olson,1
Patrick-Reilly,1
Patrick-Vaughn,1
Patrick-White,1
"Patterson And Diaz, Smith",1
"Patterson And Green, Carter",1
"Patterson And Hall, Kidd",1
"Patterson And Lopez Gonzalez,",1
"Patterson And Peterson, Velazquez",1
"Patterson And Powell Patton,",1
"Patterson And Riddle Jones,",1
"Patterson And Roberts Wheeler,",1
"Patterson And Williams, Smith",1
"Patterson Barnett And Sanders,",1
"Patterson Bush, Thomas And",1
"Patterson Forbes, Wolfe And",1
"And Clark Simmons, Ford",1
"And Clark Watts, Sanchez",1
"Patterson Jones And Hernandez,",1
"Patterson Jones Schmitt, And",1
"Patterson Kim, Boyd And",1
"And Clark, Carter Rodriguez",1
"And Clark, Curry Sweeney",1
"Patterson Mann, Williamson And",1
"Patterson Miller And Johnston,",1
"Patterson Ortiz, And Burch",1
"And Clark, Frazier Gonzalez",1
"Patterson Reed, Morales And",1
"Patterson Shaw And Grant,",1
"Patterson Shea, Hardin And",1
"Patterson Warner, And Webb",1
"Patterson Warren, And Gonzalez",1
"Patterson Wilson And Weber,",1
"Patterson, And Brown Garcia",1
"Patterson, And Case Weaver",1
"Patterson, And Lawrence Leblanc",1
"Patterson, Diaz Hughes And",1
"Patterson, Fields And Smith",1
"Patterson, Hawkins And Ward",1
"Patterson, Hodge And Adams",1
"Patterson, Long And Nolan",1
"Patterson, Lucas Torres And",1
"Patterson, Walker Turner And",1
Patterson-Aguirre,1
"And Clark, Mercado Stark",1
Patterson-Bautista,1
Patterson-Brown,1
Patterson-Douglas,1
Patterson-Eaton,1
Patterson-Fields,1
Patterson-Ford,1
Patterson-Gentry,1
Patterson-Gordon,1
Patterson-Hopkins,1
Patterson-Lee,1
"And Clark, Silva Patterson",1
Patterson-Marquez,1
Patterson-Mitchell,1
Patterson-Morgan,1
Patterson-Morris,1
Patterson-Mueller,1
Patterson-Murphy,1
Patterson-Oneill,1
Patterson-Page,1
Patterson-Quinn,1
Patterson-Sexton,1
Patterson-Sloan,1
Patterson-Smith,1
Patterson-Snyder,1
Patterson-Todd,1
Patterson-Webb,1
Patterson-Young,1
"Patton And Mclaughlin, Barr",1
"Patton And Simpson, Campbell",1
Patton And Sons,1
"Patton Dorsey And Smith,",1
"Patton Green, And Dunn",1
Patton Inc,1
"Patton Lopez And Blanchard,",1
"Patton Pratt, Perkins And",1
"Patton Sanchez, Zimmerman And",1
Patton Sons And,1
"Patton Waters, Reynolds And",1
"Patton, And Black Martinez",1
Patton-Anderson,1
Patton-Bishop,1
Patton-Clark,1
Patton-Griffin,1
Patton-Hall,1
Patton-Miller,1
"Paul And Moore, Rodriguez",1
"Paul And Morrison Patel,",1
Paul Ltd,1
"Paul Maxwell Sanchez, And",1
"Paul Powers, And Jenkins",1
"Paul Richardson Haynes, And",1
"Paul Watts And Perkins,",1
"Paul, Dickerson And Ramos",1
Paul-Anderson,1
Paul-Austin,1
Paul-Ayala,1
Paul-Charles,1
Paul-Garza,1
Paul-Harris,1
Paul-Jimenez,1
Paul-Mason,1
Paul-Petty,1
Paul-Smith,1
"Payne And Miles Mclaughlin,",1
"Payne Caldwell And Rice,",1
"And Clark, Sweeney Watkins",1
"Payne Jones, Vega And",1
"And Clay, Martinez Thompson",1
"Payne Parker, Murphy And",1
"Payne Shaffer, Nelson And",1
Payne Sons And,1
"Payne Turner And Tanner,",1
"Payne Walker Cochran, And",1
"Payne, And Moody Gibbs",1
"Payne, Finley Schwartz And",1
"Payne, Fletcher And Vaughan",1
"Payne, George Kelly And",1
"Payne, Jackson And Roberson",1
"Payne, Kennedy And Bean",1
Payne-Brewer,1
Payne-Davis,1
Payne-Key,1
Payne-Lynch,1
Payne-Miller,1
"Pearson Cox Larson, And",1
"Pearson Escobar, And Harper",1
Pearson Group,1
"Pearson Hanson And Miller,",1
Pearson Llc,1
Pearson Ltd,1
"And Clay, Morton Cunningham",1
"And Clay, Rios Sims",1
"Pearson, And Lynch Oconnor",1
"Pearson, And Thomas Reilly",1
"Pearson, Carroll And Lane",1
"Pearson, Vargas Griffin And",1
Pearson-Adams,1
Pearson-Allen,1
Pearson-Baker,1
Pearson-Carr,1
Pearson-Gibson,1
Pearson-Henderson,1
Pearson-Lowe,1
Pearson-Newman,1
Pearson-Nguyen,1
Pearson-Patton,1
Pearson-Scott,1
Pearson-Sharp,1
Pearson-Smith,1
Pearson-Taylor,1
Pearson-Townsend,1
Pearson-Whitaker,1
Pearson-Williams,1
Peck And Sons,1
Peck Ltd,1
"And Clayton Walker, Hamilton",1
"Peck Randolph, Johnson And",1
"Peck, And Perez Flores",1
"Pena And Johnson, Wilson",1
"Pena And Mckinney Glenn,",1
"Pena Barker, Rose And",1
"Pena Jenkins, Cole And",1
"Pena Lee Franklin, And",1
Pena Llc,1
Pena Ltd,1
"Pena Mendez Johnson, And",1
"Pena Moore And Colon,",1
"Pena Murray, Santos And",1
"And Cline Willis, Berry",1
"Pena Stewart, And Hahn",1
"Pena, And Boone Norton",1
"Pena, And Miranda Walter",1
"Pena, Rich Taylor And",1
"Pena, Salazar Hudson And",1
Pena-Adkins,1
Pena-Anderson,1
Pena-Barr,1
Pena-Beard,1
Pena-Cohen,1
Pena-Flores,1
Pena-Golden,1
Pena-Griffin,1
Pena-Hernandez,1
Pena-Hughes,1
Pena-Hutchinson,1
Pena-Lewis,1
Pena-Miles,1
Pena-Poole,1
Pena-Ross,1
Pena-Ryan,1
Pena-Smith,1
Pena-Stokes,1
Pena-Williams,1
"Pennington Harrison, And Harmon",1
"Pennington Wagner And Freeman,",1
"Pennington, Thompson And Jackson",1
Pennington-Bowen,1
Pennington-Gutierrez,1
Pennington-Mann,1
Pennington-Murray,1
Pennington-Simon,1
Pennington-Thomas,1
"Perez Alexander, And Navarro",1
"Perez And Anderson Wang,",1
"Perez And Arnold Lewis,",1
"Perez And Barnett Doyle,",1
"Perez And Bell, Cross",1
"Perez And Campbell Harris,",1
"Perez And Cook, Hines",1
"Perez And Green, Carlson",1
"Perez And Ho, Riley",1
"Perez And Hoffman Hammond,",1
"Perez And Morris, Macias",1
"Perez And Morrison Daniels,",1
"Perez And Ochoa White,",1
"Perez And Paul, Preston",1
"Perez And Roach Ramos,",1
"Perez And Serrano Brock,",1
"Perez And Smith, Osborn",1
"And Cobb, Farmer Hernandez",1
"Perez And Tucker, Dorsey",1
"Perez And Ward, Gonzales",1
"Perez And Williams, Kennedy",1
"Perez Avery Robinson, And",1
"Perez Bailey, And Fitzgerald",1
"Perez Chandler Park, And",1
"Perez Clark, Osborne And",1
"Perez Conner And Thompson,",1
"Perez Dixon, And Moore",1
"Perez Ellis Vaughn, And",1
"Perez Fletcher And Lynch,",1
"Perez Garcia, And Kim",1
"Perez Glenn, And Harper",1
"And Cobb, Russell Jenkins",1
"Perez Hernandez, Finley And",1
"Perez Hobbs And Moore,",1
"Perez Hoover, Moore And",1
"And Cochran Crawford, Best",1
"Perez Jackson And Jones,",1
"Perez Jackson And Walters,",1
"Perez Johnson, And Chen",1
"Perez Jones And Wood,",1
"Perez Kirk, And Montgomery",1
And Coffey Sons,1
"And Cohen Fisher, Adams",1
"Perez Mills, And Bates",1
"And Cohen Jones, Barnes",1
"Perez Rivera Howard, And",1
"And Cohen Nelson, Davidson",1
"Perez Turner, And Madden",1
"Perez Ward And Cochran,",1
"Perez Williams And Dalton,",1
"Perez Woodward, Jones And",1
"Perez Wright, Taylor And",1
"Perez Zimmerman, Cunningham And",1
"Perez, And Curtis Short",1
"Perez, And Galvan Estrada",1
"Perez, And Leonard Hunter",1
"Perez, And Mccarthy Hammond",1
"Perez, And Meyer Summers",1
"Perez, And Mills Jones",1
"Perez, And Smith Burch",1
"Perez, And Williams Hernandez",1
"Perez, Benjamin And Porter",1
"Perez, Benton West And",1
"Perez, Case Pierce And",1
"Perez, Cook Garrison And",1
"Perez, Cox And Russo",1
"Perez, Decker And Perez",1
"Perez, Donovan And Howard",1
"Perez, Huang And Austin",1
"Perez, Knight Allen And",1
"Perez, Larsen And Bass",1
"Perez, Mccullough Jones And",1
"Perez, Mitchell And Harper",1
"Perez, Nunez Mitchell And",1
"Perez, Peterson Reynolds And",1
"Perez, Ryan Gill And",1
"Perez, Taylor Ortiz And",1
"Perez, Wang And Alexander",1
"Perez, Werner And Mcgee",1
Perez-Adams,1
Perez-Allen,1
Perez-Anderson,1
Perez-Andrews,1
Perez-Buchanan,1
Perez-Camacho,1
Perez-Carlson,1
Perez-Cervantes,1
Perez-Chandler,1
Perez-Clark,1
Perez-Clements,1
Perez-Collins,1
Perez-Contreras,1
"And Cole Fields, Brennan",1
Perez-Davidson,1
Perez-Dawson,1
Perez-Dunn,1
Perez-Farmer,1
Perez-Flores,1
Perez-Gardner,1
Perez-Graham,1
Perez-Guzman,1
Perez-Hamilton,1
Perez-Harrell,1
Perez-Haynes,1
Perez-Henderson,1
"And Cole Green Moore,",1
Perez-Howard,1
Perez-Huff,1
Perez-Johnston,1
Perez-Keller,1
Perez-Long,1
Perez-Lowe,1
Perez-Marquez,1
Perez-Martin,1
Perez-Martinez,1
Perez-Mcdaniel,1
Perez-Mcfarland,1
Perez-Mcintyre,1
Perez-Medina,1
Perez-Mitchell,1
"And Cole Montoya Miller,",1
Perez-Morton,1
Perez-Murphy,1
"And Cole Simmons Sanders,",1
Perez-Pennington,1
Perez-Perry,1
Perez-Pitts,1
Perez-Rios,1
Perez-Rivera,1
Perez-Robbins,1
Perez-Russell,1
Perez-Scott,1
And Cole Sons,1
Perez-Shaw,1
Perez-Sheppard,1
Perez-Shields,1
Perez-Small,1
"And Coleman Ballard, Taylor",1
Perez-Stafford,1
Perez-Stewart,1
Perez-Sutton,1
"And Coleman Elliott Gonzalez,",1
Perez-Wagner,1
Perez-Walker,1
Perez-Wang,1
Perez-Watts,1
Perez-Williams,1
Perez-Young,1
"Perkins And Gomez Collins,",1
"Perkins And Jackson Alvarez,",1
"Perkins And Nelson Ellis,",1
"Perkins And Ross, Ward",1
"Perkins And Wilson, Fuller",1
"Perkins Flowers Lane, And",1
"Perkins Garcia, Graham And",1
Perkins Group,1
"Perkins Hernandez Smith, And",1
"Perkins Hernandez, Alvarez And",1
Perkins Inc,1
Perkins Llc,1
Perkins Ltd,1
"Perkins Meadows, And Rush",1
Perkins Plc,1
"Perkins Roth, Griffin And",1
"Perkins Welch And Fuller,",1
"Perkins, And Gonzalez Murphy",1
"Perkins, And Roman Clark",1
"Perkins, Bird And Johnson",1
"Perkins, Davis Gonzalez And",1
"Perkins, Harris And White",1
"Perkins, Holloway And Neal",1
"Perkins, Palmer Brooks And",1
"Perkins, Salazar And Johnson",1
"Perkins, Young And Smith",1
Perkins-Austin,1
Perkins-Baker,1
Perkins-Bernard,1
Perkins-Bradley,1
Perkins-Campbell,1
Perkins-Chang,1
Perkins-Clark,1
Perkins-English,1
Perkins-Farrell,1
Perkins-Franklin,1
Perkins-Gardner,1
Perkins-Gonzalez,1
Perkins-Hernandez,1
Perkins-Hines,1
Perkins-Holmes,1
Perkins-Jenkins,1
Perkins-Jimenez,1
Perkins-Johnson,1
Perkins-Jones,1
Perkins-Kelly,1
Perkins-Kennedy,1
Perkins-King,1
Perkins-Lloyd,1
Perkins-Martinez,1
Perkins-Miller,1
Perkins-Paul,1
Perkins-Richard,1
Perkins-Walton,1
Perkins-Washington,1
Perkins-Wright,1
Perkins-Wyatt,1
"Perry And Adams, Odom",1
"Perry And Gibson Ayala,",1
"Perry And Lucero Stephenson,",1
"Perry And Peterson Carr,",1
"And Coleman Garrett Johnson,",1
"Perry Bryant, Byrd And",1
"Perry Collier, And Williams",1
"And Coleman Jones Thomas,",1
"Perry Haynes Robinson, And",1
"Perry Hunter, Pennington And",1
"And Coleman Lee, Rivera",1
"Perry Larson And Berger,",1
"Perry Little, And Moore",1
"And Coleman Pace West,",1
"Perry Lopez, White And",1
"And Coleman, Guerrero Nguyen",1
"Perry Mcdonald, And Rodriguez",1
"Perry Michael, Hanna And",1
"Perry Mills Anderson, And",1
"Perry Murray, Beck And",1
"And Coleman, Perry Owen",1
"Perry Ramirez, And Scott",1
"Perry Ross, And Nunez",1
Perry Sons And,1
"Perry Stewart And Vincent,",1
"Perry Zhang And Fields,",1
"Perry, And Contreras Jennings",1
"Perry, And Elliott Rasmussen",1
"Perry, And Ryan Chen",1
"Perry, Bell Harris And",1
"Perry, Chan And Miller",1
"Perry, Dean Pugh And",1
"Perry, Huerta Shea And",1
"Perry, Johnson And Bautista",1
"Perry, Walker Rollins And",1
"Perry, Wilson And Lee",1
Perry-Acevedo,1
Perry-Allison,1
Perry-Andrews,1
Perry-Bean,1
Perry-Bonilla,1
Perry-Brady,1
Perry-Clark,1
Perry-Collins,1
"And Coleman, Ray Ortega",1
Perry-Dunlap,1
Perry-Evans,1
Perry-Fisher,1
Perry-Garcia,1
Perry-Hammond,1
"And Collins Mcdaniel Morgan,",1
Perry-Hines,1
Perry-Hudson,1
Perry-King,1
Perry-Lynch,1
Perry-Mack,1
Perry-Martinez,1
Perry-Miller,1
Perry-Nelson,1
Perry-Ortiz,1
Perry-Parks,1
Perry-Wallace,1
Perry-Wu,1
Peters And Sons,1
"Peters Fox, And Bell",1
"And Collins Raymond Rivera,",1
"And Collins Smith Mason,",1
Peters Llc,1
"And Collins Stout Carr,",1
"Peters Moore, Burch And",1
"Peters Norton Stevens, And",1
"Peters Peck, Lynch And",1
"And Collins, Avery Watson",1
"Peters Robinson Thomas, And",1
"Peters Rowland, Gibson And",1
Peters Sons And,1
"Peters Wong And Lee,",1
"Peters, And Olson Herman",1
"Peters, And Shelton Cox",1
"Peters, And Williams Cox",1
"Peters, Simpson Patel And",1
Peters-Allen,1
Peters-Bell,1
Peters-Bentley,1
Peters-Davis,1
Peters-Edwards,1
Peters-Fischer,1
Peters-Freeman,1
Peters-Goodwin,1
Peters-Greene,1
Peters-Jenkins,1
Peters-Johnson,1
Peters-Johnston,1
Peters-Jones,1
Peters-Kemp,1
Peters-Mclaughlin,1
Peters-Miller,1
Peters-Murphy,1
Peters-Randolph,1
Peters-Richards,1
Peters-Rosario,1
"And Colon Blair Mitchell,",1
Peters-Wallace,1
Peters-Warner,1
Peters-Winters,1
"Petersen And Campbell Barnes,",1
"Petersen And Roberts, Mcneil",1
Petersen And Sons,1
"Petersen And Weaver, Smith",1
Petersen Inc,1
"Petersen Lewis, Daniels And",1
Petersen Ltd,1
"Petersen Peters, And Jones",1
Petersen Plc,1
"Petersen Rios Daniels, And",1
"Petersen Spencer, And Winters",1
"Petersen, Gray Dorsey And",1
Petersen-Brown,1
Petersen-Daniel,1
Petersen-Graves,1
Petersen-Hernandez,1
Petersen-Holt,1
Petersen-Martin,1
Petersen-Mitchell,1
Petersen-Molina,1
Petersen-Peterson,1
Petersen-Price,1
Petersen-Wong,1
"Peterson And Alexander, Walker",1
"Peterson And Bailey, Martinez",1
"Peterson And Burke Cruz,",1
"Peterson And Clark Thompson,",1
"Peterson And Flores Hutchinson,",1
"Peterson And Gilmore Oconnell,",1
"Peterson And Montes, King",1
"Peterson And Reyes Hernandez,",1
"Peterson And Shelton Perkins,",1
Peterson And Sons,1
"Peterson And Williams Johnson,",1
"Peterson Burns, Hernandez And",1
"Peterson Finley, And Henderson",1
"Peterson Gonzalez, Becker And",1
"And Colon, Hamilton Hall",1
"Peterson Hall, Juarez And",1
"And Combs Potter Cooper,",1
"And Compton Macdonald, Duran",1
"And Compton Stein Rose,",1
"Peterson Martin And Ruiz,",1
"Peterson May Henry, And",1
"Peterson Murphy Mcbride, And",1
"Peterson Palmer Erickson, And",1
And Conley Sons,1
"Peterson Scott And Thomas,",1
"And Conley, Greene Grant",1
"Peterson Taylor And Smith,",1
"Peterson Walker And Choi,",1
"Peterson, And Duran Bowman",1
"Peterson, And Smith Munoz",1
"Peterson, Barnes And Gordon",1
"Peterson, King And Hopkins",1
"Peterson, Riley And Porter",1
"Peterson, Roberts And Klein",1
Peterson-Anderson,1
Peterson-Baker,1
Peterson-Cook,1
Peterson-Cunningham,1
Peterson-Ewing,1
Peterson-Fletcher,1
Peterson-Ford,1
Peterson-Freeman,1
Peterson-Frost,1
Peterson-Hansen,1
Peterson-Hodges,1
Peterson-Hoffman,1
Peterson-Holden,1
Peterson-Hunt,1
Peterson-Johnson,1
Peterson-Jones,1
Peterson-Kennedy,1
Peterson-Lee,1
Peterson-Marsh,1
Peterson-Martin,1
Peterson-Medina,1
Peterson-Moore,1
Peterson-Ortiz,1
Peterson-Perkins,1
Peterson-Powell,1
Peterson-Robinson,1
Peterson-Thompson,1
Peterson-Williams,1
Peterson-Wolf,1
Peterson-Young,1
Petty Inc,1
Petty Ltd,1
"Petty Parker, And Case",1
"Petty, Ballard And Mcclure",1
Petty-Gallagher,1
Petty-Harris,1
Petty-Lloyd,1
Petty-Medina,1
Petty-Nicholson,1
"Pham And Bradford Mcguire,",1
"Pham Clayton Gardner, And",1
Pham Group,1
Pham Inc,1
Pham Llc,1
"And Conley, Shields Suarez",1
"Pham Murphy, Rose And",1
"Pham Roach And Pena,",1
Pham-Bolton,1
Pham-Clark,1
Pham-Evans,1
Pham-Frazier,1
Pham-Graham,1
Pham-Lester,1
Pham-Miller,1
Pham-Morales,1
Pham-Oliver,1
Pham-Powell,1
Pham-Rice,1
Pham-Salinas,1
Pham-Snyder,1
"Phelps And Collier Fisher,",1
Phelps And Sons,1
"And Conner Burke Gibson,",1
Phelps Inc,1
Phelps Ltd,1
"Phelps Martin, And Petersen",1
Phelps Plc,1
"Phelps, And Williams Briggs",1
Phelps-Dunlap,1
Phelps-Foster,1
Phelps-Hammond,1
Phelps-Hunter,1
Phelps-Jones,1
Phelps-Mccann,1
Phelps-Phillips,1
Phelps-Scott,1
Phelps-Wright,1
"Phillips And Cantrell Rosario,",1
"Phillips And Cherry Lucas,",1
"Phillips And Conrad Herrera,",1
"Phillips And Dyer, Jones",1
"Phillips And Hahn, Sandoval",1
"Phillips And Jones, Davis",1
"Phillips And Mcclure Caldwell,",1
"And Conner Shah Ponce,",1
"Phillips And Turner, Taylor",1
"Phillips And Webster Zavala,",1
"Phillips Carter And Carter,",1
"Phillips Ferguson And Cochran,",1
"Phillips Garcia And Jimenez,",1
"Phillips Garcia, Combs And",1
"Phillips Garza Young, And",1
And Conner Sons,1
"And Conner, Zimmerman Collins",1
"Phillips Jennings And Glass,",1
"Phillips Johnson Roberts, And",1
"Phillips Jones And Wu,",1
"Phillips Lee Johnson, And",1
"And Conrad Boyd, Burnett",1
"And Conrad Ponce Washington,",1
"Phillips Madden, Fox And",1
"Phillips Medina, Rivera And",1
"Phillips Michael And Daniel,",1
"And Conrad, Charles Lowery",1
"And Contreras Lewis, Flores",1
"Phillips Vaughn, Wyatt And",1
"Phillips White And Thompson,",1
"Phillips, And Brooks Johnson",1
"Phillips, And Lawson Torres",1
"Phillips, And Maldonado Marshall",1
"Phillips, And Morris Marshall",1
"Phillips, And Welch Johnson",1
"Phillips, Bartlett Lawrence And",1
"Phillips, Brooks Heath And",1
"Phillips, Buckley Taylor And",1
"Phillips, Conner Johnson And",1
"Phillips, Green Hunt And",1
"Phillips, Mack And Doyle",1
"Phillips, Newman And Boyd",1
"Phillips, Shepherd Smith And",1
Phillips-Alexander,1
Phillips-Andersen,1
Phillips-Andrade,1
Phillips-Branch,1
Phillips-Brown,1
Phillips-Bryan,1
Phillips-Chen,1
Phillips-Davis,1
"And Contreras Miller Webster,",1
Phillips-Dominguez,1
Phillips-Erickson,1
Phillips-Fox,1
Phillips-Harris,1
Phillips-Henry,1
Phillips-Howell,1
Phillips-Hudson,1
Phillips-Ingram,1
Phillips-Johnson,1
Phillips-Jones,1
Phillips-Knox,1
Phillips-Lee,1
Phillips-Maldonado,1
Phillips-Martin,1
Phillips-Mccann,1
"And Contreras Santiago Fowler,",1
Phillips-Morrison,1
Phillips-Navarro,1
Phillips-Nelson,1
Phillips-Newman,1
Phillips-Noble,1
Phillips-Olson,1
Phillips-Patrick,1
Phillips-Proctor,1
Phillips-Ramirez,1
Phillips-Reed,1
Phillips-Salazar,1
Phillips-Sanchez,1
Phillips-Saunders,1
Phillips-Stevenson,1
Phillips-Stuart,1
Phillips-Walker,1
Phillips-Ward,1
Phillips-Waters,1
Phillips-Wilson,1
Phillips-Wu,1
"Pierce And Bailey Jackson,",1
"Pierce And Miller James,",1
"Pierce And Wu Jimenez,",1
"And Contreras, Harvey Jimenez",1
"Pierce Hamilton And Gregory,",1
"And Conway Cruz, Hayes",1
Pierce Llc,1
Pierce Ltd,1
"And Conway George, Huff",1
"Pierce Rice, Torres And",1
"Pierce Smith, And Wiggins",1
"Pierce Ward, Torres And",1
"Pierce Wilson Trujillo, And",1
"Pierce, Simpson Pollard And",1
Pierce-Ayers,1
Pierce-Banks,1
Pierce-Bradford,1
Pierce-Carr,1
Pierce-Ellis,1
Pierce-Gonzalez,1
Pierce-Hutchinson,1
Pierce-Juarez,1
Pierce-Kelly,1
Pierce-Kemp,1
Pierce-Kennedy,1
Pierce-King,1
Pierce-Love,1
Pierce-Miller,1
Pierce-Navarro,1
Pierce-Parker,1
Pierce-Pham,1
Pierce-Phillips,1
Pierce-Ramsey,1
Pierce-Rosales,1
Pierce-Sanchez,1
Pierce-Simon,1
Pierce-Stanley,1
Pierce-Thompson,1
Pierce-Torres,1
Pierce-Vazquez,1
"And Cook Andrews, Jordan",1
Pineda And Sons,1
"Pineda Davenport And Murray,",1
"Pineda Garrison And Howell,",1
"And Cook Brown Gilmore,",1
Pineda Llc,1
"Pineda Maxwell And Vincent,",1
"Pineda Rhodes, And Luna",1
"Pineda Werner, Mcclure And",1
"Pineda, And Smith Wright",1
"Pineda, Ayala And Waters",1
"Pineda, Phelps Webb And",1
Pineda-Arnold,1
Pineda-Daniels,1
Pineda-Gay,1
Pineda-Johnson,1
Pineda-Pham,1
Pittman Group,1
"Pittman Harris, Walls And",1
"Pittman Jimenez Juarez, And",1
Pittman Llc,1
"Pittman, And Watkins Smith",1
"Pittman, Cohen And Miller",1
"Pittman, Gray And Green",1
Pittman-Adams,1
Pittman-Bush,1
Pittman-Hendrix,1
Pittman-Moody,1
Pittman-Murphy,1
Pittman-Osborne,1
Pittman-Price,1
"And Cook Case Kim,",1
Pittman-Rogers,1
Pittman-Wheeler,1
Pittman-Williams,1
Pitts And Sons,1
"Pitts And Wheeler, Crawford",1
"Pitts Austin, Johnson And",1
Pitts Group,1
"Pitts Hood And Sharp,",1
"And Cook Medina Perkins,",1
Pitts Llc,1
"And Cook Riley, Thomas",1
"Pitts Martinez, Neal And",1
Pitts Plc,1
"Pitts Thompson, Kaiser And",1
"Pitts, And Rogers Jenkins",1
"Pitts, Hernandez And Wilson",1
Pitts-Christian,1
Pitts-Mueller,1
Pitts-Murphy,1
Pitts-Romero,1
Pitts-Taylor,1
Pitts-Turner,1
"And Cook Thomas Parker,",1
"And Cook Walsh Willis,",1
Plc Aguirre,1
"And Cook, Elliott Phillips",1
Plc Ali,1
"And Cooper Coleman, Hall",1
Plc Allison,1
Plc Alvarez,1
Plc Andersen,1
"And Cooper Diaz Perez,",1
"And Cooper Dunn Moore,",1
Plc Arellano,1
"And Cooper Hunt, White",1
Plc Austin,1
"And Cooper Johnson, Johnston",1
Plc Avila,1
Plc Ayala,1
Plc Ayers,1
"And Cooper Merritt Fletcher,",1
"And Cooper Miller Brooks,",1
"And Cooper Miller, Moreno",1
Plc Banks,1
Plc Barker,1
"And Cooper Potter, Landry",1
"And Cooper Soto Mccullough,",1
Plc Barr,1
Plc Bartlett,1
Plc Bates,1
Plc Baxter,1
"And Cooper, Flores Barnett",1
"And Copeland Conway Decker,",1
"And Copeland Obrien, Pierce",1
"And Copeland Peterson, Cooper",1
Plc Beltran,1
Plc Benjamin,1
Plc Bernard,1
"And Copeland Webster, Thomas",1
"And Copeland, Riley Henderson",1
Plc Black,1
Plc Blackburn,1
"And Cordova Klein, Spence",1
Plc Blake,1
"And Cordova Rollins Schmidt,",1
Plc Bond,1
And Cordova Sons,1
Plc Boone,1
Plc Booth,1
"And Cortez Armstrong, Diaz",1
Plc Bowman,1
Plc Boyd,1
Plc Boyer,1
Plc Bradley,1
Plc Brewer,1
Plc Briggs,1
Plc Brock,1
"And Cortez Hayes Wallace,",1
And Cortez Sons,1
"And Cortez Williams, Nguyen",1
"And Cox Ibarra Perry,",1
"And Cox Lynch, Mcconnell",1
"And Cox Martin Clark,",1
Plc Burns,1
Plc Bush,1
"And Cox, Lawrence Grimes",1
Plc Cabrera,1
Plc Cain,1
"And Cox, Ortiz Savage",1
"And Cox, Ward Valencia",1
Plc Campos,1
"And Cox, Yoder Santos",1
Plc Carlson,1
"And Craig Carlson Gomez,",1
Plc Carrillo,1
"And Craig Smith, Jackson",1
Plc Carson,1
And Craig Sons,1
Plc Casey,1
Plc Castaneda,1
Plc Castillo,1
Plc Chambers,1
Plc Chapman,1
"And Craig, Cook Dorsey",1
"And Craig, Jones Gomez",1
"And Craig, Moyer Baker",1
Plc Christian,1
Plc Cisneros,1
Plc Clarke,1
Plc Clay,1
"And Craig, Wallace Espinoza",1
Plc Cochran,1
Plc Cohen,1
And Crane Sons,1
"And Crawford Frazier, Taylor",1
Plc Colon,1
Plc Combs,1
"And Crawford Garcia, Acevedo",1
"And Crawford Morales White,",1
"And Crawford, Campbell Welch",1
"And Crawford, Davis Riggs",1
"And Crawford, Morgan Ryan",1
"And Crosby Carrillo Johnson,",1
Plc Crawford,1
"And Cross Abbott Dixon,",1
Plc Cummings,1
Plc Cunningham,1
"And Cross Roberts Clay,",1
And Cross Sons,1
Plc Daniels,1
Plc Daugherty,1
Plc Davidson,1
"And Cross, Horne Medina",1
"And Cross, Thomas Allen",1
"And Cruz Holt, Smith",1
"And Cruz Malone, Wood",1
"And Cruz Robinson Jones,",1
"And Cruz Robinson, Kelley",1
Plc Dickerson,1
Plc Dillon,1
"And Cruz, Thompson Martinez",1
Plc Dominguez,1
"And Cruz, Turner Johnson",1
"And Cuevas Johnson, Jackson",1
Plc Doyle,1
"And Cummings Clark Levine,",1
"And Cummings Hill Morris,",1
Plc Dunn,1
"And Cummings Rowe, Mathews",1
Plc Eaton,1
"And Cummings Thompson Weiss,",1
Plc Elliott,1
"And Cummings, Davis Pierce",1
Plc English,1
Plc Erickson,1
Plc Espinoza,1
"And Cunningham Bailey, Ramirez",1
"And Cunningham Boyd Torres,",1
Plc Farrell,1
"And Cunningham Fisher, Montgomery",1
Plc Ferrell,1
Plc Figueroa,1
Plc Fischer,1
"And Cunningham Martinez, Jones",1
Plc Fitzpatrick,1
Plc Fleming,1
"And Cunningham Norris, Adams",1
Plc Flowers,1
"And Cunningham Paul, Rodriguez",1
Plc Ford,1
Plc Foster,1
"And Cunningham, Miller Yates",1
Plc Franco,1
"And Curry Reeves Martinez,",1
"And Curtis Jones, Skinner",1
Plc French,1
"And Curtis Miranda, Edwards",1
Plc Fry,1
"And Curtis, Robles Adkins",1
Plc Gallagher,1
Plc Gallegos,1
Plc Galloway,1
Plc Gamble,1
"And Dalton Mueller, Lopez",1
Plc Gardner,1
"And Dalton Ramirez, Moore",1
"And Dalton, Cooper Grant",1
Plc Gates,1
Plc Gay,1
"And Dalton, Martin Molina",1
Plc Gilbert,1
Plc Gill,1
Plc Gillespie,1
Plc Gilmore,1
"And Daniel Bryan Brown,",1
"And Daniel Jackson Burgess,",1
"And Daniels, Gray Bailey",1
"And Daugherty Nelson, Vasquez",1
"And Davenport Davis Hobbs,",1
"And Davenport Richard Duncan,",1
Plc Goodwin,1
"And Davenport Riley, Edwards",1
Plc Graham,1
"And Davenport, Olsen Flores",1
"And David, Rodriguez Scott",1
"And Davidson Lawson Clayton,",1
"And Davidson Wilcox Walter,",1
Plc Greene,1
"And Davidson, Lopez Kim",1
"And Davies Ayala Park,",1
Plc Guerra,1
Plc Guerrero,1
And Davies Sons,1
Plc Hahn,1
"And Davies Suarez Campos,",1
"And Davies, Wilson Ortiz",1
"And Davis Ball Lopez,",1
Plc Hampton,1
Plc Hancock,1
"And Davis Bates, Jones",1
Plc Hanna,1
"And Davis Bennett, Burgess",1
Plc Hardin,1
"And Davis Blankenship Mcdowell,",1
"And Davis Butler Simpson,",1
"And Davis Conner, Chen",1
"And Davis Davis Caldwell,",1
"And Davis Gonzalez, Smith",1
"And Davis Hickman Wells,",1
"And Davis Hoffman, Moore",1
"And Davis Johnson, Hart",1
Plc Haynes,1
Plc Henderson,1
"And Davis Jones Burns,",1
Plc Herman,1
"And Davis Jones, Dunn",1
"And Davis Kelly, Clark",1
Plc Herring,1
"And Davis Mason Lucas,",1
"And Davis Maxwell, Edwards",1
Plc Hinton,1
"And Davis Mcdonald Brown,",1
Plc Hodges,1
Plc Hoffman,1
Plc Holland,1
Plc Holmes,1
Plc Holt,1
Plc Hood,1
Plc Hoover,1
Plc Howard,1
Plc Howe,1
Plc Howell,1
"And Davis Miller, Hartman",1
Plc Hudson,1
Plc Huff,1
"And Davis Miller, Larson",1
"And Davis Moore Moore,",1
"And Davis Nelson Andrade,",1
Plc Hunter,1
"And Davis Perez, Valencia",1
"And Davis Powell, Rodriguez",1
"And Davis Reyes Khan,",1
Plc Jacobson,1
"And Davis Richards, Frost",1
Plc Jarvis,1
"And Davis Rivera, Pierce",1
"And Davis Robertson, Thompson",1
"And Davis Salinas Lowe,",1
Plc Jensen,1
"And Davis Shaw Chan,",1
Plc Johns,1
"And Davis Torres Mercer,",1
"And Davis Webb, Ellis",1
"And Davis Williams Espinoza,",1
Plc Joseph,1
Plc Juarez,1
Plc Kane,1
Plc Kaufman,1
"And Davis Williams, Hill",1
"And Davis, Burnett Cook",1
Plc Key,1
Plc Kidd,1
"And Davis, Butler Daniel",1
"And Davis, Clark Higgins",1
Plc Kirby,1
"And Davis, Duran Thompson",1
Plc Kline,1
"And Davis, Gonzalez Underwood",1
Plc Kramer,1
"And Davis, Grant Flores",1
"And Davis, Harris Banks",1
Plc Lane,1
Plc Larsen,1
Plc Larson,1
Plc Lawson,1
Plc Le,1
"And Davis, Holland Mathis",1
Plc Leblanc,1
"And Davis, Johnson Mcintosh",1
"And Davis, Martin Hughes",1
Plc Lindsey,1
Plc Little,1
Plc Livingston,1
"And Davis, Powell Santos",1
"And Davis, Rogers Banks",1
"And Davis, Saunders Smith",1
Plc Love,1
Plc Lowe,1
Plc Lowery,1
Plc Lozano,1
Plc Lucero,1
Plc Luna,1
Plc Lyons,1
"And Davis, Serrano Merritt",1
Plc Mack,1
"And Davis, Short Anderson",1
"And Davis, Smith Beard",1
"And Davis, Stark Shepard",1
"And Davis, Walker Archer",1
Plc Marsh,1
"And Davis, Young Chambers",1
"And Dawson Yoder, Page",1
"And Dawson, Payne Phillips",1
"And Day Herman Wiley,",1
"And Day, Lewis Coleman",1
Plc Maxwell,1
Plc Mayo,1
Plc Mcbride,1
"And Day, Rivera Lewis",1
"And Dean Benitez Drake,",1
Plc Mccullough,1
Plc Mcdaniel,1
Plc Mcfarland,1
Plc Mcgee,1
Plc Mcintosh,1
Plc Mckay,1
Plc Mcmahon,1
Plc Mcmillan,1
"And Dean Brown, Phillips",1
Plc Mejia,1
And Dean Sons,1
"And Dean Wade, Walton",1
Plc Mercado,1
"And Decker Reed Harrison,",1
Plc Merritt,1
"And Decker Schmitt, Thompson",1
Plc Meza,1
Plc Miles,1
And Decker Sons,1
"And Decker, Warner Farmer",1
"And Delacruz Davis, Howard",1
"And Delacruz Spencer Newton,",1
Plc Montgomery,1
"And Delacruz, Montes Knight",1
Plc Moody,1
"And Deleon Moore Powers,",1
"And Deleon, Williams Turner",1
Plc Moran,1
"And Delgado Allen, Wilson",1
"And Delgado Lopez, Daniels",1
"And Delgado Martinez Smith,",1
Plc Morrow,1
"And Delgado, Johnson Taylor",1
"And Dennis Gomez, Humphrey",1
"And Dennis Roberts Parker,",1
"And Dennis Rodriguez Sims,",1
Plc Mueller,1
Plc Mullen,1
"And Dennis Ross Hopkins,",1
"And Dennis Serrano, Davis",1
"And Dennis, Barnes Chaney",1
"And Dennis, Mcguire Johnston",1
Plc Nash,1
Plc Navarro,1
"And Dennis, Stanley Meadows",1
Plc Newman,1
Plc Newton,1
Plc Nguyen,1
"And Diaz Dawson, Mendoza",1
Plc Nolan,1
"And Diaz Hernandez, Sparks",1
"And Diaz Phillips Kim,",1
"And Diaz, Adams Stevens",1
"And Dickerson Good Neal,",1
Plc Oconnor,1
Plc Odonnell,1
"And Dickerson Terry Sandoval,",1
Plc Olsen,1
"And Dickerson, Morales Burton",1
Plc Ortega,1
"And Dickson Fletcher, Walker",1
"And Dickson Pratt Robinson,",1
Plc Owen,1
"And Dixon Beltran Owens,",1
Plc Pacheco,1
Plc Page,1
Plc Palmer,1
"And Dixon Bennett, Shaw",1
Plc Parks,1
Plc Parrish,1
Plc Parsons,1
Plc Patel,1
"And Dixon Fisher Porter,",1
"And Dixon Harris Ward,",1
Plc Patton,1
Plc Payne,1
And Dixon Sons,1
"And Dixon Taylor Hunter,",1
"And Dixon Williams, Torres",1
"And Dixon, Lucero Young",1
"And Dodson Yates Cook,",1
"And Dominguez Smith, White",1
"And Dominguez Williams Edwards,",1
"And Dominguez, Schmidt Carter",1
"And Donaldson Mccall, Benton",1
Plc Pollard,1
Plc Pope,1
Plc Porter,1
Plc Potter,1
Plc Powers,1
Plc Pratt,1
"And Donaldson Reed Quinn,",1
Plc Proctor,1
"And Donaldson Weber Taylor,",1
Plc Ramirez,1
"And Donovan Caldwell Cunningham,",1
"And Donovan Jones Nguyen,",1
And Donovan Sons,1
Plc Randolph,1
"And Donovan, Sullivan Jones",1
"And Dorsey Brady Richards,",1
Plc Raymond,1
"And Dorsey, Cox Johnston",1
Plc Reese,1
Plc Reeves,1
"And Dorsey, Noble Davis",1
"And Dougherty Sweeney White,",1
And Douglas Sons,1
"And Douglas, Dunn Warren",1
Plc Rice,1
"And Douglas, Johnston Ramsey",1
Plc Richard,1
"And Doyle Moore Garcia,",1
And Doyle Sons,1
"And Doyle Thomas Bean,",1
Plc Rivera,1
Plc Roberson,1
"And Drake Chapman, Harvey",1
Plc Robertson,1
"And Drake, Landry Garcia",1
Plc Rocha,1
"And Duarte Smith Richard,",1
"And Duarte, Robbins Benson",1
"And Dudley Zhang Meyer,",1
And Duke Sons,1
Plc Rosales,1
Plc Rose,1
"And Duncan Gray Mata,",1
Plc Roth,1
Plc Rowland,1
Plc Roy,1
Plc Rubio,1
Plc Ruiz,1
"And Duncan Larsen, Jackson",1
"And Duncan Williams Hopkins,",1
Plc Salinas,1
"And Dunlap, Wright Mays",1
And Dunn Sons,1
Plc Sanford,1
Plc Santana,1
Plc Santiago,1
Plc Santos,1
"And Dunn Tate, Graves",1
Plc Savage,1
Plc Schmidt,1
"And Dunn, Mathews Anthony",1
"And Dunn, Thompson Vaughan",1
Plc Schroeder,1
Plc Schultz,1
"And Duran Castaneda Sanders,",1
"And Duran Garza Cruz,",1
Plc Sellers,1
And Duran Sons,1
"And Durham Jones, Flores",1
Plc Sheppard,1
Plc Shields,1
Plc Short,1
And Durham Sons,1
"And Dyer Gonzalez Harris,",1
Plc Simpson,1
"And Dyer Ramos Potter,",1
And Dyer Sons,1
"And Eaton Porter Miller,",1
"And Eaton Terry Oneill,",1
Plc Solis,1
"And Eaton, Haynes Taylor",1
Plc Spears,1
Plc Spence,1
"And Eaton, Johnson Aguirre",1
Plc Stafford,1
Plc Stanley,1
Plc Stanton,1
"And Edwards Allen, Brown",1
Plc Stevens,1
Plc Stevenson,1
"And Edwards Brown Hanson,",1
Plc Stokes,1
"And Edwards Brown Murphy,",1
Plc Strickland,1
"And Edwards Freeman, Moody",1
Plc Summers,1
"And Edwards Gallagher Johnson,",1
"And Edwards Hernandez, James",1
Plc Sweeney,1
Plc Tanner,1
"And Edwards Phillips, Jarvis",1
Plc Terrell,1
Plc Terry,1
"And Edwards Sanchez, Becker",1
"And Edwards, Hancock Owens",1
Plc Thornton,1
"And Edwards, Howard Rivera",1
"And Edwards, Malone Brown",1
"And Edwards, Smith Dougherty",1
Plc Tucker,1
Plc Turner,1
"And Edwards, Smith Johnson",1
Plc Valenzuela,1
Plc Vance,1
"And Elliott Haas Reed,",1
Plc Vasquez,1
Plc Vaughan,1
"And Elliott Richardson Morgan,",1
Plc Vega,1
Plc Velazquez,1
Plc Villegas,1
Plc Vincent,1
"And Elliott Roman, Obrien",1
Plc Wagner,1
"And Elliott, Rice Black",1
Plc Wall,1
"And Elliott, Sawyer Cortez",1
Plc Walsh,1
Plc Walters,1
Plc Walton,1
Plc Wang,1
"And Ellis Chandler, Carter",1
Plc Ware,1
"And Ellis Hernandez Hunter,",1
Plc Washington,1
"And Ellis Olson, Banks",1
"And Ellis Smith, Frazier",1
"And Ellis Stark Flores,",1
Plc Watts,1
"And Ellis, Alvarez Harris",1
"And Ellis, Williamson Thomas",1
"And Ellison Carrillo, Jones",1
Plc Weiss,1
"And Ellison Edwards, Bailey",1
Plc Werner,1
"And English Sanders, Wilcox",1
Plc Wheeler,1
"And Erickson Cochran Cochran,",1
"And Erickson Meyers, Harrison",1
"And Erickson Mosley, Jones",1
Plc Wilkerson,1
"And Escobar Hamilton, Strickland",1
And Esparza Sons,1
"And Esparza, Stone Campbell",1
"And Espinoza Cook, Hawkins",1
Plc Winters,1
Plc Wolfe,1
"And Espinoza Shields Porter,",1
"And Estes Horne Freeman,",1
"And Estes, Newman Torres",1
"And Estrada Bell Watson,",1
Plc Woodward,1
"And Estrada Collier, Dyer",1
Plc Wyatt,1
Plc Yates,1
"And Estrada Harris Rogers,",1
"And Estrada, Carney Saunders",1
"And Estrada, Woods Long",1
Plc Zavala,1
"And Evans Good, Oneill",1
Plc Zimmerman,1
"And Evans Harris Schultz,",1
"Pollard Abbott And Hutchinson,",1
Pollard Group,1
"And Evans Johnson Cardenas,",1
"Pollard Oconnell, Wells And",1
"Pollard Wallace, Sims And",1
"Pollard, Logan Mckee And",1
"Pollard, Marks Martinez And",1
Pollard-Burton,1
Pollard-Moore,1
Pollard-Reed,1
"Ponce And Nguyen, Evans",1
"And Evans Lynn, Hernandez",1
Ponce Ltd,1
"Ponce Miller And Bell,",1
Ponce Plc,1
"Ponce Rosales, And Rowland",1
Ponce-Lutz,1
Ponce-Moreno,1
Ponce-Newman,1
"Poole And Hansen, Moran",1
"Poole And King Dudley,",1
Poole Inc,1
Poole Llc,1
"And Evans Mason, Kelley",1
"Poole Owens Parsons, And",1
Poole Plc,1
"Poole Shannon, And Robles",1
"Poole Smith Jackson, And",1
"Poole Wilson Rhodes, And",1
"Poole, Poole Mendoza And",1
Poole-Armstrong,1
Poole-Brewer,1
Poole-Brown,1
Poole-Daniels,1
Poole-Graham,1
Poole-Johnson,1
Poole-Lester,1
Poole-Parker,1
Poole-Scott,1
"Pope And Mckenzie Delgado,",1
Pope And Sons,1
"Pope Coffey Ramirez, And",1
"And Evans Mcdonald, Willis",1
"And Evans Myers Miller,",1
Pope Llc,1
"And Evans Ryan Hull,",1
"Pope Valdez, And Boyle",1
"Pope, Day Mason And",1
Pope-Cisneros,1
Pope-Cooper,1
Pope-Day,1
Pope-Gordon,1
Pope-Harrington,1
Pope-Mahoney,1
Pope-Miles,1
Pope-Miller,1
Pope-Scott,1
Pope-Thompson,1
Pope-Turner,1
Pope-Wright,1
"Porter And Brown Hill,",1
"Porter And Martinez, Young",1
"Porter And Sheppard, Wood",1
"Porter Cox, Miller And",1
"Porter Farmer, And Gray",1
Porter Group,1
"Porter Holt, And Edwards",1
"And Evans, Carlson Armstrong",1
"And Evans, Davis Rogers",1
"Porter Lopez Reed, And",1
"And Evans, Franklin Huffman",1
"And Evans, Mccann Thomas",1
"Porter Tucker, And Travis",1
"Porter, And Rose Allen",1
"Porter, Rodgers And Lee",1
"Porter, Schneider And Mckinney",1
"Porter, Solis Contreras And",1
"Porter, Woods Miller And",1
Porter-Adams,1
Porter-Barron,1
Porter-Best,1
Porter-Collins,1
Porter-Dunn,1
Porter-Fisher,1
Porter-George,1
Porter-Gordon,1
Porter-Jackson,1
Porter-Kent,1
Porter-Lucas,1
Porter-Martin,1
Porter-Mccormick,1
"And Evans, Owens Miller",1
Porter-Moreno,1
Porter-Morris,1
Porter-Mueller,1
Porter-Murphy,1
Porter-Nicholson,1
"And Evans, Steele Spencer",1
Porter-Perez,1
Porter-Ray,1
Porter-Sandoval,1
Porter-Sharp,1
Porter-Wood,1
"Potter And Romero Mcguire,",1
Potter Group,1
"And Evans, White Vasquez",1
Potter Llc,1
Potter Plc,1
"Potter Sanders, Wilson And",1
"Potter, And West Randall",1
"Potter, Harvey Palmer And",1
"Potter, Jenkins Dyer And",1
Potter-Campos,1
Potter-Carlson,1
Potter-Cruz,1
Potter-Fernandez,1
Potter-Francis,1
Potter-Johnson,1
Potter-Jones,1
Potter-Randolph,1
Potter-Smith,1
"Potts And Bird, Petersen",1
"Potts Harris And Ortiz,",1
"Potts Johnson And Carlson,",1
"Potts, And Clarke Franco",1
"Potts, Hunt And Levine",1
"Potts, Salas Fletcher And",1
"Potts, Scott Cameron And",1
Potts-Bernard,1
Potts-Flores,1
Potts-Guerra,1
Potts-Jordan,1
Potts-Walker,1
Potts-Williams,1
"Powell And Byrd, Mcclure",1
"Powell And Roberts, Campos",1
Powell And Sons,1
"Powell And Wilson Hopkins,",1
"Powell Boyd Lopez, And",1
"Powell Branch Osborn, And",1
"Powell Coleman, And Harrison",1
"Powell David, Smith And",1
"Powell Franklin Murray, And",1
"And Farley Ball, Myers",1
"Powell Hansen, And Landry",1
Powell Inc,1
"Powell Johnson, And Simpson",1
"And Farmer Jones Phillips,",1
"And Farmer, Harvey Alvarez",1
"And Farrell Matthews, Ward",1
"Powell Robinson And Valdez,",1
"Powell Ward, And Mercado",1
"Powell, And Flowers Gray",1
"Powell, And Hernandez Green",1
"Powell, And Khan Olson",1
"Powell, And Shelton Gomez",1
"Powell, Elliott And Bailey",1
"Powell, Lopez Osborne And",1
"Powell, Tate Cardenas And",1
"Powell, Zamora And Fuentes",1
And Farrell Sons,1
Powell-Bailey,1
Powell-Baird,1
Powell-Ballard,1
Powell-Bass,1
"And Ferguson Anderson Benjamin,",1
Powell-Campbell,1
Powell-Cook,1
Powell-Cruz,1
Powell-Garcia,1
Powell-Haney,1
"And Ferguson Delgado Ramirez,",1
Powell-Hughes,1
Powell-Hull,1
Powell-Johnson,1
Powell-Khan,1
Powell-Mcdonald,1
Powell-Mcpherson,1
Powell-Miller,1
Powell-Nelson,1
Powell-Newman,1
Powell-Ponce,1
Powell-Rangel,1
Powell-Scott,1
Powell-Shaw,1
Powell-Shelton,1
Powell-Simpson,1
Powell-Singleton,1
Powell-Smith,1
Powell-Thompson,1
Powell-Wade,1
Powell-Walker,1
Powell-Werner,1
Powell-West,1
Powell-Wheeler,1
Powell-White,1
Powell-Williams,1
"Powers And Alvarez, Frederick",1
"Powers And Bush, Miller",1
"Powers And Chandler, King",1
"Powers And Thomas Thompson,",1
"And Ferguson Monroe Mccarty,",1
Powers Llc,1
"Powers Miller, And Flores",1
"Powers Padilla, And Le",1
"Powers Sanders Brown, And",1
"Powers Smith And Vaughn,",1
"Powers Webb Blackwell, And",1
"Powers White And Ward,",1
"Powers Wyatt And Underwood,",1
"Powers, And Michael Williams",1
"Powers, And Reynolds Romero",1
"Powers, Berry And Hoffman",1
"Powers, Taylor Wallace And",1
Powers-Acosta,1
Powers-Anderson,1
Powers-Chapman,1
Powers-Flores,1
Powers-Freeman,1
Powers-Hatfield,1
And Ferguson Sons,1
Powers-Marshall,1
Powers-Mcbride,1
Powers-Mccoy,1
Powers-Roberts,1
Powers-Vincent,1
"Pratt And Johnson Lang,",1
"Pratt And Keller, Davis",1
"And Ferguson Wilson, Martinez",1
"Pratt Gutierrez Murphy, And",1
Pratt Inc,1
Pratt Llc,1
"And Ferguson, Barry Brown",1
"Pratt Mcdonald, Klein And",1
"Pratt Reed, And Fields",1
"Pratt, Abbott And Rodriguez",1
"Pratt, And Nixon Thomas",1
"Pratt, Harris Olson And",1
"Pratt, Rollins Hart And",1
Pratt-Hicks,1
Pratt-Horton,1
Pratt-Patterson,1
Pratt-Rodriguez,1
Pratt-Scott,1
"Preston And Wilson Arnold,",1
"Preston Edwards, Dixon And",1
"Preston Franco And Sanchez,",1
Preston Inc,1
"Preston Lowe And Hoffman,",1
Preston Plc,1
"Preston, Miller Reyes And",1
"Preston, Miranda And Anderson",1
Preston-Jacobson,1
Preston-Levy,1
Preston-Miller,1
Preston-Morgan,1
Preston-Page,1
Preston-Pruitt,1
Preston-White,1
"Price And Anderson, Fitzpatrick",1
"Price And Bell, Rivers",1
"Price And Bennett White,",1
"Price And Norman Miller,",1
"Price And Pittman Gibson,",1
"Price Cole Davis, And",1
"Price Duarte And Ferguson,",1
Price Group,1
"And Ferguson, Smith Turner",1
"And Fernandez Fisher, Owen",1
"And Fernandez Gonzalez Cordova,",1
"Price Perez And Murillo,",1
"And Fernandez Mack Bradford,",1
"Price Turner And Brown,",1
"Price Vasquez And Russell,",1
"Price, And Adams Gibson",1
"Price, And Brown Carroll",1
"Price, And Lawrence Garcia",1
"Price, Brown Brown And",1
"Price, Hansen And Gonzalez",1
"Price, Hernandez And Pugh",1
"Price, Neal And Mcpherson",1
"Price, Rivas Fitzpatrick And",1
Price-Anderson,1
Price-Brewer,1
Price-Clark,1
Price-Cox,1
Price-Fischer,1
Price-Garcia,1
Price-Griffin,1
And Fernandez Sons,1
Price-Johnson,1
Price-Keller,1
Price-Marshall,1
Price-Martinez,1
Price-Mcdonald,1
Price-Moore,1
Price-Nolan,1
Price-Pham,1
Price-Pierce,1
Price-Preston,1
Price-Roberts,1
Price-Robinson,1
Price-Romero,1
Price-Sanchez,1
Price-Schmidt,1
Price-Schwartz,1
Price-Small,1
Price-Stuart,1
Price-Torres,1
Price-Vaughan,1
Price-Wall,1
Price-Walsh,1
Price-Williams,1
Price-Wise,1
Price-Young,1
"Prince And Allen, Brady",1
"Prince And Harris, Hernandez",1
"Prince And Morris Norton,",1
"Prince And Tucker, Dyer",1
"And Fernandez, Ferguson Bird",1
"Prince Hall And Crane,",1
"Prince Hoffman And Wilson,",1
"Prince Newman, Smith And",1
"Prince Santana And Sosa,",1
"Prince, Johnson Brown And",1
Prince-Adams,1
Prince-Best,1
Prince-Campbell,1
Prince-Davis,1
Prince-Mccarthy,1
Prince-Waller,1
Prince-Wheeler,1
"Proctor And Arias Mendez,",1
"Proctor And Smith Sellers,",1
"Proctor Donaldson And Ortiz,",1
"And Fernandez, Hanson Moore",1
Proctor Inc,1
Proctor Llc,1
"And Fernandez, Moore Anderson",1
Proctor Plc,1
"Proctor Smith, And Larson",1
"Proctor, Lutz Reyes And",1
Proctor-Davis,1
Proctor-Drake,1
Proctor-Gibson,1
Proctor-Hudson,1
Proctor-Jones,1
Proctor-Perez,1
Proctor-Sullivan,1
Proctor-Washington,1
Pruitt And Sons,1
"Pruitt And Tate Rodgers,",1
"Pruitt Hanson And Becker,",1
Pruitt Ltd,1
"Pruitt White And Kelly,",1
"Pruitt, And Buchanan Tucker",1
"Pruitt, Hughes Guzman And",1
Pruitt-Carpenter,1
Pruitt-Lawrence,1
Pruitt-Mitchell,1
"Pugh And Jones Marshall,",1
Pugh And Sons,1
Pugh Group,1
"Pugh Robertson, And Moss",1
Pugh-Acevedo,1
Pugh-Bryan,1
Pugh-Edwards,1
Pugh-Gilmore,1
Pugh-Horton,1
"Quinn And Ross Craig,",1
"Quinn Anderson And Salinas,",1
"Quinn Clayton Boyd, And",1
"Quinn Cole, Clay And",1
"And Fernandez, Morales Jensen",1
Quinn Inc,1
"And Fernandez, Vazquez Armstrong",1
Quinn Ltd,1
"Quinn Pittman Fowler, And",1
Quinn Plc,1
"Quinn Porter Griffith, And",1
"Quinn, And Martin Little",1
"Quinn, Bentley And Allen",1
Quinn-Barrett,1
Quinn-Hughes,1
Quinn-Lucas,1
Quinn-Page,1
Quinn-Reilly,1
Quinn-Romero,1
Quinn-Sanchez,1
Quinn-Wells,1
"Ramirez And Baker Cox,",1
"Ramirez And Castro, Fitzpatrick",1
"Ramirez And Clark Evans,",1
"Ramirez And Evans Johnson,",1
"Ramirez And Evans, Stanley",1
"Ramirez And Hubbard, Carpenter",1
"Ramirez And James, Suarez",1
"Ramirez And Moore Melton,",1
"Ramirez And Myers Raymond,",1
"Ramirez And Nelson, Collins",1
"Ramirez And Snyder Carrillo,",1
"Ramirez And Stone, Thomas",1
"Ramirez And Turner, Arnold",1
"Ramirez And Vasquez Jones,",1
"Ramirez And Wells Burton,",1
"Ramirez And Wilson, Mays",1
"Ramirez Avery Obrien, And",1
"Ramirez Castillo Bennett, And",1
"Ramirez Clarke Maynard, And",1
"Ramirez Clay And Jones,",1
"Ramirez Cook Caldwell, And",1
"Ramirez Ferguson, Duarte And",1
"Ramirez Foster, Garcia And",1
"And Fernandez, Wilson Morrison",1
"Ramirez Henderson Daniels, And",1
And Ferrell Sons,1
"Ramirez Johnson, And Brown",1
"Ramirez Jones, And Gonzalez",1
"Ramirez Jordan, Cardenas And",1
"And Ferrell Wagner Carey,",1
"Ramirez Long And Martin,",1
"And Ferrell, Abbott Finley",1
"Ramirez Moreno And Bauer,",1
"Ramirez Munoz, And Sharp",1
"Ramirez Oliver, Perez And",1
"And Fields Mclean Taylor,",1
"Ramirez Pope, Goodwin And",1
"Ramirez Pratt And Rich,",1
"Ramirez Smith, And Wilson",1
Ramirez Sons And,1
"Ramirez Thomas, And George",1
"Ramirez Williams, Allen And",1
"Ramirez, And Alexander Bell",1
"Ramirez, And Blanchard Gordon",1
"Ramirez, And Davenport Mclaughlin",1
"Ramirez, And Lee Cobb",1
"Ramirez, And Marshall Reynolds",1
"Ramirez, And Walsh Snyder",1
"Ramirez, Bartlett And Wilson",1
"Ramirez, Compton Figueroa And",1
"Ramirez, Ferguson Chambers And",1
"Ramirez, King And Norton",1
"Ramirez, Miller Wright And",1
"Ramirez, Olsen Chavez And",1
"Ramirez, Owens And Evans",1
"Ramirez, Torres Brown And",1
"Ramirez, Williams And Carroll",1
Ramirez-Acosta,1
Ramirez-Allen,1
Ramirez-Arnold,1
Ramirez-Brandt,1
Ramirez-Burgess,1
Ramirez-Camacho,1
Ramirez-Carr,1
Ramirez-Chavez,1
Ramirez-Cook,1
Ramirez-Cooper,1
Ramirez-Cruz,1
Ramirez-Decker,1
Ramirez-Dorsey,1
Ramirez-Douglas,1
Ramirez-Fisher,1
Ramirez-Franklin,1
Ramirez-Fuller,1
Ramirez-Gilbert,1
Ramirez-Green,1
Ramirez-Griffin,1
Ramirez-Harris,1
Ramirez-Harvey,1
Ramirez-Hebert,1
Ramirez-Hill,1
Ramirez-Humphrey,1
Ramirez-Hunter,1
"And Fields Porter Chang,",1
Ramirez-Jones,1
Ramirez-Lambert,1
Ramirez-Lutz,1
Ramirez-Marks,1
Ramirez-Martin,1
Ramirez-Mcdaniel,1
Ramirez-Mckenzie,1
Ramirez-Morris,1
Ramirez-Murphy,1
Ramirez-Nelson,1
Ramirez-Noble,1
Ramirez-Obrien,1
Ramirez-Page,1
"And Fields, Garcia Marshall",1
"And Fields, Harris Davila",1
"And Figueroa Duke Mason,",1
Ramirez-Santiago,1
Ramirez-Tate,1
"And Figueroa Robinson, Casey",1
Ramirez-Thomas,1
"And Figueroa, Howard Barrera",1
Ramirez-Tran,1
Ramirez-Watts,1
Ramirez-Williams,1
"And Finley Fields Alvarez,",1
Ramirez-York,1
"Ramos And Brown Glover,",1
"Ramos And Brown, Hill",1
"Ramos And Martin Scott,",1
"Ramos And Martinez, Benson",1
Ramos And Sons,1
"Ramos And Watkins, Brown",1
"Ramos Anderson And Sanchez,",1
"Ramos Clark And Blair,",1
Ramos Group,1
"Ramos Hansen Clark, And",1
"And Finley Mosley, Gaines",1
Ramos Ltd,1
"Ramos Miller And Moore,",1
"Ramos Murphy, And Gibbs",1
"And Fischer Bennett, White",1
"Ramos Rodgers, Cannon And",1
"Ramos Shah And Thompson,",1
"Ramos, And Blanchard Church",1
"Ramos, And Johnson Morris",1
"Ramos, And Lee Griffin",1
"Ramos, And Miller Scott",1
"Ramos, And Young Hansen",1
"Ramos, Dunn And Kennedy",1
"Ramos, Hudson Chavez And",1
"Ramos, Jackson And Gonzales",1
"Ramos, Wilson And Evans",1
Ramos-Adkins,1
Ramos-Brown,1
Ramos-Estrada,1
Ramos-Foster,1
Ramos-Harvey,1
Ramos-Holt,1
Ramos-Hunt,1
Ramos-James,1
Ramos-Jensen,1
Ramos-Jimenez,1
"And Fischer Cain Miller,",1
Ramos-Kramer,1
Ramos-Lozano,1
Ramos-Mcgee,1
Ramos-Montgomery,1
Ramos-Pacheco,1
Ramos-Ramirez,1
Ramos-Richardson,1
Ramos-Robinson,1
Ramos-Simon,1
Ramos-Thomas,1
Ramos-Ware,1
Ramos-Watkins,1
Ramos-Weiss,1
Ramos-Williams,1
Ramos-Young,1
"Ramsey And Conrad Coleman,",1
"Ramsey And Malone Sanford,",1
"Ramsey And Mccarthy Cox,",1
"Ramsey And Roach Rodriguez,",1
Ramsey And Sons,1
"And Fisher Doyle Kennedy,",1
Ramsey Ltd,1
Ramsey Plc,1
"Ramsey Quinn, Bush And",1
Ramsey-Bishop,1
Ramsey-Black,1
Ramsey-Haynes,1
Ramsey-Jordan,1
Ramsey-King,1
Ramsey-Lewis,1
Ramsey-Schmidt,1
Ramsey-Thomas,1
"Randall And Campbell, Hahn",1
"Randall And Cox Garcia,",1
"Randall And Rasmussen, Sosa",1
"Randall And Vaughn, Austin",1
"Randall Ellis Chavez, And",1
Randall Group,1
Randall Inc,1
Randall Ltd,1
"Randall Rice, And Barber",1
"Randall Williams Harper, And",1
"Randall, And Williams Hoffman",1
"Randall, Gibson Parsons And",1
"Randall, Reese And Bishop",1
Randall-Boyd,1
Randall-Castaneda,1
Randall-Jackson,1
Randall-Johnson,1
Randall-Juarez,1
Randall-Meza,1
Randall-Miles,1
Randall-Nelson,1
"Randolph And Johnson Johnson,",1
"Randolph Davis And Villarreal,",1
"Randolph Yates, And White",1
"Randolph, And Stein Huber",1
"Randolph, Stewart Morrison And",1
Randolph-Davis,1
Randolph-Fuentes,1
Randolph-Reyes,1
"Rangel And Santos, Wood",1
"Rangel And Stokes, Moore",1
"Rangel Anderson And Snyder,",1
"Rangel Brewer And Cook,",1
"Rangel Duffy, Lewis And",1
Rangel Inc,1
"Rangel Kirk And Holmes,",1
Rangel Ltd,1
"Rangel Wilson Roberson, And",1
"Rangel, And Diaz Hayes",1
Rangel-Andrade,1
Rangel-Barton,1
Rangel-Gomez,1
Rangel-Martinez,1
Rangel-Phillips,1
Rangel-Thomas,1
Rangel-West,1
"Rasmussen And Johnson, Anderson",1
"Rasmussen And Nelson, Camacho",1
"Rasmussen Forbes Monroe, And",1
Rasmussen Inc,1
"Rasmussen Little, Campbell And",1
Rasmussen Llc,1
"And Fisher Robinson Cole,",1
"Rasmussen Patrick And Newman,",1
Rasmussen Plc,1
"Rasmussen, And Roberts Collins",1
"Rasmussen, Johnson Schaefer And",1
Rasmussen-Huynh,1
Rasmussen-Yang,1
"Ray And Anderson Moore,",1
"Ray And Brown Garner,",1
"Ray And Stephens Obrien,",1
"Ray And Watkins, Wilcox",1
"Ray Castro And York,",1
Ray Group,1
"And Fisher Simmons, Santos",1
"Ray James, Davis And",1
Ray Llc,1
Ray Ltd,1
"And Fisher Smith, Wilson",1
Ray Sons And,1
"Ray, And Davis Peterson",1
"Ray, Cain And Miller",1
"Ray, Gross And Mccoy",1
"Ray, Lin And Cortez",1
"Ray, Miles Christian And",1
Ray-Alvarez,1
Ray-Boyer,1
Ray-Buck,1
Ray-Chang,1
Ray-English,1
Ray-Flores,1
Ray-Gill,1
Ray-Herrera,1
Ray-Hickman,1
Ray-Hunter,1
Ray-Johnson,1
Ray-Jones,1
Ray-Lane,1
Ray-Little,1
Ray-Lopez,1
Ray-Michael,1
Ray-Miller,1
Ray-Mitchell,1
Ray-Newman,1
Ray-Olson,1
Ray-Perez,1
Ray-Sanchez,1
Ray-Schroeder,1
"Raymond And Gonzalez Kelley,",1
"Raymond And Green, Ramirez",1
Raymond Ltd,1
"And Fisher, Alexander Jones",1
"Raymond Snyder And Cooper,",1
"Raymond, And Turner Sanchez",1
"Raymond, Walker Cross And",1
Raymond-Carr,1
Raymond-Cole,1
Raymond-Hendricks,1
Raymond-Long,1
"Reed And Duran, Freeman",1
"Reed And Flores Johnson,",1
"Reed And Martinez, Ramirez",1
Reed And Sons,1
"Reed And Williams Jones,",1
"Reed Bowman, Rivas And",1
"And Fisher, Mullins Shea",1
"Reed Hopkins Bell, And",1
"And Fisher, Stewart Underwood",1
"And Fitzgerald Rogers King,",1
"And Fitzgerald Shaw, Edwards",1
"Reed Lucero, And Perez",1
"Reed Mcintyre And Johnson,",1
"Reed Neal Hunt, And",1
"And Fitzgerald Wells Campbell,",1
"Reed Smith, And Velasquez",1
"And Fitzgerald Wood Durham,",1
"Reed Valdez And Pratt,",1
"Reed Ware Roman, And",1
"Reed, And Campbell Montes",1
"Reed, Coleman And Wyatt",1
"Reed, Gonzalez May And",1
"Reed, Mcdonald Wallace And",1
"Reed, Mckenzie And Lozano",1
"Reed, Sanders And Alvarez",1
"Reed, Sullivan Larson And",1
"Reed, Vasquez And Fleming",1
"Reed, Young And Mccormick",1
Reed-Adams,1
"And Fitzgerald, Sharp Cooke",1
Reed-Bailey,1
Reed-Benson,1
Reed-Black,1
Reed-Branch,1
Reed-Brooks,1
Reed-Burgess,1
Reed-Camacho,1
Reed-Clark,1
Reed-Cross,1
Reed-Gibson,1
Reed-Gill,1
Reed-Gonzales,1
Reed-Gonzalez,1
Reed-Gordon,1
Reed-Guzman,1
Reed-Haynes,1
Reed-Henry,1
Reed-Hernandez,1
Reed-Jefferson,1
Reed-Johnson,1
Reed-Maddox,1
"And Fitzpatrick Reid Duffy,",1
Reed-Massey,1
Reed-Medina,1
Reed-Miller,1
Reed-Morgan,1
Reed-Morris,1
Reed-Myers,1
"And Fleming Hunt, Burns",1
Reed-Perry,1
Reed-Pratt,1
Reed-Ramirez,1
Reed-Ray,1
Reed-Reese,1
Reed-Reynolds,1
Reed-Schmidt,1
Reed-Stevens,1
Reed-Thompson,1
Reed-Thornton,1
"And Fleming Oconnell, Barron",1
Reed-Wilson,1
Reed-Yang,1
"Reese Adams, Lara And",1
"Reese And Charles, Knight",1
"Reese And Martin Moyer,",1
"Reese And Smith, Carlson",1
Reese Group,1
"Reese Holt Kim, And",1
Reese Llc,1
"And Fleming Pena, Smith",1
"Reese Olson Patterson, And",1
Reese Plc,1
"Reese Terry Mahoney, And",1
"Reese, Diaz And Johnson",1
"Reese, Terrell And Thompson",1
"Reese, Wright Hill And",1
Reese-Benjamin,1
Reese-Cunningham,1
Reese-Finley,1
Reese-Henry,1
"And Fleming, Brown Short",1
Reese-Long,1
Reese-Murphy,1
Reese-Nelson,1
Reese-Orozco,1
Reese-Ortiz,1
Reese-Reynolds,1
Reese-Santiago,1
Reese-Shaffer,1
Reese-Williams,1
"Reeves And Bryant Fisher,",1
"Reeves And Johnson Williams,",1
Reeves Group,1
Reeves Inc,1
Reeves Ltd,1
Reeves Plc,1
"Reeves Sheppard And Barron,",1
"Reeves, And Miller Cruz",1
"Reeves, And Price Munoz",1
"Reeves, Fernandez Wallace And",1
"Reeves, Franklin Hall And",1
"Reeves, Jones And Martin",1
"Reeves, Martinez And Morrison",1
Reeves-Edwards,1
Reeves-Evans,1
Reeves-Joseph,1
Reeves-Lloyd,1
Reeves-Martin,1
Reeves-Perry,1
Reeves-Price,1
Reeves-Sullivan,1
Reeves-Wallace,1
Reeves-West,1
Reeves-Zhang,1
"Reid And Sharp Tyler,",1
"Reid Davila And Sampson,",1
"Reid Garcia And Diaz,",1
Reid Group,1
"Reid Higgins, Walton And",1
"And Fleming, Powell Bryant",1
"Reid Kerr And Andrews,",1
"Reid Liu, Jenkins And",1
Reid Llc,1
Reid Ltd,1
"Reid Osborne, Weeks And",1
"Reid, Aguirre And French",1
"Reid, And Miller Patel",1
Reid-Allen,1
Reid-Anderson,1
Reid-Brooks,1
Reid-Carey,1
Reid-Collins,1
Reid-Cooper,1
Reid-Fisher,1
Reid-Lara,1
Reid-Lawrence,1
Reid-Obrien,1
Reid-Rangel,1
Reid-Rivera,1
Reid-Rodriguez,1
Reid-Simmons,1
Reid-Singleton,1
Reid-Snyder,1
"Reilly And Anderson Martinez,",1
"Reilly And Cortez, Reed",1
Reilly And Sons,1
"Reilly Casey Taylor, And",1
"Reilly Edwards, And Eaton",1
Reilly Group,1
"And Fletcher Barber, Kelly",1
Reilly Ltd,1
Reilly Sons And,1
Reilly-Clark,1
Reilly-Hernandez,1
Reilly-Maynard,1
Reilly-Miller,1
Reilly-Orr,1
Reilly-Pierce,1
Reilly-Salinas,1
Reilly-Scott,1
Reilly-Taylor,1
Reilly-Torres,1
"Reyes Allen Reynolds, And",1
"Reyes And Gonzales Miller,",1
"Reyes And Price Schwartz,",1
"Reyes And Walker Woods,",1
"Reyes Chapman White, And",1
"Reyes Cook, Vaughn And",1
"Reyes Edwards, Mullen And",1
"And Fletcher Lopez, Hull",1
Reyes Inc,1
"Reyes Jennings And Henderson,",1
"And Fletcher Parker Odom,",1
Reyes Ltd,1
"Reyes Mooney Jones, And",1
"Reyes Page Thompson, And",1
"And Fletcher, Brown Olson",1
"Reyes Rivers And Stevenson,",1
"Reyes Stokes, And Kennedy",1
"Reyes, And Marshall Sosa",1
"Reyes, And Middleton Walker",1
"Reyes, And Williams Randolph",1
"Reyes, Henderson Logan And",1
"Reyes, Johnson And Bennett",1
"Reyes, Rodriguez Todd And",1
"Reyes, Williams And Moreno",1
Reyes-Black,1
Reyes-Crawford,1
Reyes-Delacruz,1
Reyes-Diaz,1
Reyes-Farley,1
Reyes-Gutierrez,1
Reyes-Harvey,1
Reyes-Howell,1
Reyes-Long,1
Reyes-Lopez,1
Reyes-Martin,1
Reyes-Moore,1
Reyes-Murphy,1
Reyes-Murray,1
Reyes-Navarro,1
Reyes-Phillips,1
Reyes-Sanchez,1
Reyes-Sims,1
Reyes-Stanley,1
Reyes-Summers,1
Reyes-Warren,1
Reyes-Wilson,1
"Reynolds And Ewing, Jones",1
"Reynolds And Mckenzie, Carpenter",1
"Reynolds And Pittman, Macias",1
"And Fletcher, Gonzales Holmes",1
"Reynolds And Stone, Richards",1
"Reynolds And Underwood, Davis",1
"Reynolds And Ward, Wise",1
"Reynolds Atkinson, Davis And",1
"Reynolds Bell And Wood,",1
"Reynolds Bradshaw, And Crawford",1
"Reynolds Estrada And Jones,",1
"And Flores Allison Williamson,",1
"And Flores Chambers, Ward",1
"Reynolds Jenkins And Taylor,",1
"And Flores Lyons, Stephenson",1
"And Flores Sharp, Ross",1
"And Flores Smith Williams,",1
"Reynolds Rocha And Adams,",1
"Reynolds Salazar, And Adkins",1
Reynolds Sons And,1
"Reynolds, And Hall Ross",1
"Reynolds, And Howard Nelson",1
"Reynolds, Anderson Avila And",1
"Reynolds, Boyle Griffin And",1
"Reynolds, Stanley And Best",1
"Reynolds, Walker And Carey",1
Reynolds-Ballard,1
Reynolds-Boyd,1
Reynolds-Brandt,1
"And Flores Swanson, Wagner",1
Reynolds-Cook,1
Reynolds-Cruz,1
Reynolds-Frazier,1
Reynolds-Goodwin,1
Reynolds-Gray,1
Reynolds-Hamilton,1
Reynolds-Harrell,1
Reynolds-Hartman,1
Reynolds-Hayes,1
Reynolds-Hernandez,1
Reynolds-Johnson,1
Reynolds-Lang,1
Reynolds-Lewis,1
Reynolds-Lopez,1
Reynolds-Mcdonald,1
Reynolds-Mills,1
Reynolds-Nichols,1
Reynolds-Parsons,1
Reynolds-Richards,1
Reynolds-Salazar,1
Reynolds-Scott,1
Reynolds-Smith,1
Reynolds-Valencia,1
Reynolds-Velasquez,1
Reynolds-Weiss,1
Reynolds-White,1
"Rhodes And Duke Sellers,",1
"Rhodes And Jacobs Wilson,",1
"Rhodes And Mccoy Cruz,",1
"Rhodes Decker, And Daniel",1
Rhodes Group,1
"Rhodes Hanson Clark, And",1
Rhodes Ltd,1
"And Flores Thomas, Miller",1
"Rhodes Shah Green, And",1
Rhodes Sons And,1
"Rhodes Thomas Coffey, And",1
"Rhodes, And Thomas Spencer",1
"Rhodes, And Young Rosales",1
"Rhodes, Armstrong And Davis",1
"Rhodes, French Fowler And",1
Rhodes-Brown,1
Rhodes-Carey,1
Rhodes-Dodson,1
Rhodes-Hahn,1
Rhodes-Henson,1
Rhodes-Kelly,1
Rhodes-King,1
Rhodes-Lopez,1
Rhodes-Martin,1
Rhodes-Serrano,1
Rhodes-Skinner,1
Rhodes-Taylor,1
Rhodes-Williams,1
Rhodes-Young,1
"Rice And Barry Taylor,",1
"Rice And Ochoa Parker,",1
Rice And Sons,1
"Rice Bennett, Harris And",1
"Rice Cooper, Garcia And",1
Rice Group,1
"And Flores Ward, Smith",1
"Rice Johnson Lang, And",1
"And Flores Wood, Estes",1
"Rice Lucero, And Long",1
"Rice Martin Dominguez, And",1
"And Flores, Choi Fisher",1
"Rice Price, Sims And",1
"And Flores, Chung Mayo",1
"Rice Wilson, Washington And",1
"Rice, And Johnson Adams",1
"Rice, And Robbins Rodriguez",1
"Rice, Cooper Rivera And",1
"Rice, Fisher Pace And",1
"Rice, Hansen And Carson",1
"Rice, Perry And Parsons",1
"Rice, Ruiz Barton And",1
"Rice, Thompson Williams And",1
Rice-Bishop,1
Rice-Brown,1
Rice-Christensen,1
Rice-Cohen,1
Rice-Cook,1
Rice-Donaldson,1
Rice-Gregory,1
Rice-Huerta,1
Rice-Mcmahon,1
Rice-Melendez,1
Rice-Mitchell,1
Rice-Murphy,1
Rice-Peterson,1
Rice-Roberts,1
Rice-Robinson,1
Rice-Salazar,1
Rice-Stokes,1
Rice-Taylor,1
Rice-Thomas,1
Rice-Vasquez,1
Rice-White,1
"Rich And Leon, Russell",1
"Rich And Morris, Phillips",1
"Rich And Roach, King",1
Rich Llc,1
Rich Ltd,1
"Rich Pennington, And Webb",1
Rich Plc,1
"Rich, And Estrada Romero",1
"Rich, House Castro And",1
Rich-Brewer,1
Rich-Goodwin,1
Rich-Hicks,1
Rich-Hopkins,1
Rich-Howell,1
Rich-Jackson,1
Rich-Jennings,1
Rich-Kennedy,1
Rich-Nguyen,1
Rich-Parker,1
Rich-Pratt,1
Rich-Schmidt,1
"Richard And Watson Boyd,",1
"Richard And Williams, Robles",1
"Richard Arias, Coleman And",1
Richard Inc,1
"Richard Jones, Roberson And",1
"Richard Lee, Robertson And",1
"Richard Vega, And Russell",1
"Richard, And Bradshaw Campbell",1
"Richard, Clark Diaz And",1
"Richard, Foster Hill And",1
"Richard, Garrett Gomez And",1
Richard-Duran,1
Richard-Fisher,1
Richard-Garcia,1
Richard-Patton,1
Richard-Robinson,1
Richard-Shaw,1
"Richards And Bird Espinoza,",1
"Richards And Campbell, Lee",1
"Richards And Farrell, Foster",1
"Richards Berry, And Grimes",1
"Richards Edwards And Taylor,",1
"And Flores, Collins Quinn",1
"And Flores, Ferguson Lyons",1
"Richards Juarez And Smith,",1
Richards Llc,1
"Richards Lopez, And Vasquez",1
"Richards Nicholson And Trevino,",1
Richards Plc,1
"Richards Sampson, Morrow And",1
"Richards Savage And Carson,",1
Richards Sons And,1
"Richards, And Baker Brown",1
"Richards, Martinez And Skinner",1
"Richards, Wagner Oconnor And",1
"Richards, Watts Hudson And",1
Richards-Alexander,1
Richards-Burnett,1
Richards-Clark,1
Richards-Esparza,1
Richards-Garza,1
Richards-Graham,1
Richards-Horton,1
Richards-Lane,1
Richards-Lawson,1
Richards-Lopez,1
Richards-Lowe,1
Richards-Lucas,1
Richards-Mack,1
Richards-Marshall,1
Richards-Mason,1
Richards-Mcfarland,1
Richards-Mckee,1
Richards-Perkins,1
Richards-Ryan,1
Richards-Wells,1
Richards-Williams,1
Richards-Young,1
"Richardson Allen, Gonzalez And",1
"Richardson And Ballard Foster,",1
"Richardson And Bowers Bush,",1
"Richardson And Fowler Thomas,",1
"Richardson And Harrison, Johnson",1
"Richardson And Jones Howell,",1
"Richardson And Miller, Clark",1
"Richardson And Parker Mcguire,",1
"Richardson And Parsons Stewart,",1
"Richardson And Smith Douglas,",1
Richardson And Sons,1
"Richardson Davis Fuller, And",1
"Richardson Fitzpatrick And Fisher,",1
"Richardson Gonzalez, And Jenkins",1
"And Flores, Fuentes Thompson",1
"Richardson Higgins, And Brown",1
"And Flores, Hayes Dennis",1
"Richardson Jones, And Scott",1
"Richardson Knight, Stewart And",1
Richardson Llc,1
"And Flores, Jones Hernandez",1
"Richardson Mccormick, Cruz And",1
"And Flores, Mitchell Nichols",1
"Richardson Smith, And Wilson",1
Richardson Sons And,1
"Richardson Williams And Miller,",1
"Richardson, And Mueller Henson",1
"Richardson, Reed And Butler",1
Richardson-Bennett,1
Richardson-Bowman,1
Richardson-Bryant,1
Richardson-Castillo,1
Richardson-Clayton,1
Richardson-Collins,1
Richardson-Dean,1
Richardson-Erickson,1
Richardson-Griffin,1
Richardson-Gutierrez,1
Richardson-Harrison,1
Richardson-Hart,1
Richardson-Hatfield,1
Richardson-Jordan,1
Richardson-Juarez,1
Richardson-Kennedy,1
Richardson-Lawson,1
Richardson-Levine,1
Richardson-Moore,1
Richardson-Murillo,1
Richardson-Nichols,1
Richardson-Norman,1
Richardson-Olson,1
Richardson-Page,1
Richardson-Powell,1
Richardson-Rangel,1
Richardson-Robinson,1
Richardson-Rodriguez,1
Richardson-Sampson,1
"And Flores, Patterson Cabrera",1
Richardson-Solis,1
Richardson-Thomas,1
Richardson-Thompson,1
Richardson-Wallace,1
Richardson-Walters,1
Richardson-Webb,1
Richardson-Wells,1
Richardson-Wilson,1
Richardson-Wood,1
Richardson-Zimmerman,1
"Richmond And Garcia, Choi",1
"Richmond, And Thornton Adams",1
"Richmond, And Vaughn Fowler",1
"Richmond, And Williams Cabrera",1
"Richmond, Hess And Lee",1
Richmond-James,1
Richmond-Mcdonald,1
Richmond-Munoz,1
Richmond-Taylor,1
Richmond-Young,1
"Riddle Church, And Morris",1
"Riddle Foley And Reese,",1
"Riddle Gonzales, Hodges And",1
Riddle Inc,1
Riddle Llc,1
Riddle-Adams,1
Riddle-Beasley,1
Riddle-Henry,1
Riddle-Mitchell,1
"Riggs Casey Solis, And",1
Riggs Group,1
Riggs Llc,1
"Riggs Nelson, Cline And",1
"Riggs Williams, And Sanchez",1
"Riggs, And Mcdonald Dunlap",1
"Riggs, And Roberts Anderson",1
"Riggs, King And Walls",1
"Riggs, Moore Shah And",1
Riggs-Bird,1
Riggs-Gardner,1
Riggs-Gomez,1
Riggs-Harris,1
Riggs-Sellers,1
Riggs-Smith,1
"Riley And Hughes, Buchanan",1
"Riley Ball, Thomas And",1
"Riley Chavez Myers, And",1
"Riley Erickson And Cunningham,",1
"Riley Figueroa And Snyder,",1
"And Flowers Smith, Smith",1
"Riley Jenkins, And Gonzalez",1
Riley Llc,1
"And Floyd Smith, Berry",1
"Riley Montgomery Campbell, And",1
"And Flynn Gardner Mcclain,",1
"And Flynn Leonard, Schultz",1
"Riley Wood And Lewis,",1
"Riley, And Ramirez Anderson",1
"Riley, Garcia And Wright",1
"Riley, Grimes Ruiz And",1
"Riley, Walker And Mercado",1
"Riley, Williams And Lewis",1
Riley-Allen,1
Riley-Carrillo,1
Riley-Frazier,1
Riley-Hamilton,1
Riley-Haynes,1
Riley-Hunter,1
Riley-Johnson,1
Riley-Miller,1
Riley-Morton,1
Riley-Murphy,1
Riley-Nolan,1
Riley-Scott,1
"And Flynn Smith Jackson,",1
Riley-Soto,1
Riley-Spencer,1
Riley-Thomas,1
Riley-Williams,1
"Rios Brown, Gutierrez And",1
"Rios Collins And Foster,",1
"And Flynn, Austin Underwood",1
"Rios Harris Simmons, And",1
"Rios Harris, And Graham",1
Rios Inc,1
"And Foley Davis, Roberts",1
"Rios Pineda Wallace, And",1
"And Foley, Jones Harris",1
"Rios Smith, Sanchez And",1
"Rios, Harrell And Ferguson",1
Rios-Barker,1
Rios-Boyd,1
Rios-Brown,1
Rios-Caldwell,1
Rios-Estrada,1
Rios-Fletcher,1
Rios-Gibbs,1
And Forbes Sons,1
Rios-Mitchell,1
Rios-Santiago,1
Ritter And Sons,1
"Ritter Casey, Valenzuela And",1
"Ritter Graham Larson, And",1
"Ritter Johnson And Stein,",1
Ritter Llc,1
"Ritter Perez, Lee And",1
"Ritter, And Thomas Johnson",1
Ritter-Alexander,1
Ritter-Bennett,1
Ritter-Blankenship,1
Ritter-Jensen,1
"Rivas Gallegos, And Sellers",1
Rivas Group,1
"Rivas Lopez, And Gonzales",1
Rivas Ltd,1
"Rivas Martin And Farmer,",1
"And Ford Cole Barker,",1
"Rivas, And Fletcher Conway",1
"Rivas, Martin And Moore",1
"Rivas, Mcconnell Hill And",1
"Rivas, Smith Caldwell And",1
Rivas-Davis,1
Rivas-Gray,1
"And Ford Horton, Gregory",1
Rivas-Serrano,1
"Rivera And Gill Camacho,",1
"Rivera And Hensley, Christensen",1
"Rivera And Hernandez Moreno,",1
"Rivera And Lindsey, Liu",1
"Rivera And Schultz Gross,",1
"Rivera And Smith Mccarthy,",1
Rivera And Sons,1
"Rivera And Woodward Mata,",1
"Rivera Blevins White, And",1
"Rivera Cain Tanner, And",1
"Rivera Choi, Brown And",1
"Rivera Davis, Garrett And",1
"And Ford Lee, Rodriguez",1
"Rivera Herman, And Davis",1
"Rivera Herrera, And Bennett",1
"And Ford Powers, Washington",1
Rivera Llc,1
"And Ford Price, Miller",1
"Rivera Martin, And Bryant",1
"Rivera Michael, And Cline",1
"Rivera Moore And Rodriguez,",1
"And Ford Ray Jackson,",1
"Rivera Salinas And Cook,",1
"And Ford, Juarez Campbell",1
"Rivera Stone, Bowen And",1
"Rivera Ware And Sanchez,",1
"Rivera Welch And Black,",1
"Rivera, And Cain Phillips",1
"Rivera, And Parker Willis",1
"Rivera, And Webb Davis",1
"Rivera, Larsen Rojas And",1
"Rivera, Martinez And Davis",1
Rivera-Allen,1
Rivera-Anderson,1
Rivera-Baker,1
Rivera-Barr,1
Rivera-Calhoun,1
Rivera-Carey,1
Rivera-Chen,1
Rivera-Cunningham,1
Rivera-Davis,1
Rivera-Diaz,1
Rivera-Dominguez,1
Rivera-Gibson,1
Rivera-Gordon,1
Rivera-Gutierrez,1
Rivera-Holder,1
Rivera-Holland,1
Rivera-Kemp,1
Rivera-Maxwell,1
Rivera-Mayer,1
Rivera-Mcintosh,1
Rivera-Mendoza,1
Rivera-Miller,1
Rivera-Mosley,1
Rivera-Newton,1
Rivera-Nichols,1
Rivera-Norton,1
Rivera-Peck,1
Rivera-Peters,1
Rivera-Pitts,1
Rivera-Ramirez,1
Rivera-Richards,1
Rivera-Roberts,1
Rivera-Robinson,1
Rivera-Ross,1
"And Ford, Porter Harris",1
Rivera-Sharp,1
Rivera-Shaw,1
Rivera-Simon,1
Rivera-West,1
Rivera-Whitaker,1
Rivera-Wilson,1
Rivera-Wolf,1
Rivers Llc,1
"Rivers Poole, Coleman And",1
"Rivers Reeves, And Newton",1
"Rivers, Lee And Mcdonald",1
"Rivers, Nelson Miller And",1
"Rivers, Walters Morgan And",1
Rivers-Stephens,1
"Roach And James Murray,",1
"Roach And Larsen Oneal,",1
"Roach And Lewis Graham,",1
"Roach And Smith Kelly,",1
"Roach Higgins And Jackson,",1
Roach Llc,1
"Roach Mcclain, And Smith",1
"Roach Silva, And Carpenter",1
Roach-Bartlett,1
Roach-Edwards,1
Roach-Flores,1
Roach-Hale,1
Roach-Hamilton,1
Roach-Hunter,1
Roach-Jensen,1
Roach-Moore,1
Roach-Reynolds,1
Roach-Richards,1
Roach-Wall,1
Roach-Zamora,1
"Robbins And Morales Fry,",1
"Robbins Bishop And Hodge,",1
"Robbins Gonzalez, Anderson And",1
Robbins Group,1
"Robbins Hoffman Lee, And",1
"Robbins Hogan Williams, And",1
"And Foster Johnson Thompson,",1
Robbins Llc,1
Robbins Ltd,1
"Robbins Morrow Cantu, And",1
"Robbins, And Chapman Edwards",1
"Robbins, And Harmon Orozco",1
"Robbins, Vaughn Carrillo And",1
Robbins-Andrews,1
Robbins-Castro,1
Robbins-Davis,1
Robbins-Henry,1
Robbins-Howell,1
Robbins-Koch,1
Robbins-Newman,1
Robbins-Serrano,1
Robbins-Shannon,1
Robbins-Smith,1
Robbins-Townsend,1
Robbins-Underwood,1
Robbins-Wiggins,1
Roberson Llc,1
Roberson Plc,1
"Roberson Woods, Knight And",1
"Roberson, Baker White And",1
Roberson-Beck,1
Roberson-Best,1
Roberson-Brooks,1
Roberson-Campbell,1
Roberson-Conley,1
Roberson-Gallegos,1
Roberson-Ibarra,1
Roberson-Jones,1
Roberson-Olson,1
"And Foster Jones Brown,",1
Roberson-Wong,1
"Roberts And Bauer Summers,",1
"Roberts And Brooks Madden,",1
"Roberts And Hamilton Doyle,",1
"Roberts And Orozco, Gardner",1
"Roberts And Orr, Garcia",1
"Roberts And Owens Scott,",1
"Roberts And Santiago Jackson,",1
"Roberts And Watts Mullins,",1
"Roberts Arroyo, Harvey And",1
"Roberts Baker, And Young",1
"Roberts Chambers And Patel,",1
"Roberts Cunningham, Mitchell And",1
"Roberts Duran, And Lee",1
"Roberts Edwards, Edwards And",1
"Roberts Fitzgerald And Graham,",1
"Roberts Glenn And Castro,",1
"Roberts Green Allen, And",1
"And Foster Spencer, Nelson",1
"Roberts Hale And Wilson,",1
"Roberts Hall, And Williamson",1
"Roberts Henderson, And Gregory",1
"Roberts Hogan, And Kim",1
"And Foster, Allen Valdez",1
"And Foster, Garcia Bullock",1
"And Foster, Hill Mann",1
"Roberts Moreno Gonzalez, And",1
"Roberts Ortiz Johnson, And",1
"Roberts Perry, And Rose",1
"And Foster, Leonard Jenkins",1
"Roberts Ramirez Mcgee, And",1
"Roberts Reese Lopez, And",1
"Roberts Roberts, And Lee",1
"Roberts Smith Davidson, And",1
"And Foster, Pruitt Phillips",1
"Roberts Thompson Martin, And",1
"Roberts, And George Garcia",1
"Roberts, And Velasquez Edwards",1
"Roberts, Clay Diaz And",1
"Roberts, Delgado Johnson And",1
"Roberts, Dodson And Mason",1
"Roberts, Foley And Cooper",1
"Roberts, Hill And Weaver",1
"Roberts, Lyons And Fields",1
"Roberts, Morales Butler And",1
"Roberts, Savage Lawrence And",1
Roberts-Boyd,1
Roberts-Brock,1
Roberts-Crawford,1
Roberts-Davis,1
"And Fowler, Lewis Park",1
Roberts-Dunn,1
Roberts-Fisher,1
Roberts-Fowler,1
Roberts-Garcia,1
Roberts-Gomez,1
"And Fox Cook, Reeves",1
Roberts-Graves,1
Roberts-Haney,1
Roberts-Harris,1
Roberts-Hawkins,1
Roberts-Hill,1
Roberts-Howard,1
Roberts-Howe,1
Roberts-Johnson,1
Roberts-King,1
Roberts-Lynch,1
Roberts-Macdonald,1
"And Fox Hill Mckinney,",1
Roberts-Martinez,1
Roberts-Mason,1
Roberts-Mathews,1
Roberts-Miller,1
Roberts-Mills,1
Roberts-Miranda,1
Roberts-Morrison,1
Roberts-Oneal,1
Roberts-Perkins,1
Roberts-Reynolds,1
Roberts-Rice,1
Roberts-Rogers,1
Roberts-Rollins,1
Roberts-Salazar,1
Roberts-Sanders,1
Roberts-Sexton,1
Roberts-Smith,1
Roberts-Stephenson,1
Roberts-Taylor,1
Roberts-Thompson,1
Roberts-Weber,1
Roberts-West,1
Roberts-White,1
Roberts-Whitehead,1
Roberts-Williams,1
"Robertson Alvarado, And Scott",1
"Robertson Beltran And Gibson,",1
"Robertson Cobb, Harris And",1
"Robertson Dean, Vega And",1
"And Fox Navarro Little,",1
"And Fox, Fletcher Padilla",1
"Robertson Mills, And Davis",1
"Robertson Olson Carlson, And",1
"And Fox, Olsen Stokes",1
"Robertson Soto, Martin And",1
"Robertson Wright, And Williams",1
"Robertson, And Bradley Wallace",1
"Robertson, And Phillips Hopkins",1
"Robertson, Andersen Stanley And",1
"Robertson, Anthony Smith And",1
"Robertson, Johnson And Joseph",1
Robertson-Baxter,1
Robertson-Bruce,1
Robertson-Burch,1
Robertson-Carter,1
Robertson-Cohen,1
Robertson-Dudley,1
Robertson-Freeman,1
Robertson-Glass,1
Robertson-Gomez,1
Robertson-Ho,1
Robertson-Johnson,1
"And Fox, Snow Baker",1
Robertson-Kaiser,1
Robertson-Kemp,1
Robertson-Knight,1
Robertson-Martin,1
Robertson-Martinez,1
Robertson-Massey,1
Robertson-Mendoza,1
Robertson-Miller,1
Robertson-Nicholson,1
Robertson-Olsen,1
Robertson-Richards,1
Robertson-Sparks,1
Robertson-Taylor,1
Robertson-Thornton,1
Robertson-Todd,1
Robertson-Walker,1
Robertson-Ward,1
Robertson-Warren,1
"Robinson Allen, Leon And",1
"Robinson And Cameron, Cook",1
"Robinson And Castaneda Lopez,",1
"Robinson And Church Curtis,",1
"Robinson And Hoover Rhodes,",1
"Robinson And Hunt Marquez,",1
"Robinson And Lopez, Giles",1
"Robinson And Martin Mathews,",1
"Robinson And Moore Rhodes,",1
"Robinson And Russell Ramirez,",1
Robinson And Sons,1
"Robinson Baker, And Fletcher",1
"Robinson Boyer, And Kelly",1
"Robinson Caldwell, And Price",1
"Robinson Duncan, Reyes And",1
"Robinson Glenn And Joseph,",1
"Robinson Graves And Miller,",1
"And Francis Bell Morton,",1
"Robinson Hodge And Gray,",1
"And Francis Weaver, Brown",1
"Robinson James, And Lam",1
"Robinson Lewis, And Warren",1
"And Francis Williams, Long",1
"Robinson Lopez, And Green",1
"And Franco Dunn, Bishop",1
"Robinson Macias Bennett, And",1
"Robinson Mahoney, Jenkins And",1
"Robinson Marshall Henry, And",1
"Robinson Morris, Pugh And",1
"Robinson Parker, And Berry",1
"Robinson Perez, Scott And",1
"And Franco Pugh Avila,",1
"Robinson Richards, Dodson And",1
Robinson Sons And,1
"Robinson Ward, And Fisher",1
"Robinson Zamora, Mendez And",1
"Robinson, And Butler Miller",1
"Robinson, And Gregory Tucker",1
"Robinson, And Johnson Walker",1
"Robinson, And Porter Lopez",1
"Robinson, And Roth Yu",1
"Robinson, Booker And Richardson",1
"Robinson, Daniels Perez And",1
"Robinson, Delgado And Rodriguez",1
"Robinson, Dominguez And Terry",1
"Robinson, Fleming Garcia And",1
"Robinson, Green Goodwin And",1
"Robinson, Hamilton And Lucas",1
"Robinson, Lewis And Carroll",1
"Robinson, Nichols Gomez And",1
"Robinson, Walker And Mendez",1
"Robinson, Weaver Taylor And",1
"And Franco Ramirez Bentley,",1
Robinson-Alvarado,1
Robinson-Baker,1
Robinson-Bell,1
Robinson-Butler,1
Robinson-Carlson,1
Robinson-Carrillo,1
Robinson-Chan,1
Robinson-Esparza,1
Robinson-Gray,1
"And Franco Warner Gibson,",1
Robinson-Hamilton,1
Robinson-Haney,1
Robinson-Harrell,1
Robinson-Hart,1
Robinson-Hawkins,1
Robinson-Hill,1
Robinson-Hodge,1
Robinson-Horton,1
Robinson-Johnson,1
Robinson-Kelly,1
Robinson-Lynch,1
Robinson-Marshall,1
Robinson-Mcbride,1
Robinson-Mccoy,1
Robinson-Mcgrath,1
Robinson-Mendez,1
Robinson-Meyer,1
Robinson-Murray,1
Robinson-Nelson,1
Robinson-Olson,1
Robinson-Patterson,1
Robinson-Patton,1
Robinson-Pena,1
Robinson-Peters,1
Robinson-Peterson,1
Robinson-Reyes,1
Robinson-Richardson,1
Robinson-Ritter,1
Robinson-Rodriguez,1
Robinson-Roth,1
Robinson-Sanford,1
Robinson-Schneider,1
Robinson-Schroeder,1
"And Franco Webb, Cole",1
"And Franco, Herrera Meza",1
Robinson-Stevens,1
Robinson-Taylor,1
Robinson-Thomas,1
Robinson-Thompson,1
Robinson-Vang,1
Robinson-Wallace,1
Robinson-Washington,1
Robinson-Watkins,1
Robinson-White,1
Robinson-Williams,1
Robinson-Wright,1
"And Frank Hoover Castillo,",1
"And Frank Howard Mcneil,",1
Robles Ltd,1
Robles Plc,1
"Robles, And Santiago Duffy",1
Robles-Davies,1
Robles-Fisher,1
Robles-Fry,1
Robles-Morales,1
Robles-Potter,1
Robles-Rangel,1
Robles-Reynolds,1
Rocha And Sons,1
Rocha Inc,1
"Rocha Jones And Obrien,",1
Rocha Llc,1
"Rocha Reed, Brown And",1
"Rocha Townsend, And Casey",1
"Rocha Walter And Vance,",1
"Rocha Wilson, Russell And",1
Rocha-Bonilla,1
Rocha-Campbell,1
Rocha-Carter,1
Rocha-Contreras,1
Rocha-Fox,1
Rocha-Hendricks,1
Rocha-Jackson,1
Rocha-Medina,1
Rocha-Oneal,1
Rocha-Perez,1
Rocha-Rice,1
Rocha-Underwood,1
Rocha-Wagner,1
Rocha-Williams,1
Rocha-Wood,1
"Rodgers And Johnson Shaw,",1
"Rodgers And Perkins, Anderson",1
Rodgers Inc,1
"Rodgers Keller, Gray And",1
"And Frank, Pierce Reeves",1
"And Frank, Williamson Kirby",1
"And Franklin Martin Allen,",1
"Rodgers Wood And Tyler,",1
"Rodgers, And Galvan Reed",1
"Rodgers, Jenkins And Mack",1
"Rodgers, Lynch And Thomas",1
"Rodgers, Solomon Jefferson And",1
"Rodgers, Valencia And Navarro",1
Rodgers-Castro,1
Rodgers-Davis,1
Rodgers-Evans,1
Rodgers-Harris,1
Rodgers-Hess,1
Rodgers-Lambert,1
Rodgers-Newton,1
Rodgers-Nunez,1
"Rodriguez And Anderson Carter,",1
"Rodriguez And Barton Lane,",1
"Rodriguez And Bass Gordon,",1
"Rodriguez And Becker Holmes,",1
"Rodriguez And Brown, Keith",1
"Rodriguez And Brown, Williams",1
"Rodriguez And Clark, Holland",1
"Rodriguez And Cox, Spencer",1
"Rodriguez And Davis Thornton,",1
"Rodriguez And Doyle, Bowen",1
"Rodriguez And Dunn Thomas,",1
"Rodriguez And Fernandez, Alvarado",1
"Rodriguez And Foster Richards,",1
"Rodriguez And Hendricks Ray,",1
"Rodriguez And Jackson Frazier,",1
"Rodriguez And Jones, Gibbs",1
"Rodriguez And Mcdonald Thomas,",1
"Rodriguez And Mullen, Cummings",1
"Rodriguez And Pitts Jordan,",1
"Rodriguez And Powers Williams,",1
"Rodriguez And Robinson, Church",1
"Rodriguez And Ruiz, Wolfe",1
"Rodriguez And Sanders, Luna",1
"And Franklin Moore Campbell,",1
"Rodriguez And Taylor Sanchez,",1
"Rodriguez Armstrong, Velez And",1
"Rodriguez Baker, And Chaney",1
"Rodriguez Barnes, And Ballard",1
"Rodriguez Boyd And Ward,",1
"Rodriguez Brennan Allen, And",1
"Rodriguez Bush, And Shaw",1
"Rodriguez Calderon Simmons, And",1
"Rodriguez Christensen Brown, And",1
"Rodriguez Cox And Benjamin,",1
"Rodriguez Crawford, And Evans",1
"Rodriguez Diaz Daugherty, And",1
"Rodriguez Douglas, And Carrillo",1
"Rodriguez Duarte Warren, And",1
"Rodriguez Farmer, And Neal",1
"Rodriguez Fox Hill, And",1
"Rodriguez Glover And Brown,",1
"Rodriguez Graves, And Pennington",1
"Rodriguez Green, And Chandler",1
"And Franklin Ramirez, Rodriguez",1
"Rodriguez Hale And Perez,",1
"Rodriguez Hanson And Vazquez,",1
"Rodriguez Harris, Willis And",1
"Rodriguez Hartman, Ross And",1
"Rodriguez Henderson, And White",1
"And Franklin Smith Hayes,",1
"Rodriguez Jacobs, And Bailey",1
"Rodriguez Johnson, And Brown",1
"Rodriguez Kerr Cobb, And",1
"Rodriguez Leonard And Webster,",1
"And Franklin, Nelson Leblanc",1
"Rodriguez Long, And Weber",1
"And Frazier Hill Smith,",1
"Rodriguez Mann, Griffin And",1
"Rodriguez Meadows, Kelley And",1
"Rodriguez Medina Anderson, And",1
"Rodriguez Moore Simmons, And",1
"Rodriguez Oconnor, Snyder And",1
"And Frazier Jimenez, Murray",1
"Rodriguez Rivera, Murphy And",1
"Rodriguez Roberson, And Harrison",1
"Rodriguez Rodriguez, And Kirby",1
"Rodriguez Saunders And Perez,",1
"Rodriguez Shaffer Price, And",1
"Rodriguez Sims And Wells,",1
"Rodriguez Small, Sexton And",1
"Rodriguez Smith And Nunez,",1
"Rodriguez Smith, King And",1
"And Frazier Sutton, Campbell",1
"Rodriguez Townsend, And Owen",1
"Rodriguez Travis, And Wright",1
"Rodriguez Walters Brown, And",1
"Rodriguez Wilcox, And Chase",1
"Rodriguez Williams And Delgado,",1
"Rodriguez Williams, Leonard And",1
"Rodriguez Wilson, Farmer And",1
"Rodriguez Yang And Cervantes,",1
"Rodriguez, And Cervantes David",1
"Rodriguez, And Dawson Jimenez",1
"Rodriguez, And Ellis Wilson",1
"Rodriguez, And Fischer Young",1
"Rodriguez, And Foster Ramos",1
"Rodriguez, And Golden Schroeder",1
"Rodriguez, And Hamilton Reed",1
"Rodriguez, And Hernandez Villegas",1
"Rodriguez, And Jones Giles",1
"Rodriguez, And Lewis Brown",1
"Rodriguez, And Reeves Byrd",1
"Rodriguez, And Stewart Ruiz",1
"Rodriguez, Brooks And Smith",1
"Rodriguez, Campbell And Moore",1
"Rodriguez, Carroll Parker And",1
"Rodriguez, Carter Carroll And",1
"Rodriguez, Chan And Lee",1
"Rodriguez, Christian And Smith",1
"Rodriguez, Crawford Warren And",1
"Rodriguez, Gentry And Tate",1
"Rodriguez, Hansen And Brennan",1
"Rodriguez, Harris And Horton",1
"Rodriguez, Henderson Garcia And",1
"Rodriguez, Herrera And Huynh",1
"Rodriguez, Holland And Acosta",1
"Rodriguez, Juarez Gonzalez And",1
"Rodriguez, Massey Day And",1
"Rodriguez, Reid Hawkins And",1
"Rodriguez, Roberts Jacobs And",1
"Rodriguez, Sellers Anderson And",1
"Rodriguez, Serrano And Johnson",1
"Rodriguez, Taylor Conway And",1
"Rodriguez, Williams Stewart And",1
Rodriguez-Adams,1
Rodriguez-Ali,1
Rodriguez-Allen,1
Rodriguez-Arnold,1
Rodriguez-Baker,1
Rodriguez-Beck,1
Rodriguez-Becker,1
Rodriguez-Bell,1
Rodriguez-Bond,1
Rodriguez-Brady,1
"And Frazier, Carson Savage",1
Rodriguez-Buckley,1
"And Frazier, Lang Johnson",1
Rodriguez-Burns,1
Rodriguez-Callahan,1
Rodriguez-Cameron,1
"And Frazier, Mccarty Palmer",1
Rodriguez-Carlson,1
Rodriguez-Carpenter,1
Rodriguez-Casey,1
Rodriguez-Chan,1
Rodriguez-Clay,1
Rodriguez-Collins,1
Rodriguez-Cortez,1
Rodriguez-Cruz,1
Rodriguez-Decker,1
Rodriguez-Dennis,1
Rodriguez-Dudley,1
Rodriguez-Edwards,1
Rodriguez-Elliott,1
Rodriguez-Franco,1
Rodriguez-Freeman,1
Rodriguez-Fuller,1
Rodriguez-Gallagher,1
Rodriguez-Gallegos,1
Rodriguez-Glover,1
"And Frederick Ellis, Mcgee",1
Rodriguez-Goodman,1
"And Frederick, Jones Garcia",1
Rodriguez-Gutierrez,1
Rodriguez-Hall,1
Rodriguez-Harris,1
Rodriguez-Hicks,1
Rodriguez-Howard,1
Rodriguez-Howell,1
Rodriguez-James,1
"And Freeman Farrell, Duncan",1
Rodriguez-Jones,1
Rodriguez-Jordan,1
Rodriguez-Kim,1
Rodriguez-King,1
Rodriguez-Lawrence,1
Rodriguez-Lee,1
Rodriguez-Levy,1
Rodriguez-Long,1
Rodriguez-Lucas,1
Rodriguez-Mann,1
"And Freeman Green, Wilson",1
"And Freeman Liu Gutierrez,",1
Rodriguez-Mckee,1
Rodriguez-Mckenzie,1
Rodriguez-Melendez,1
Rodriguez-Middleton,1
"And Freeman Mendez Owen,",1
Rodriguez-Montgomery,1
Rodriguez-Morgan,1
Rodriguez-Morris,1
Rodriguez-Murphy,1
Rodriguez-Navarro,1
Rodriguez-Nguyen,1
Rodriguez-Nichols,1
Rodriguez-Pacheco,1
Rodriguez-Parks,1
Rodriguez-Perez,1
Rodriguez-Peterson,1
Rodriguez-Pham,1
Rodriguez-Poole,1
Rodriguez-Quinn,1
Rodriguez-Reynolds,1
Rodriguez-Richards,1
Rodriguez-Rivera,1
Rodriguez-Roberts,1
Rodriguez-Rodriguez,1
Rodriguez-Romero,1
Rodriguez-Rose,1
Rodriguez-Ross,1
Rodriguez-Rush,1
Rodriguez-Salas,1
Rodriguez-Sanchez,1
Rodriguez-Schmidt,1
"And Freeman Rush Wallace,",1
Rodriguez-Snyder,1
Rodriguez-Spencer,1
Rodriguez-Thomas,1
Rodriguez-Thompson,1
Rodriguez-Thornton,1
Rodriguez-Vincent,1
Rodriguez-Walker,1
Rodriguez-Warner,1
Rodriguez-Washington,1
Rodriguez-White,1
Rodriguez-Wiggins,1
Rodriguez-Williams,1
Rodriguez-Williamson,1
"And Freeman Tucker, Franklin",1
Rodriguez-Wyatt,1
Rodriguez-Zimmerman,1
"Rogers And Campbell, Boyd",1
"Rogers And Clark, Barber",1
"Rogers And Cooper Rangel,",1
"Rogers And Meza Callahan,",1
"Rogers And Moore Graves,",1
"Rogers And Taylor Garza,",1
"Rogers Baker Shepherd, And",1
"Rogers Chan Robinson, And",1
"Rogers Chen Gordon, And",1
"Rogers Evans And Owen,",1
"Rogers Gray, And Wright",1
"Rogers Gregory, And Grant",1
"And Freeman Zimmerman, Salazar",1
"Rogers Howard, Rodriguez And",1
"And Freeman, Berry Castillo",1
"Rogers Johnson, And King",1
"Rogers Kelley, West And",1
"And Freeman, Browning Alvarez",1
Rogers Ltd,1
"Rogers Martin Prince, And",1
"Rogers Nelson And Griffin,",1
"And French Phillips, Hunt",1
"Rogers Scott, Gross And",1
"Rogers Smith Massey, And",1
"And Frey Walker, Richardson",1
"Rogers Tate Walter, And",1
"Rogers Torres, And Lewis",1
"Rogers Watts, Taylor And",1
"Rogers, And Carson Mccarthy",1
"Rogers, And Hensley Gonzalez",1
"Rogers, And Hess Ramos",1
"Rogers, And Sanford Henry",1
"Rogers, Burnett And Brown",1
"Rogers, Carrillo Jones And",1
"Rogers, Flores And Horton",1
"Rogers, French And Henry",1
"Rogers, Kennedy And Adams",1
"Rogers, White Guerra And",1
"Rogers, Wiley And Ortiz",1
Rogers-Arnold,1
Rogers-Brown,1
Rogers-Bryant,1
Rogers-Caldwell,1
Rogers-Carpenter,1
Rogers-Carter,1
Rogers-Chapman,1
Rogers-Clark,1
Rogers-Davidson,1
Rogers-Davis,1
Rogers-Day,1
Rogers-Dean,1
Rogers-Duran,1
Rogers-Garcia,1
Rogers-Gonzales,1
Rogers-Goodwin,1
Rogers-Grant,1
Rogers-Gutierrez,1
Rogers-Harris,1
Rogers-Hernandez,1
Rogers-Herrera,1
Rogers-Jenkins,1
Rogers-Jensen,1
"And Friedman Gray Ayers,",1
Rogers-Lynn,1
Rogers-Mclaughlin,1
Rogers-Meyers,1
Rogers-Montgomery,1
"And Friedman Smith Robbins,",1
Rogers-Morgan,1
Rogers-Mullins,1
Rogers-Munoz,1
Rogers-Nelson,1
Rogers-Nguyen,1
Rogers-Oconnell,1
Rogers-Parrish,1
Rogers-Perkins,1
Rogers-Peterson,1
Rogers-Petty,1
Rogers-Pittman,1
Rogers-Powell,1
Rogers-Pratt,1
Rogers-Richard,1
Rogers-Rivas,1
Rogers-Robles,1
Rogers-Rodriguez,1
Rogers-Rogers,1
Rogers-Ryan,1
Rogers-Sanders,1
Rogers-Simmons,1
And Friedman Sons,1
Rogers-Thompson,1
Rogers-Tucker,1
Rogers-Weber,1
Rogers-Wood,1
"Rojas And Rojas, Rowe",1
Rojas Group,1
"And Friedman, Contreras Hicks",1
Rojas Ltd,1
"Rojas Pitts, Pitts And",1
"Rojas Williams And Rodriguez,",1
"Rojas, Gutierrez Vazquez And",1
Rojas-Allen,1
Rojas-Gibson,1
Rojas-Hernandez,1
Rojas-Kelly,1
Rojas-Maxwell,1
Rojas-Park,1
Rojas-Robinson,1
Rojas-Rodriguez,1
Rojas-Simpson,1
Rojas-Taylor,1
Rojas-Thompson,1
"Rollins And Rowland, Barnes",1
Rollins Ltd,1
"Rollins, Newman Ingram And",1
"Rollins, Vaughn And Carter",1
Rollins-Aguilar,1
Rollins-Bonilla,1
Rollins-Garrett,1
Rollins-Griffin,1
Rollins-Larsen,1
Rollins-Mcguire,1
Rollins-Peterson,1
Roman And Sons,1
"Roman Fox And Bailey,",1
"Roman Grimes And Griffin,",1
Roman Group,1
Roman Plc,1
"Roman, And Arellano Foster",1
"Roman, And Lynn Miller",1
Roman-Brown,1
Roman-Fitzgerald,1
Roman-Guzman,1
Roman-Hooper,1
Roman-Joyce,1
Roman-Morgan,1
Roman-Noble,1
Roman-Sanchez,1
Roman-Silva,1
"Romero And Keith Kelley,",1
"Romero And Kelly, Silva",1
"Romero And Mejia, Grimes",1
"Romero And Pitts Meza,",1
"Romero And Richardson Meyer,",1
"Romero And Salazar, Holland",1
Romero And Sons,1
"Romero And Thomas Murphy,",1
"Romero And Vasquez Davidson,",1
"Romero Brown, Hogan And",1
"Romero Butler And Smith,",1
"Romero Calderon And Martin,",1
"Romero Calhoun, And Valencia",1
"Romero Dyer, Jackson And",1
"Romero Glover, Bennett And",1
"And Friedman, Nichols Lewis",1
Romero Inc,1
"Romero King, And Johnson",1
"And Fritz Jones Duffy,",1
Romero Ltd,1
"Romero Perez Warren, And",1
"And Fritz Vazquez, Parrish",1
"Romero Sanders, Scott And",1
Romero Sons And,1
"Romero, And Craig Golden",1
"Romero, And Green Mitchell",1
"Romero, Ho Farmer And",1
"Romero, Rivera Gray And",1
"Romero, Taylor Collins And",1
"Romero, Williams Gillespie And",1
Romero-Arias,1
Romero-Copeland,1
Romero-Dennis,1
Romero-Ferguson,1
Romero-Hammond,1
Romero-Harris,1
Romero-Hart,1
Romero-Hernandez,1
Romero-Johnson,1
Romero-King,1
Romero-Larson,1
Romero-Manning,1
Romero-Mcdonald,1
Romero-Meyer,1
Romero-Meza,1
Romero-Morris,1
Romero-Murphy,1
Romero-Pollard,1
Romero-Pope,1
Romero-Prince,1
Romero-Ramsey,1
Romero-Sanchez,1
Romero-Santos,1
Romero-Webb,1
"Rosales And Long, Patterson",1
"Rosales And Perez, Swanson",1
Rosales Group,1
"Rosales Smith And Rivera,",1
"Rosales, Freeman Foster And",1
"Rosales, Nguyen And Henry",1
"Rosales, Wiggins Moore And",1
"Rosales, Woodward Gutierrez And",1
Rosales-Andrews,1
Rosales-Gonzalez,1
Rosales-Haynes,1
Rosales-Henry,1
Rosales-Johnson,1
Rosales-Mccarthy,1
Rosales-Mccoy,1
Rosales-Morales,1
Rosales-Sweeney,1
Rosario And Sons,1
Rosario Group,1
"Rosario Larson, Allen And",1
"Rosario Martinez Cisneros, And",1
"Rosario Mitchell, Jones And",1
"Rosario Stewart Hurst, And",1
"Rosario Wells, Roberts And",1
Rosario-Anthony,1
Rosario-Garcia,1
Rosario-Gomez,1
Rosario-Hoffman,1
Rosario-Johnson,1
Rosario-Robinson,1
Rosario-Wilkins,1
Rosario-Williams,1
"Rose And Atkinson, Baker",1
"Rose And Fernandez Jones,",1
"Rose And Greene Martinez,",1
"Rose And Scott Holt,",1
"Rose Anderson, And Moore",1
"Rose Avila Hobbs, And",1
"Rose Bowers And Robinson,",1
"Rose Brown And Smith,",1
"Rose Butler, And Spencer",1
"Rose Clark Brown, And",1
"And Frye Jones Greene,",1
"And Fuentes Rogers Gill,",1
"And Fuller Anderson Harrell,",1
"And Fuller Miller, Hughes",1
"Rose Tran, And Fields",1
"Rose, And Mcdowell King",1
"Rose, And Pacheco Curry",1
"Rose, And Petty Dalton",1
"Rose, Bush Cruz And",1
"Rose, Mckinney Pittman And",1
Rose-Anderson,1
Rose-Brown,1
Rose-Bruce,1
Rose-Church,1
Rose-Day,1
Rose-Fowler,1
Rose-Gibson,1
Rose-Huffman,1
Rose-James,1
Rose-Jones,1
Rose-Mcclain,1
Rose-Reynolds,1
Rose-Salinas,1
Rose-Sanders,1
Rose-Scott,1
Rose-Thomas,1
Rose-Thornton,1
Rose-Turner,1
Rose-White,1
Rose-Wiley,1
Rose-Williams,1
"Ross And Middleton Buchanan,",1
"Ross And Mosley Miller,",1
"Ross Anderson And Hoffman,",1
"Ross Gibson And Rios,",1
"And Fuller Oneill, Buckley",1
"Ross Hart, And Mercer",1
"Ross Hernandez, And Carson",1
"Ross Ho, Patterson And",1
And Fuller Sons,1
"Ross Lee, Wilson And",1
"And Fuller Tucker Martinez,",1
"And Fuller, Morrow Turner",1
"Ross Morgan And Franklin,",1
"Ross Perez And Parks,",1
"And Gaines Arnold Williams,",1
"Ross Rollins, And Holt",1
"Ross, And Chambers Webb",1
"Ross, And Davies Perez",1
"Ross, And Garcia Harrington",1
"Ross, And Mueller Mclean",1
"Ross, And Ross Ballard",1
"Ross, Hamilton And Clark",1
"Ross, Kelly And Horne",1
"Ross, Wiggins And Walker",1
Ross-Anderson,1
Ross-Bailey,1
Ross-Cole,1
Ross-Coleman,1
Ross-Combs,1
Ross-Gonzalez,1
Ross-Henderson,1
Ross-Ho,1
Ross-Holder,1
Ross-Jackson,1
Ross-Jones,1
Ross-Lopez,1
Ross-Marshall,1
Ross-Martinez,1
Ross-Melton,1
Ross-Navarro,1
Ross-Nicholson,1
Ross-Rangel,1
Ross-Richards,1
Ross-Rose,1
Ross-Simon,1
Ross-Sullivan,1
Ross-Terrell,1
Ross-Walker,1
Roth Group,1
"Roth Harrison Vaughn, And",1
"Roth Hart And Mays,",1
"Roth Hoover, And Bryant",1
Roth Llc,1
"And Gallagher Olson Hogan,",1
"Roth Smith Lopez, And",1
Roth Sons And,1
"Roth Winters, And Ortega",1
"Roth, Davidson And Hammond",1
"Roth, Ochoa And Long",1
Roth-Baxter,1
Roth-Benton,1
Roth-Collins,1
Roth-Dawson,1
Roth-Dixon,1
Roth-Fuller,1
Roth-Jones,1
Roth-Leonard,1
Roth-Miller,1
Roth-Moore,1
Roth-Orr,1
Roth-Perry,1
Roth-Ramirez,1
Roth-Stephenson,1
Roth-Wilson,1
"Rowe And Cox Collins,",1
"Rowe Boone, And Ward",1
"Rowe Greene And Smith,",1
Rowe Inc,1
Rowe Plc,1
"Rowe Reyes, Rodriguez And",1
"Rowe Rodgers, Robinson And",1
"Rowe, Stone And Patterson",1
Rowe-Diaz,1
Rowe-Fisher,1
Rowe-Harrison,1
Rowe-Hayden,1
Rowe-Johnson,1
Rowe-Moyer,1
Rowe-Rivera,1
Rowe-Smith,1
Rowe-Sutton,1
Rowe-Taylor,1
"And Gallagher Ortiz Cruz,",1
Rowland Plc,1
Rowland Sons And,1
"Rowland, Brooks And Adams",1
"Rowland, Gutierrez And Delacruz",1
Rowland-Abbott,1
Rowland-Barry,1
"Roy And Gutierrez, Martinez",1
"Roy And Williams Gonzalez,",1
Roy Group,1
Roy Llc,1
Roy Plc,1
"Roy Reid Peters, And",1
"Roy Sherman And Green,",1
"Roy, And Nixon Cardenas",1
"Roy, And Valentine Maldonado",1
"Roy, Hernandez And Bennett",1
Roy-Carey,1
Roy-Goodwin,1
Roy-Johnson,1
Roy-Jones,1
Roy-Rocha,1
Roy-Rodriguez,1
Roy-Sandoval,1
Roy-Smith,1
Roy-Taylor,1
"Rubio Boyle And Bell,",1
"Rubio Gregory And Barrett,",1
"Rubio Hammond, And Martinez",1
Rubio Llc,1
"Rubio Rivas And Lee,",1
"Rubio, Crawford Harris And",1
"Rubio, Keller And Moore",1
Rubio-Brown,1
Rubio-Simon,1
Rubio-Wagner,1
Rubio-Watts,1
"Ruiz Allen, And Shepherd",1
"Ruiz And Pena, Rich",1
"Ruiz And Ramirez, Gonzalez",1
"Ruiz And Schaefer, Smith",1
Ruiz And Sons,1
"Ruiz And Wright Adams,",1
"Ruiz Bates And Hernandez,",1
"Ruiz Brooks, And Stanton",1
"Ruiz Burton And Sanford,",1
"Ruiz Chambers, Santos And",1
"Ruiz Daniel, White And",1
"And Gallagher, Smith Hunt",1
"And Gallegos Hall Rivera,",1
"And Gallegos Perez, Lane",1
Ruiz Ltd,1
"Ruiz Mann, Whitaker And",1
"Ruiz Mejia Tran, And",1
"Ruiz Perez, Mathis And",1
"And Gallegos Robertson Warner,",1
"Ruiz Richmond, Martinez And",1
"Ruiz Rojas, And Howard",1
"Ruiz Taylor And Harris,",1
"Ruiz Williams And Cohen,",1
"Ruiz, And Baldwin Phelps",1
"Ruiz, And King Lee",1
"Ruiz, And Vega Reyes",1
"Ruiz, Avery And Williams",1
"Ruiz, Baker Davis And",1
"Ruiz, Goodwin And Dominguez",1
"Ruiz, Jenkins And Krueger",1
"Ruiz, Kennedy And Spencer",1
"Ruiz, Scott Mitchell And",1
"Ruiz, Spencer Davidson And",1
"Ruiz, Stafford And Coleman",1
Ruiz-Alvarado,1
Ruiz-Anthony,1
Ruiz-Brown,1
Ruiz-Craig,1
"And Galloway Wilson Davis,",1
Ruiz-Doyle,1
Ruiz-Edwards,1
Ruiz-Fox,1
Ruiz-Gomez,1
Ruiz-Hunt,1
Ruiz-Johnson,1
Ruiz-Kelley,1
Ruiz-Kennedy,1
Ruiz-Marshall,1
Ruiz-Medina,1
Ruiz-Pratt,1
Ruiz-Rivera,1
Ruiz-Roman,1
"And Galloway, Hall Dominguez",1
Ruiz-Schroeder,1
Ruiz-Solis,1
Ruiz-White,1
Ruiz-Wilkinson,1
"And Galvan, Villa Decker",1
Ruiz-Wilson,1
"Rush And Ramirez, Contreras",1
Rush Inc,1
Rush Ltd,1
"Rush, Gardner And Stout",1
Rush-Carter,1
Rush-Lamb,1
Rush-Mills,1
Rush-Munoz,1
Rush-Rogers,1
Rush-Villarreal,1
"Russell And Collier Andrews,",1
"Russell And Duke Thomas,",1
"Russell And Fitzgerald, Berger",1
"Russell And Gordon King,",1
"Russell And Miller, Lyons",1
"Russell And Moss Moreno,",1
"Russell And Randolph, Lawrence",1
"Russell And Rodriguez, Boone",1
"Russell And Simmons Larson,",1
Russell And Sons,1
"Russell And Stewart Wang,",1
"Russell Austin And Hernandez,",1
"Russell Diaz And Terry,",1
"Russell Goodman, Thompson And",1
"And Gamble Salinas, Nash",1
"Russell Lee And Crawford,",1
"And Garcia Baker, Wagner",1
"And Garcia Booth, Padilla",1
"Russell Mora And Watson,",1
"And Garcia Browning, Gibson",1
"Russell Salinas Chambers, And",1
"Russell, And Barnett Williams",1
"Russell, And Garcia Potter",1
"Russell, Baxter Burns And",1
"Russell, Larson And Morris",1
"Russell, Obrien Smith And",1
"Russell, Phillips Spencer And",1
"Russell, Richardson And Smith",1
"Russell, Rogers And Lopez",1
Russell-Arias,1
Russell-Bond,1
Russell-Carey,1
Russell-Carlson,1
Russell-Carter,1
Russell-Chavez,1
Russell-Dyer,1
Russell-Fischer,1
Russell-Gardner,1
Russell-Hart,1
Russell-Hodges,1
Russell-James,1
Russell-Jones,1
Russell-Knight,1
Russell-Kramer,1
Russell-Martinez,1
Russell-Mcdonald,1
Russell-Mcfarland,1
"And Garcia Ferguson, Davis",1
Russell-Myers,1
Russell-Ortiz,1
Russell-Ponce,1
Russell-Powell,1
Russell-Reynolds,1
Russell-Richard,1
Russell-Salazar,1
Russell-Smith,1
Russell-Sutton,1
Russell-Terry,1
Russell-Torres,1
Russell-Tucker,1
Russell-Wallace,1
Russell-Werner,1
Russell-Wright,1
"Russo And Meyers Johnson,",1
"Russo Buckley, And Ferguson",1
"Russo Diaz, And Gonzalez",1
Russo Inc,1
Russo Llc,1
Russo Ltd,1
"Russo Mahoney Edwards, And",1
"Russo Robinson, Vega And",1
"Russo, Allen Maldonado And",1
"Russo, Gill And Suarez",1
"Russo, Thomas And Kerr",1
Russo-Davis,1
Russo-Hernandez,1
Russo-Mendez,1
Russo-Morgan,1
Russo-Patrick,1
Russo-Russell,1
Russo-Steele,1
Russo-Thompson,1
"Ryan And Andersen Jones,",1
"Ryan And Harris Smith,",1
"Ryan And Jackson, Hoffman",1
"Ryan And Jones, Sanchez",1
Ryan And Sons,1
"Ryan And Torres, Oneal",1
"Ryan And Woods Hicks,",1
"Ryan Garner Blackwell, And",1
"And Garcia Hooper, Brown",1
"Ryan Jones Wallace, And",1
"And Garcia Johnston Williams,",1
"And Garcia Knight Johnston,",1
"Ryan Moore Simmons, And",1
"Ryan Munoz And Washington,",1
Ryan Plc,1
"Ryan, And Bates Paul",1
"Ryan, And Reilly Baker",1
"Ryan, Brown Evans And",1
"Ryan, Richardson Lawrence And",1
"Ryan, Williams And Arnold",1
Ryan-Bailey,1
Ryan-Black,1
Ryan-Briggs,1
Ryan-Burns,1
Ryan-Crosby,1
Ryan-Garcia,1
Ryan-Jenkins,1
Ryan-Mcneil,1
"And Garcia Lewis, Cox",1
Ryan-Mitchell,1
Ryan-Moore,1
Ryan-Nguyen,1
Ryan-Smith,1
Ryan-Weaver,1
Ryan-Zhang,1
"Salas Arnold And Harding,",1
"Salas Curtis, And Davis",1
"Salas Daniel, And Alexander",1
Salas Inc,1
"And Garcia Morris Cunningham,",1
"Salas Williams Moore, And",1
"Salas, Stephens Woods And",1
Salas-Farmer,1
Salas-Fitzgerald,1
Salas-Harris,1
Salas-Hopkins,1
Salas-Roberson,1
"Salazar And Burke, Patel",1
"Salazar And Edwards, Singh",1
"Salazar And Robinson, Miller",1
"Salazar And Thompson Weber,",1
"Salazar And Wilson, Edwards",1
"Salazar Griffin Salinas, And",1
Salazar Group,1
"And Garcia Orr Thomas,",1
"And Garcia Stewart, Howard",1
"Salazar Newman White, And",1
"And Garcia Thomas, Smith",1
"Salazar Quinn Chang, And",1
"Salazar, And Hardin Wagner",1
"Salazar, And Pierce Austin",1
"Salazar, Ramos Bradley And",1
"Salazar, Weaver Rodriguez And",1
Salazar-Brown,1
Salazar-Ford,1
Salazar-Irwin,1
Salazar-Marshall,1
Salazar-Martinez,1
Salazar-Mitchell,1
Salazar-Morrison,1
Salazar-Perez,1
Salazar-Peters,1
Salazar-Reyes,1
Salazar-Richard,1
Salazar-Sanchez,1
Salazar-Vang,1
Salazar-White,1
Salazar-Wilson,1
Salazar-Young,1
"Salinas And Parker Nelson,",1
Salinas And Sons,1
"Salinas Gould Brown, And",1
"Salinas Harris And Miranda,",1
Salinas Inc,1
Salinas Llc,1
"Salinas Terrell Villanueva, And",1
Salinas-Elliott,1
Salinas-Hart,1
Salinas-Hendricks,1
Salinas-Jackson,1
Salinas-Lee,1
Salinas-Norman,1
Salinas-Pearson,1
Salinas-Shepard,1
Sampson And Sons,1
"Sampson And Weber Martinez,",1
Sampson Group,1
Sampson Inc,1
"Sampson Moses, Diaz And",1
"Sampson, Edwards And Herrera",1
"Sampson, Wilson And Brown",1
Sampson-Ellis,1
Sampson-Gonzalez,1
Sampson-Matthews,1
"Sanchez Alvarado Bradford, And",1
"Sanchez And Allen, Garcia",1
"Sanchez And Benson, Hernandez",1
"Sanchez And Clark, Walker",1
"Sanchez And Cole, Myers",1
"Sanchez And Ferrell Peterson,",1
"Sanchez And Nichols Burns,",1
"Sanchez And Patel, Hicks",1
Sanchez And Sons,1
"Sanchez And Thomas, Sanders",1
"Sanchez And Wise Mills,",1
"Sanchez Bates, And Romero",1
"Sanchez Blackburn Perkins, And",1
"Sanchez Brooks And Walker,",1
"Sanchez Castillo, Miranda And",1
"Sanchez Chung And Cohen,",1
"Sanchez Coleman Williams, And",1
"Sanchez Cruz And Rose,",1
"Sanchez Greer Bates, And",1
"Sanchez Greer Wong, And",1
"And Garcia Vaughn Hutchinson,",1
"Sanchez Hall And Welch,",1
"And Garcia Wade Richardson,",1
"Sanchez Johnson, Gilbert And",1
"Sanchez Kemp, Rivera And",1
"Sanchez Lee Mullen, And",1
"And Garcia Waters Simmons,",1
"Sanchez Long, Bradley And",1
"And Garcia Watts Garcia,",1
"Sanchez Malone, And Sanchez",1
"Sanchez Miller Tucker, And",1
"Sanchez Miller Wood, And",1
"Sanchez Santos, Garcia And",1
"And Garcia Williamson, Wallace",1
"Sanchez Soto George, And",1
"Sanchez Vang, Navarro And",1
"Sanchez, And Cline Hernandez",1
"Sanchez, And Lambert Fitzgerald",1
"Sanchez, And Page Watkins",1
"Sanchez, And Singh Murray",1
"Sanchez, Davis And Arnold",1
"Sanchez, Day Hughes And",1
"Sanchez, Galloway And Green",1
"Sanchez, Lee And Diaz",1
"Sanchez, Nelson And Riddle",1
"Sanchez, Willis And Sanchez",1
"Sanchez, Woods Hall And",1
Sanchez-Adams,1
Sanchez-Alexander,1
Sanchez-Arnold,1
Sanchez-Bailey,1
Sanchez-Blackwell,1
Sanchez-Bowman,1
"And Garcia Wright, Mason",1
Sanchez-Buck,1
Sanchez-Campos,1
Sanchez-Carrillo,1
Sanchez-Cole,1
Sanchez-Cook,1
Sanchez-Cox,1
"And Garcia, Blevins Caldwell",1
"And Garcia, Davis Peterson",1
Sanchez-Diaz,1
"And Garcia, Edwards Olson",1
Sanchez-Gillespie,1
Sanchez-Gordon,1
Sanchez-Green,1
Sanchez-Gross,1
Sanchez-Hahn,1
Sanchez-Harris,1
Sanchez-Hernandez,1
Sanchez-Hill,1
Sanchez-Jefferson,1
"And Garcia, Fitzpatrick Vazquez",1
Sanchez-Keller,1
Sanchez-Lamb,1
Sanchez-Lane,1
Sanchez-Lawson,1
Sanchez-Lewis,1
Sanchez-Li,1
Sanchez-Lloyd,1
Sanchez-Lopez,1
"And Garcia, Garrison Lewis",1
Sanchez-Mccoy,1
Sanchez-Mccullough,1
Sanchez-Mcintyre,1
"And Garcia, Gutierrez Stewart",1
Sanchez-Miller,1
Sanchez-Monroe,1
Sanchez-Mooney,1
Sanchez-Moore,1
Sanchez-Morris,1
Sanchez-Nelson,1
Sanchez-Newman,1
Sanchez-Ortiz,1
Sanchez-Owens,1
Sanchez-Palmer,1
"And Garcia, Herrera Wilson",1
Sanchez-Petersen,1
Sanchez-Porter,1
Sanchez-Reid,1
Sanchez-Rice,1
Sanchez-Roth,1
Sanchez-Sandoval,1
Sanchez-Schwartz,1
Sanchez-Scott,1
Sanchez-Skinner,1
Sanchez-Smith,1
Sanchez-Sosa,1
Sanchez-Spencer,1
Sanchez-Tanner,1
Sanchez-Thomas,1
"And Garcia, Martin Jackson",1
Sanchez-Wagner,1
Sanchez-Weaver,1
Sanchez-Weber,1
"And Garcia, Martinez Mason",1
Sanchez-Young,1
Sanchez-Zamora,1
"Sanders And Anderson, Browning",1
"Sanders And Kerr, Larsen",1
"Sanders And Powers, Wyatt",1
"Sanders And Smith, Coffey",1
Sanders And Sons,1
"Sanders Burton And Stewart,",1
"Sanders Floyd, And Bryant",1
"And Garcia, Mccall Fox",1
"And Garcia, Murphy Rosales",1
"Sanders Ingram, And Rogers",1
"And Garcia, Steele Christensen",1
"And Gardner Allen, Davila",1
"Sanders Martin, And Oliver",1
"Sanders Ortiz Higgins, And",1
"And Gardner Frye, Brown",1
"Sanders Reyes, Webb And",1
"Sanders Schultz, And Acosta",1
"Sanders Snow, Austin And",1
Sanders Sons And,1
"Sanders White, And Hutchinson",1
"Sanders Zimmerman And Frost,",1
"Sanders, And Allen Pennington",1
"Sanders, And Grant Carroll",1
"Sanders, And Paul Cruz",1
"Sanders, And Singleton Black",1
"Sanders, And Wallace Schmitt",1
"Sanders, Burton And Miller",1
"Sanders, King And Davis",1
"Sanders, Peterson Thomas And",1
Sanders-Bell,1
Sanders-Boyle,1
Sanders-Campbell,1
Sanders-Carter,1
Sanders-Cisneros,1
Sanders-Dickson,1
Sanders-Dixon,1
Sanders-Galloway,1
Sanders-Green,1
Sanders-Harvey,1
Sanders-Ho,1
Sanders-Kelly,1
Sanders-Koch,1
Sanders-Mayer,1
Sanders-Morrow,1
Sanders-Mueller,1
Sanders-Murray,1
Sanders-Navarro,1
Sanders-Ortiz,1
"And Gardner Hernandez Pena,",1
Sanders-Taylor,1
Sanders-Wade,1
Sanders-Watkins,1
Sanders-Wright,1
Sanders-Young,1
"Sandoval And Harris, Williams",1
"Sandoval And Phillips, Yoder",1
"Sandoval And Wallace Johnson,",1
"Sandoval Bell, Jones And",1
"Sandoval Cook And Gutierrez,",1
"Sandoval Graham Sanchez, And",1
"And Gardner Nelson Livingston,",1
Sandoval Llc,1
Sandoval Ltd,1
"Sandoval Mann And Anderson,",1
"Sandoval Peterson Rodriguez, And",1
"And Gardner Robinson, Hale",1
"Sandoval Roberts, Moore And",1
"Sandoval, And Green Downs",1
"Sandoval, And Payne Newton",1
"Sandoval, Andrade Hunt And",1
"Sandoval, Scott Carr And",1
Sandoval-Barnes,1
Sandoval-Bennett,1
Sandoval-Gonzalez,1
Sandoval-Gregory,1
Sandoval-Hayes,1
Sandoval-Khan,1
Sandoval-Mccarthy,1
Sandoval-Nelson,1
Sandoval-Perry,1
Sandoval-Peterson,1
Sandoval-Riley,1
Sandoval-Sutton,1
Sandoval-Watson,1
Sandoval-Zimmerman,1
"Sanford And Jones, Martinez",1
"Sanford And Mason, Powell",1
Sanford Group,1
Sanford Inc,1
"And Gardner Shaw, Alexander",1
"Sanford Nicholson White, And",1
"Sanford Zimmerman, And Coleman",1
Sanford-Harris,1
Sanford-Mason,1
Sanford-Nelson,1
Sanford-Stein,1
Santana And Sons,1
"Santana And Taylor, Ramirez",1
"Santana Brock Morris, And",1
"Santana Garcia, Alexander And",1
Santana Group,1
Santana Inc,1
Santana Ltd,1
"Santana Mathews Barker, And",1
"Santana Roberts, Campos And",1
Santana Sons And,1
Santana-Elliott,1
Santana-Thomas,1
"Santiago And Mendoza, Pena",1
"Santiago And Russo, Wood",1
Santiago And Sons,1
"Santiago Finley And Mendez,",1
"And Gardner Torres, Rosario",1
"Santiago Horton And Sosa,",1
Santiago Inc,1
"And Gardner, Brown Reyes",1
"Santiago Mcfarland, And Garcia",1
Santiago Plc,1
"Santiago Snyder Garcia, And",1
Santiago Sons And,1
"Santiago, And Keith Johnson",1
"Santiago, And Rose Calderon",1
"Santiago, Graham Jackson And",1
"Santiago, Hansen And Jones",1
"Santiago, Kerr And Holt",1
"Santiago, Walters And Bailey",1
Santiago-Boone,1
Santiago-Bush,1
Santiago-Estrada,1
Santiago-Fitzpatrick,1
Santiago-Martinez,1
Santiago-Neal,1
Santiago-Porter,1
Santiago-Sloan,1
Santiago-Ward,1
Santiago-White,1
"Santos And Blake Wood,",1
"Santos Clark And Graham,",1
Santos Group,1
Santos Inc,1
Santos Plc,1
"Santos Rivera Weber, And",1
Santos Sons And,1
"Santos Yu And Kirk,",1
"Santos, And Douglas Warner",1
"Santos, And King King",1
"Santos, And Stark Barrera",1
"Santos, Barnett Smith And",1
"Santos, Beltran Jones And",1
"Santos, Ortiz And Castaneda",1
Santos-Alexander,1
Santos-Bowman,1
Santos-Bullock,1
Santos-Campbell,1
Santos-Diaz,1
Santos-Fletcher,1
Santos-Greene,1
Santos-Haley,1
Santos-Harris,1
Santos-Kelley,1
Santos-Long,1
Santos-Mcdaniel,1
Santos-Mcfarland,1
Santos-Melton,1
Santos-Reed,1
Santos-Sparks,1
"Saunders And Arellano, Silva",1
"Saunders And Wilkinson Gregory,",1
"Saunders Curry, Jones And",1
"Saunders Garcia Francis, And",1
Saunders Group,1
Saunders Inc,1
Saunders Llc,1
And Garner Sons,1
"Saunders Perez, Proctor And",1
"Saunders, And Gutierrez Stafford",1
"Saunders, And Wallace Bartlett",1
"Saunders, Collins And Morgan",1
"Saunders, Hughes Alvarado And",1
"Saunders, Padilla Wells And",1
Saunders-Downs,1
Saunders-Patrick,1
Saunders-Perez,1
Saunders-Small,1
Saunders-Smith,1
Saunders-Thomas,1
"Savage And Brandt, Rios",1
"Savage Burke, Coleman And",1
"Savage Gross And Adkins,",1
"And Garner Thomas, Garcia",1
"And Garner Ware Green,",1
"Savage Santiago And Williams,",1
"Savage Thomas, And Warren",1
"Savage, And Haas Carter",1
"Savage, And Schwartz Lane",1
Savage-Contreras,1
Savage-Hall,1
Savage-Kerr,1
Savage-Martinez,1
Savage-Terrell,1
"Sawyer And Atkinson, West",1
"Sawyer And Cabrera Krueger,",1
"Sawyer And Velez Christensen,",1
"And Garner, Thomas Hartman",1
Sawyer Ltd,1
"Sawyer Rodriguez, Carter And",1
"Sawyer, And Smith Flores",1
Sawyer-Berry,1
Sawyer-Hess,1
Sawyer-Lin,1
Sawyer-Mahoney,1
Sawyer-Marshall,1
Sawyer-Medina,1
Sawyer-Palmer,1
Sawyer-Smith,1
Schaefer And Sons,1
"Schaefer And Watkins, Leach",1
Schaefer Inc,1
Schaefer Ltd,1
Schaefer Sons And,1
"Schaefer, And Butler Barker",1
"Schaefer, Lopez Gallegos And",1
Schaefer-Hoffman,1
Schaefer-Pitts,1
Schaefer-Porter,1
Schaefer-Reyes,1
Schaefer-Robinson,1
Schaefer-Salazar,1
Schaefer-Sanchez,1
Schaefer-Smith,1
Schaefer-Zimmerman,1
"Schmidt And Allen York,",1
"Schmidt And Brown Hall,",1
"Schmidt And Chandler Sanders,",1
"Schmidt And Day, Rodriguez",1
"Schmidt And Dillon Austin,",1
"Schmidt And Mason Taylor,",1
Schmidt And Sons,1
Schmidt Group,1
"Schmidt Guerra, Anderson And",1
"Schmidt Hendrix, Alvarez And",1
"And Garrett Montgomery, Smith",1
"And Garrett Morris Fisher,",1
"Schmidt Long, And Romero",1
"And Garrett Richardson Davis,",1
"And Garrett Walsh, Gonzalez",1
Schmidt Sons And,1
"Schmidt Wright And Dawson,",1
"Schmidt, And Garcia Watkins",1
"Schmidt, And Mitchell Robinson",1
"Schmidt, And Robinson Steele",1
"Schmidt, Lewis Miller And",1
"Schmidt, Lynch Martin And",1
"Schmidt, Miller And Dawson",1
"Schmidt, Miranda Perez And",1
"Schmidt, Ramsey Day And",1
"Schmidt, Rodriguez And Fischer",1
Schmidt-Allen,1
Schmidt-Arias,1
Schmidt-Bautista,1
Schmidt-Bentley,1
Schmidt-Chapman,1
Schmidt-Douglas,1
Schmidt-Edwards,1
"And Garrett Warren Guzman,",1
Schmidt-Hall,1
Schmidt-Hammond,1
Schmidt-Hood,1
Schmidt-Johnson,1
Schmidt-Khan,1
Schmidt-Marshall,1
Schmidt-Rogers,1
Schmidt-Simmons,1
Schmidt-Singh,1
Schmidt-Smith,1
"And Garrett, Haynes Beard",1
Schmidt-Warren,1
Schmidt-Washington,1
Schmidt-Wheeler,1
Schmidt-Wilson,1
"Schmitt And Montgomery, Barber",1
Schmitt Group,1
Schmitt Inc,1
"And Garrett, Matthews Richardson",1
"And Garrison Hahn, Meadows",1
Schmitt Plc,1
"Schmitt Ramos, And Reyes",1
"Schmitt Schaefer And Ibarra,",1
"Schmitt, And Hoffman Perez",1
"Schmitt, Brown And Blackburn",1
"Schmitt, Simpson And Gonzalez",1
Schmitt-Barnes,1
Schmitt-Farmer,1
Schmitt-Hawkins,1
Schmitt-Jones,1
Schmitt-King,1
Schmitt-Thompson,1
Schmitt-Watts,1
"Schneider And Allen, Wood",1
"Schneider And Hood, Ball",1
"Schneider And Hopkins Oconnor,",1
"And Garrison Weeks Gray,",1
"Schneider Burton, Conrad And",1
"Schneider Craig And Blake,",1
"And Garza Martin Holloway,",1
Schneider Inc,1
"And Garza Robbins Craig,",1
"Schneider Lopez, Henry And",1
Schneider Ltd,1
"And Gates Evans, Larson",1
"Schneider Smith Nolan, And",1
"Schneider, Brown Martinez And",1
"Schneider, Carter And Williams",1
"Schneider, Olson Rodriguez And",1
Schneider-Anderson,1
Schneider-Bell,1
Schneider-Flores,1
Schneider-Green,1
Schneider-Hanson,1
Schneider-Hernandez,1
Schneider-Medina,1
Schneider-Patton,1
Schneider-Schwartz,1
Schneider-Snow,1
Schneider-Sutton,1
Schneider-West,1
"Schroeder Barker, And Anthony",1
"Schroeder Carrillo Cruz, And",1
Schroeder Group,1
"Schroeder Hamilton And Floyd,",1
"And Gates Patel Peck,",1
And Gates Sons,1
"Schroeder, And Anthony Lee",1
"Schroeder, Day Swanson And",1
"Schroeder, Vasquez Chapman And",1
Schroeder-Davis,1
Schroeder-Harvey,1
Schroeder-Hicks,1
Schroeder-Molina,1
Schroeder-Potter,1
Schroeder-Simmons,1
Schroeder-Vega,1
Schroeder-Walker,1
Schroeder-Washington,1
Schroeder-Williams,1
Schroeder-Wolf,1
"Schultz And Marsh Young,",1
"Schultz Anderson, Houston And",1
"And Gates Stanley, Brennan",1
"Schultz Gutierrez, Nunez And",1
"Schultz Hebert Galloway, And",1
"And Gay Jones Hurley,",1
Schultz Llc,1
"And Gentry Martinez, Morris",1
"Schultz Santiago Walter, And",1
Schultz Sons And,1
"Schultz Trevino, Harrell And",1
"Schultz, And Elliott Williams",1
"Schultz, Clark And Lowe",1
"Schultz, Henry And Nguyen",1
"Schultz, Wilson And Miller",1
"And Gentry Rich, King",1
Schultz-Berry,1
Schultz-Cooper,1
Schultz-Crawford,1
Schultz-Fields,1
Schultz-Holmes,1
Schultz-Horn,1
Schultz-Hubbard,1
Schultz-Johnston,1
Schultz-Lara,1
Schultz-Larsen,1
Schultz-Lucas,1
Schultz-Mccullough,1
Schultz-Murray,1
Schultz-Rubio,1
Schultz-Ruiz,1
Schultz-Sloan,1
Schultz-Smith,1
Schultz-Taylor,1
Schultz-West,1
"Schwartz And Hall Bennett,",1
"Schwartz Crawford Garcia, And",1
"And Gentry, Harris Pope",1
"And George Davidson Bell,",1
"Schwartz Poole Mills, And",1
"Schwartz Sweeney, Phillips And",1
"Schwartz Wright And Jacobs,",1
"Schwartz, And Hansen Kim",1
"Schwartz, Gray And Bryant",1
"Schwartz, Robinson And Rodriguez",1
"Schwartz, Wood Wilson And",1
Schwartz-Bishop,1
Schwartz-Blankenship,1
Schwartz-Herring,1
Schwartz-Hopkins,1
Schwartz-Hunter,1
Schwartz-Jones,1
Schwartz-Mccarty,1
Schwartz-Miller,1
Schwartz-Pratt,1
Schwartz-Roberson,1
Schwartz-Wall,1
"Scott And Bell, Parker",1
"Scott And Davis, Gibbs",1
"Scott And Jones, Adams",1
"Scott And Lee, Morris",1
"Scott And Lee, Ward",1
"Scott And Mccormick Martin,",1
"Scott And Moore, Ashley",1
"Scott And Morris Owen,",1
"Scott And Myers, Anthony",1
"Scott And Phillips Taylor,",1
"Scott And Pugh Griffith,",1
"Scott And Reyes Garcia,",1
"Scott And Rivera, Brock",1
"Scott And Robles Edwards,",1
"Scott And Rowland, Ramirez",1
"And Gibbs Drake, Kelley",1
"Scott Avery, And Campbell",1
"Scott Barry And Jenkins,",1
"Scott Campos, And Harris",1
"Scott Carroll Campbell, And",1
"Scott Chavez Cortez, And",1
"Scott Davidson, And Shaw",1
"Scott Dean, West And",1
"Scott Edwards, Rose And",1
"Scott Garner, Chambers And",1
"Scott George Brown, And",1
"And Gibbs Jones Garcia,",1
"Scott Hayes, And Henry",1
"Scott Hernandez And Smith,",1
"Scott Hill, And Price",1
"And Gibbs, Reese Hamilton",1
"Scott Jackson Montgomery, And",1
"Scott Kim And Lee,",1
"Scott Knight, Potter And",1
"Scott Landry Wright, And",1
"Scott Lang Riley, And",1
"Scott Larson, Deleon And",1
"And Gibbs, Rivera Greene",1
"And Gibson Bishop Greer,",1
"Scott Martinez, And Ochoa",1
"Scott Mcintyre, And Scott",1
"Scott Medina Moss, And",1
"Scott Meyers, Watson And",1
"Scott Miles And Ramirez,",1
"Scott Mitchell And Singh,",1
"Scott Molina, And Roman",1
"Scott Morgan May, And",1
"Scott Neal Dodson, And",1
"And Gibson Grant Lee,",1
"Scott Robinson Wilcox, And",1
"Scott Sanchez, Lee And",1
"Scott Smith Ross, And",1
Scott Sons And,1
"Scott Vasquez Ray, And",1
"Scott, And Fritz Jones",1
"Scott, And Jones Baker",1
"Scott, And Mcmahon Ball",1
"Scott, And Moore Kim",1
"Scott, And Peters Burns",1
"Scott, And Sullivan Nelson",1
"Scott, Castillo And Martinez",1
"Scott, Clayton Clarke And",1
"Scott, Crawford And Barron",1
"Scott, Davis And Andrews",1
"Scott, Delgado Green And",1
"Scott, Gould Jackson And",1
"Scott, Harris Flores And",1
"Scott, Mitchell Wood And",1
"Scott, Moore And Brewer",1
"Scott, Perkins And Henry",1
"Scott, Rivera And Bell",1
"Scott, Sanchez And Spencer",1
"Scott, Smith And Koch",1
"Scott, Valenzuela Brown And",1
Scott-Adams,1
Scott-Allen,1
Scott-Andrews,1
Scott-Baker,1
Scott-Black,1
Scott-Briggs,1
Scott-Brooks,1
Scott-Burch,1
Scott-Burns,1
Scott-Cabrera,1
Scott-Cameron,1
Scott-Chaney,1
Scott-Clark,1
Scott-Collins,1
Scott-Davidson,1
Scott-Davies,1
Scott-Frost,1
"And Gibson Jones Gomez,",1
Scott-Goodman,1
Scott-Griffin,1
Scott-Hall,1
Scott-Harrell,1
Scott-Hernandez,1
Scott-Hill,1
Scott-Jackson,1
Scott-Jensen,1
"And Gibson Levine Thompson,",1
Scott-Kelly,1
"And Gibson Norris Ortiz,",1
Scott-Luna,1
Scott-Macias,1
Scott-Mathews,1
Scott-Mcmillan,1
Scott-Moore,1
Scott-Morris,1
Scott-Murray,1
Scott-Price,1
Scott-Randall,1
Scott-Rodriguez,1
Scott-Rowland,1
And Gibson Sons,1
Scott-Sanchez,1
Scott-Schmidt,1
"And Gibson Wright Mueller,",1
Scott-Sexton,1
Scott-Simpson,1
Scott-Smith,1
Scott-Snyder,1
Scott-Stewart,1
Scott-Thompson,1
"And Gibson, Hoffman Hall",1
Scott-Weaver,1
Scott-Williams,1
Scott-Wilson,1
"Sellers And Evans Marshall,",1
"Sellers And Lawson Hunter,",1
"Sellers And Nelson, Anderson",1
Sellers And Sons,1
"Sellers Colon And Ortiz,",1
"Sellers Horn Dawson, And",1
Sellers Llc,1
Sellers Plc,1
"Sellers Woods Burgess, And",1
Sellers-Hayes,1
Sellers-Shepard,1
Sellers-Welch,1
"Serrano And Edwards Fuentes,",1
"Serrano And Jackson, Dunn",1
"Serrano And Morgan Adams,",1
"Serrano And Russell Parker,",1
"And Gilbert Foster Gray,",1
"Serrano And Sweeney Anderson,",1
"Serrano Cole And Ross,",1
Serrano Group,1
Serrano Inc,1
"And Gilbert Walker Russell,",1
Serrano Sons And,1
Serrano-Andrews,1
Serrano-Casey,1
Serrano-Dixon,1
Serrano-Gill,1
Serrano-Griffin,1
Serrano-Henderson,1
Serrano-Lopez,1
Serrano-Madden,1
Serrano-Munoz,1
Serrano-Ramirez,1
Serrano-Robertson,1
Serrano-Wells,1
Serrano-Williams,1
"Sexton And Clarke, Walker",1
Sexton Group,1
Sexton Inc,1
"Sexton Jones Reyes, And",1
"Sexton, And Davis Mcdaniel",1
Sexton-Chang,1
Sexton-Harding,1
Sexton-King,1
Sexton-Taylor,1
Sexton-Wilson,1
"Shaffer Brown, Kelley And",1
"Shaffer Chandler, And Maldonado",1
Shaffer Group,1
Shaffer Inc,1
Shaffer Llc,1
Shaffer Ltd,1
"Shaffer Marks, Richardson And",1
"Shaffer Moreno And Hurley,",1
"Shaffer Ortiz, And Kaufman",1
Shaffer Plc,1
"Shaffer, And Allison Castillo",1
Shaffer-Harris,1
Shaffer-Johnson,1
Shaffer-Nelson,1
Shaffer-Rodriguez,1
Shaffer-Silva,1
Shaffer-Smith,1
"Shah And Craig, Huynh",1
"Shah And Hess Hoffman,",1
Shah Group,1
"And Gilbert, Lozano Simpson",1
Shah Ltd,1
Shah-Fields,1
Shah-Johnson,1
Shah-Scott,1
Shah-Walker,1
Shah-Woodard,1
"Shannon Blake Johnson, And",1
Shannon Group,1
Shannon Llc,1
"Shannon, Cook White And",1
"Shannon, Fox Hughes And",1
"Shannon, Kelly And Delgado",1
Shannon-Bowman,1
Shannon-Davis,1
Shannon-Green,1
Shannon-Hernandez,1
Shannon-Myers,1
Shannon-Pace,1
Shannon-Walter,1
"Sharp And Jones Allen,",1
"Sharp Callahan And Ford,",1
"Sharp Hunter, Compton And",1
Sharp Inc,1
"And Giles Griffith Leonard,",1
"Sharp Lopez Brown, And",1
Sharp Ltd,1
"Sharp Mcintosh, Rivera And",1
"Sharp Smith, And Cox",1
"Sharp Weeks And Allen,",1
"Sharp Wright And Williams,",1
"Sharp, And Murray Weaver",1
"Sharp, Klein Johnson And",1
"Sharp, Martinez Smith And",1
"Sharp, Nelson Lawson And",1
"Sharp, Padilla Reed And",1
"Sharp, Perez And Schneider",1
"Sharp, Smith Evans And",1
Sharp-Ayers,1
Sharp-Dominguez,1
Sharp-Flores,1
Sharp-Greer,1
Sharp-Lee,1
Sharp-Michael,1
Sharp-Mullins,1
Sharp-Neal,1
Sharp-Whitehead,1
Sharp-Willis,1
Sharp-Young,1
"Shaw Allen And Gray,",1
"Shaw And Mcmillan Freeman,",1
"Shaw And Taylor, Morales",1
"Shaw Delgado And Sanchez,",1
"Shaw Fisher And Richard,",1
And Giles Sons,1
"Shaw Harding, Vang And",1
"And Giles, Lee Edwards",1
"And Giles, Wyatt Weaver",1
"And Gill French Cox,",1
"Shaw Moreno Jenkins, And",1
"And Gill, King Osborn",1
"Shaw Roberts, Smith And",1
"Shaw Smith, Hayden And",1
"Shaw Solomon And Duncan,",1
"And Gill, Ramos Anderson",1
"Shaw Tapia And Barnes,",1
"Shaw Taylor, And Khan",1
"Shaw Ware, Reynolds And",1
"Shaw Watson, Coleman And",1
"Shaw Weiss Phillips, And",1
"Shaw Williams Shields, And",1
"Shaw, And Archer Martinez",1
"Shaw, And Diaz Jones",1
"Shaw, And Gordon Villa",1
"Shaw, And Moses James",1
"Shaw, Dawson And Nicholson",1
"Shaw, Mitchell And Campbell",1
"Shaw, Solomon And Aguirre",1
Shaw-Adams,1
Shaw-Anderson,1
Shaw-Andrews,1
Shaw-Bass,1
Shaw-Blair,1
Shaw-Henderson,1
Shaw-Moore,1
"And Gill, Wilkerson Davis",1
Shaw-Owen,1
Shaw-Salazar,1
Shaw-Snyder,1
Shaw-Stewart,1
Shaw-Sullivan,1
Shaw-Young,1
Shea-Bryant,1
Shea-Davis,1
Shea-Fowler,1
Shea-Payne,1
Shea-Porter,1
Shea-Rodriguez,1
Shea-Schroeder,1
Shea-Velazquez,1
"Shelton And Cannon, Hernandez",1
Shelton And Sons,1
"Shelton Black Ritter, And",1
"And Gillespie Garcia Harper,",1
"Shelton Johnson, And Green",1
"Shelton Lewis Kennedy, And",1
Shelton Llc,1
"And Gillespie Jennings, Hernandez",1
"Shelton Nelson And Adams,",1
Shelton Plc,1
"Shelton Scott, Castaneda And",1
"Shelton, And Morris Green",1
Shelton-Bowman,1
Shelton-Clark,1
Shelton-Coleman,1
Shelton-Davis,1
Shelton-Dudley,1
Shelton-Fox,1
Shelton-Gallagher,1
Shelton-Johnson,1
Shelton-Martin,1
Shelton-Richardson,1
Shelton-Rodriguez,1
Shelton-Sims,1
Shelton-Yang,1
"Shepard And Jones, Jones",1
"Shepard And Walker, Guerra",1
Shepard Inc,1
Shepard Ltd,1
Shepard Plc,1
"Shepard Wallace And Drake,",1
Shepard-Bell,1
Shepard-Bender,1
Shepard-Gillespie,1
Shepard-Klein,1
Shepard-Lopez,1
Shepard-Mendez,1
Shepard-Young,1
"Shepherd And Arnold Gonzalez,",1
"Shepherd And Ho, Delgado",1
Shepherd And Sons,1
"Shepherd Andrews Turner, And",1
"Shepherd Benjamin, And Kennedy",1
"Shepherd Campbell, Martinez And",1
Shepherd Inc,1
Shepherd Ltd,1
"Shepherd, Brown Frank And",1
"Shepherd, Greene And Molina",1
Shepherd-Cervantes,1
Shepherd-Dennis,1
Shepherd-Franklin,1
Shepherd-Gonzalez,1
Shepherd-Hall,1
Shepherd-Mitchell,1
Shepherd-Vega,1
"Sheppard Acevedo, Torres And",1
"Sheppard And Maddox, Mccullough",1
Sheppard And Sons,1
"Sheppard Farmer And Schultz,",1
Sheppard Inc,1
"And Gillespie Proctor Gay,",1
"Sheppard Randolph Doyle, And",1
"Sheppard Roberts, Dougherty And",1
"Sheppard, Johnston And Richardson",1
"Sheppard, Lopez And Williams",1
Sheppard-Garcia,1
Sheppard-Hall,1
Sheppard-James,1
Sheppard-Johnson,1
Sheppard-Livingston,1
Sheppard-Myers,1
Sheppard-Patrick,1
Sheppard-Ramirez,1
Sheppard-Rivera,1
Sheppard-Washington,1
"Sherman And Gross, Rodriguez",1
"Sherman And Hardy, Johns",1
Sherman And Sons,1
Sherman Group,1
"And Gillespie Rojas Knight,",1
Sherman Llc,1
Sherman Ltd,1
"Sherman Martin And Maldonado,",1
"Sherman Scott Arellano, And",1
"Sherman, And Heath Ray",1
"Sherman, Nelson And Woods",1
"Sherman, Warner And Fox",1
Sherman-Anderson,1
Sherman-Bates,1
Sherman-Burns,1
Sherman-Ellis,1
Sherman-Garrett,1
Sherman-Hernandez,1
Sherman-Martinez,1
Sherman-Mayer,1
Sherman-Moore,1
Sherman-Myers,1
Sherman-Serrano,1
Sherman-Sullivan,1
"Shields And Chandler Parker,",1
"Shields And Garcia Taylor,",1
"Shields And Hartman Hicks,",1
"Shields And Riggs Garcia,",1
Shields Group,1
"Shields Harris And Poole,",1
"And Glass Pacheco Horn,",1
"Shields, Flores Peterson And",1
Shields-Delgado,1
Shields-Hernandez,1
Shields-Jones,1
Shields-Lee,1
Shields-Peterson,1
"Short And Calderon Brown,",1
Short And Sons,1
"Short Guzman Hernandez, And",1
"And Glenn Walker Lucas,",1
Short Ltd,1
"Short Ramirez Roth, And",1
"Short, Martinez Sanchez And",1
"Short, Pierce Greene And",1
Short-Brown,1
Short-Carter,1
Short-Castro,1
Short-Daniel,1
Short-Davis,1
Short-Gallagher,1
Short-Harrison,1
Short-Hayes,1
Short-Hill,1
Short-Khan,1
Short-Morris,1
Short-Sanders,1
Short-Scott,1
Short-West,1
Short-Williams,1
"Silva And Lewis, Harmon",1
"Silva Bradford, And Liu",1
"Silva Cabrera, Rodgers And",1
"Silva Gilmore, And Terrell",1
"Silva Grant Wagner, And",1
"Silva Greer, Mitchell And",1
"And Glenn Williams Shannon,",1
Silva Inc,1
"Silva Jenkins, And Rosales",1
"And Glenn, Jones Ramos",1
"And Glover Brown Perkins,",1
"Silva Nguyen, And Hayes",1
Silva Plc,1
"Silva Schroeder, Finley And",1
"Silva Smith, Miller And",1
Silva Sons And,1
"Silva Weber And Swanson,",1
"Silva Williams And Hull,",1
"Silva, And Davis Garrett",1
"Silva, And Davis Pierce",1
"Silva, Gibson Horne And",1
Silva-Andrade,1
Silva-Cline,1
Silva-Davis,1
Silva-Hanson,1
Silva-Huffman,1
Silva-Johnson,1
Silva-Miranda,1
Silva-Mueller,1
Silva-Murray,1
Silva-Nelson,1
Silva-Obrien,1
Silva-Patel,1
Silva-Rodriguez,1
Silva-Sanchez,1
Silva-Scott,1
Silva-Taylor,1
Silva-Walsh,1
Silva-Wilkinson,1
Silva-Williams,1
"Simmons And Beasley, Brennan",1
"Simmons And Quinn Donovan,",1
Simmons And Sons,1
"Simmons And Vargas Jones,",1
"Simmons And Webster, Mathis",1
"Simmons Baker, Carter And",1
"Simmons Burke, Saunders And",1
"Simmons Cox, Wade And",1
"Simmons Estrada And Smith,",1
"Simmons Gallagher, Williamson And",1
"And Glover Christensen, Jackson",1
"Simmons Henderson Smith, And",1
"And Golden Johnson, Burns",1
"Simmons Jacobs And Robinson,",1
"Simmons Kelly, And Mcneil",1
"And Golden Peters, Stone",1
And Golden Sons,1
"Simmons Mathews, Martinez And",1
"Simmons Mendez Wood, And",1
"And Gomez Douglas, Sanchez",1
"Simmons Richards, And Hopkins",1
"Simmons Thompson, And Smith",1
"Simmons Walls And Lopez,",1
"Simmons, And Gilbert Carpenter",1
"Simmons, And Jackson Pugh",1
"Simmons, And Mason Shepherd",1
"Simmons, Hernandez And Gonzalez",1
"Simmons, Little Miller And",1
"Simmons, Murray And Raymond",1
"Simmons, Pearson Chang And",1
"Simmons, Sanders And Griffin",1
Simmons-Bailey,1
Simmons-Calhoun,1
Simmons-Diaz,1
Simmons-Dixon,1
Simmons-Edwards,1
Simmons-Fisher,1
Simmons-Gardner,1
Simmons-Gomez,1
Simmons-Horton,1
Simmons-Jordan,1
Simmons-Lloyd,1
Simmons-Middleton,1
Simmons-Olson,1
Simmons-Patterson,1
Simmons-Perez,1
Simmons-Shelton,1
Simmons-Stokes,1
Simmons-Taylor,1
Simmons-Torres,1
Simmons-Walsh,1
Simmons-Welch,1
Simmons-Wiley,1
"And Gomez Gates Smith,",1
Simmons-Wilson,1
"Simon And Boyd, Figueroa",1
"Simon And Perkins, Smith",1
Simon And Sons,1
"Simon Fields And Garcia,",1
"And Gomez Johnson, Smith",1
"Simon Harris, And Garcia",1
"And Gomez Jones Campbell,",1
"Simon, Case And Austin",1
"Simon, Gardner And Hayes",1
"Simon, Wilson Brown And",1
Simon-Austin,1
Simon-Carroll,1
Simon-Fitzpatrick,1
Simon-Gibson,1
Simon-Grant,1
Simon-Henry,1
Simon-Hobbs,1
Simon-Hunt,1
Simon-Jenkins,1
Simon-Johns,1
Simon-Khan,1
Simon-Odonnell,1
Simon-Ryan,1
Simon-Sampson,1
"Simpson And Lane Evans,",1
"Simpson And Sexton, Blair",1
"And Gomez Lucas, Ramirez",1
"Simpson Espinoza, And Thompson",1
"Simpson Frank, Ortiz And",1
"And Gomez Rogers, Green",1
"Simpson Joyce Knox, And",1
Simpson Llc,1
Simpson Ltd,1
Simpson Plc,1
"Simpson Pratt, Johnson And",1
"Simpson Reyes Carrillo, And",1
"Simpson Rojas And Love,",1
"Simpson Santiago, And Miller",1
"Simpson Schaefer, Figueroa And",1
"Simpson Wilson And Long,",1
"Simpson, And Buck Lopez",1
"Simpson, And Smith Bell",1
"Simpson, Rich And Gonzales",1
"Simpson, Williams Dickerson And",1
Simpson-Alvarez,1
Simpson-Berg,1
Simpson-Boyer,1
Simpson-Brown,1
Simpson-Frazier,1
Simpson-Grant,1
Simpson-Holmes,1
Simpson-Hunter,1
Simpson-James,1
Simpson-Jennings,1
Simpson-Knox,1
Simpson-Lewis,1
Simpson-Martinez,1
Simpson-Mccall,1
Simpson-Morgan,1
Simpson-Ortega,1
Simpson-Pugh,1
Simpson-Reynolds,1
Simpson-Richardson,1
Simpson-Schneider,1
Simpson-Stein,1
Simpson-Terrell,1
Simpson-Travis,1
Simpson-Ward,1
Simpson-White,1
"Sims And Ayala, Gray",1
"Sims And Castro Carpenter,",1
"Sims And Cook Walker,",1
"Sims And David, Rogers",1
"Sims And Henderson Meza,",1
"Sims And Obrien Austin,",1
Sims And Sons,1
"Sims And Vazquez, Wilson",1
"Sims Barrett, And Fletcher",1
"And Gomez, Bridges Thornton",1
"Sims Hester And Jordan,",1
"And Gomez, Flores Dixon",1
Sims Llc,1
Sims Ltd,1
"Sims Pacheco Miller, And",1
"Sims Peck, And Davis",1
"And Gomez, Hunt Carrillo",1
"Sims Rios, Brown And",1
"Sims Taylor, Soto And",1
"Sims, Garcia And Foster",1
"Sims, Holloway Mosley And",1
"Sims, Mathis Thomas And",1
Sims-Bennett,1
Sims-Brown,1
Sims-Castro,1
Sims-Clark,1
Sims-Cooper,1
Sims-Crawford,1
Sims-Garrison,1
Sims-Graham,1
Sims-Henderson,1
Sims-Hudson,1
Sims-Jimenez,1
Sims-Johnson,1
Sims-Leon,1
Sims-Mullins,1
Sims-Murphy,1
Sims-Novak,1
Sims-Pierce,1
Sims-Rodriguez,1
Sims-Shaw,1
Sims-Smith,1
Sims-Torres,1
Sims-Tucker,1
Sims-Wright,1
"Singh Barton, And Taylor",1
"Singh Burns, And Pierce",1
Singh Group,1
Singh Inc,1
"And Gomez, Williams Walker",1
"Singh Shannon, Patrick And",1
Singh Sons And,1
"Singh Stone, And Estes",1
"Singh Thomas And Wallace,",1
"Singh, And Lewis Wolfe",1
"Singh, Cook Meyers And",1
"Singh, Pena And Anderson",1
Singh-Allen,1
Singh-Boyer,1
Singh-Chandler,1
Singh-Foley,1
Singh-Hart,1
Singh-Hebert,1
Singh-Johnson,1
Singh-Marquez,1
Singh-Parks,1
Singh-Reyes,1
Singh-Ryan,1
Singh-Smith,1
Singh-Thompson,1
Singh-Turner,1
Singh-Wheeler,1
Singh-Winters,1
"Singleton And Davis Lynn,",1
"Singleton Barron, Roberts And",1
"And Gonzales Adams Whitney,",1
"Singleton Hill, Wilson And",1
Singleton Llc,1
Singleton Ltd,1
"Singleton Parker Nelson, And",1
"Singleton Perry Shelton, And",1
"Singleton Ryan, And Wilson",1
"Singleton Smith Ramirez, And",1
"Singleton Smith, And Hopkins",1
"Singleton, Hernandez Garza And",1
Singleton-Barber,1
Singleton-Dean,1
Singleton-Kelly,1
Singleton-Rogers,1
"Skinner And Barker Horne,",1
"Skinner Chan Robbins, And",1
Skinner Llc,1
"And Gonzales Bailey Allen,",1
"Skinner Williams, And George",1
"Skinner, Lucas Washington And",1
"Skinner, Rice Donovan And",1
Skinner-Bishop,1
Skinner-Bridges,1
Skinner-Cruz,1
Skinner-Harvey,1
Skinner-Jackson,1
Skinner-Johnson,1
Skinner-Lee,1
Skinner-Lopez,1
Skinner-Sanford,1
"Sloan Harrell, Lee And",1
Sloan Inc,1
"Sloan Jones, And Phillips",1
Sloan Ltd,1
Sloan Plc,1
Sloan Sons And,1
"Sloan, Smith And Cortez",1
Sloan-Carpenter,1
Sloan-Castillo,1
Sloan-Haney,1
Sloan-Johnson,1
Sloan-Jones,1
Sloan-Williams,1
"Small And Guzman, Moreno",1
"Small Hernandez And Thomas,",1
Small Inc,1
"Small, And Clark Mahoney",1
"Small, And Walker Dunn",1
"Small, Anderson Phillips And",1
"Small, Bradley Deleon And",1
Small-Brennan,1
Small-Fields,1
Small-Lee,1
Small-Martinez,1
Small-Ramirez,1
Small-Shaw,1
Small-Simmons,1
Small-Taylor,1
"Smith Adams, And Owens",1
"Smith Allen Deleon, And",1
"Smith Allen, Garcia And",1
"Smith And Allen, Andrade",1
"Smith And Baker, Williams",1
"Smith And Barrett Williams,",1
"Smith And Brown, Williams",1
"Smith And Campbell, Paul",1
"Smith And Clark Brown,",1
"Smith And Collins, Hull",1
"Smith And Cortez, Bruce",1
"Smith And Cox Middleton,",1
"Smith And Delacruz, Poole",1
"Smith And Drake Pruitt,",1
"Smith And Ellis, Richardson",1
"Smith And Evans Baker,",1
"Smith And Fisher, Gonzalez",1
"Smith And Foster Cooper,",1
"Smith And Garcia Ross,",1
"Smith And Gomez Miller,",1
"Smith And Gomez, Cook",1
"Smith And Hartman, Hughes",1
"Smith And Hayes, Price",1
"Smith And Johnson Irwin,",1
"Smith And Johnson, Singh",1
"Smith And Johnson, Walker",1
"Smith And Johnston, Collins",1
"Smith And Kaufman, Rhodes",1
"Smith And Kelly, Bray",1
"Smith And Lawson Mcdonald,",1
"Smith And Lewis Ross,",1
"Smith And Lopez, Myers",1
"Smith And Lowe, Watson",1
"Smith And Mann Spencer,",1
"Smith And Martin, Murillo",1
"Smith And Mckenzie Hernandez,",1
"Smith And Mejia, Phillips",1
"Smith And Meyer, Rodriguez",1
"Smith And Michael, Robinson",1
"Smith And Miller Burnett,",1
"Smith And Miller Chung,",1
"Smith And Neal Jones,",1
"Smith And Newton Marsh,",1
"Smith And Noble Thompson,",1
"Smith And Ortiz, Romero",1
"Smith And Perez Phillips,",1
"Smith And Perkins, Joseph",1
"Smith And Peters Barron,",1
"Smith And Pittman, Long",1
"Smith And Price Dalton,",1
"Smith And Rhodes Smith,",1
"Smith And Richmond Hawkins,",1
"Smith And Robinson Kelley,",1
"Smith And Rodgers, Brooks",1
"Smith And Rodriguez Anderson,",1
"Smith And Rodriguez, Powell",1
"Smith And Rose Rivera,",1
"Smith And Santiago Daniels,",1
"Smith And Shepard, May",1
"Smith And Solomon Freeman,",1
"And Gonzales Baker, Young",1
"Smith And Walker Wright,",1
"Smith And Wallace, Garcia",1
"Smith And White Dunn,",1
"Smith And Wilson, Campbell",1
"Smith Anderson And Hunt,",1
"Smith Anderson And Wilson,",1
"Smith Arellano, And Stokes",1
"Smith Baxter, Ayala And",1
"Smith Benjamin, And Rios",1
"Smith Booker, Richardson And",1
"Smith Brown And Grimes,",1
"Smith Brown Wallace, And",1
"Smith Burns Chan, And",1
"Smith Cain, And Chandler",1
"Smith Campos, And Taylor",1
"Smith Castaneda And Alvarado,",1
"Smith Chapman, Wilson And",1
"Smith Coffey And Finley,",1
"Smith Combs, Murphy And",1
"Smith Cox And Burnett,",1
"Smith Cox Brennan, And",1
"Smith Davis, And Hernandez",1
"Smith Dean Reed, And",1
"Smith Dominguez, And Harris",1
"Smith Dorsey Guerra, And",1
"Smith Doyle, And Hensley",1
"Smith Dunn And Rice,",1
"Smith Escobar, And Curtis",1
"Smith Evans, And Young",1
"Smith Fields, And Cook",1
"Smith Finley, And Vang",1
"Smith French, Atkins And",1
"Smith Gillespie, And Cox",1
"Smith Gomez Green, And",1
"Smith Gonzalez Robinson, And",1
"Smith Graves, And Crawford",1
"Smith Griffin, Rodriguez And",1
"And Gonzales Dunn, Camacho",1
"Smith Hall And Chan,",1
"Smith Hall Richardson, And",1
"Smith Hall, And Barnes",1
"Smith Hansen And Cummings,",1
"Smith Hansen, And Thompson",1
"Smith Harris And Ball,",1
"Smith Harris And Carey,",1
"Smith Harris, Smith And",1
"Smith Harrison Miller, And",1
"Smith Harrison Simmons, And",1
"Smith Hart, Luna And",1
"Smith Harvey Wells, And",1
"Smith Henderson, And Ramirez",1
"Smith Henderson, Crawford And",1
"Smith Henry, Hill And",1
"Smith Hill, And Dennis",1
"Smith Hill, Vazquez And",1
"Smith Holland, And Hogan",1
"Smith Howell, Sutton And",1
"Smith Hubbard And Reeves,",1
"And Gonzales Moses, Robinson",1
"Smith James And Salazar,",1
"Smith Jensen, Shaffer And",1
"Smith Johnson Pruitt, And",1
"Smith Johnson, And Hendricks",1
"Smith Jones Cook, And",1
"Smith Jones Taylor, And",1
"Smith Jones, Walker And",1
"Smith King And Rowland,",1
"Smith Klein Hall, And",1
"Smith Lewis And Weeks,",1
"Smith Li, And Walker",1
"Smith Lindsey, And Morrison",1
"Smith Liu And Harris,",1
"And Gonzales Rocha, White",1
"Smith Lopez, Williams And",1
"Smith Lowe, And Stewart",1
"And Gonzales Washington Moyer,",1
"Smith Lynch And Hart,",1
"Smith Martinez, And Soto",1
"Smith Martinez, Munoz And",1
"Smith Matthews Williams, And",1
"Smith Mcgrath, Burgess And",1
"Smith Meyer Hernandez, And",1
"Smith Miller And Patton,",1
"Smith Miller Cochran, And",1
"Smith Miller, And Perez",1
"Smith Mitchell And Johnson,",1
"Smith Mitchell Gonzalez, And",1
"Smith Morales, Shaw And",1
"Smith Morgan And Hawkins,",1
"Smith Murphy Ramos, And",1
"Smith Neal, And Ramirez",1
"Smith Oneal Willis, And",1
"Smith Orozco Smith, And",1
"Smith Ortiz And Daniels,",1
"Smith Owens, Jackson And",1
"Smith Padilla And Hobbs,",1
"Smith Palmer, And Rodriguez",1
"Smith Patel, And Goodwin",1
"Smith Payne And Scott,",1
"Smith Peck, Tapia And",1
"Smith Pierce And Moon,",1
"And Gonzales, Clark Johnson",1
"Smith Potter, And Stevens",1
"Smith Pugh And Lambert,",1
"Smith Reid, Hill And",1
"Smith Roberts And Williams,",1
"Smith Robertson, Dixon And",1
"Smith Rodriguez And Buchanan,",1
"Smith Rodriguez And Watts,",1
"Smith Ross, White And",1
"Smith Ross, Young And",1
"Smith Saunders, And Allen",1
"Smith Sharp, Watts And",1
"Smith Shields, And Clayton",1
"Smith Simmons And Stewart,",1
"Smith Smith And Lee,",1
"Smith Smith Hernandez, And",1
"And Gonzales, Strickland Savage",1
"Smith Stephens Wright, And",1
"Smith Stevenson, Hansen And",1
"Smith Stewart And Donovan,",1
"Smith Taylor, And Kline",1
"Smith Thomas Watson, And",1
"Smith Velez And Ochoa,",1
"Smith Walker Lee, And",1
"Smith Warren Mitchell, And",1
"Smith White And Ortiz,",1
"Smith White, And Ryan",1
"Smith Williams, Dickson And",1
"Smith Williamson, And Chapman",1
"Smith Wong And Morgan,",1
"Smith Wood, And Morris",1
"Smith Wright And Garcia,",1
"Smith, Alexander And Taylor",1
"Smith, Allen Garcia And",1
"Smith, And Adams Ball",1
"Smith, And Anderson Blevins",1
"Smith, And Beard Gardner",1
"Smith, And Carroll Wright",1
"Smith, And Carter Hansen",1
"Smith, And Castaneda Peters",1
"Smith, And Cole Carter",1
"Smith, And Collins Key",1
"Smith, And Davis Cain",1
"Smith, And Davis Warner",1
"Smith, And Diaz Ramos",1
"Smith, And Ferguson Miller",1
"Smith, And Frost Rubio",1
"Smith, And Garcia Padilla",1
"Smith, And Green Gray",1
"Smith, And Green Johnson",1
"Smith, And Hanson Hobbs",1
"Smith, And Henry Burton",1
"Smith, And Horn Kelly",1
"Smith, And Jackson Owens",1
"Smith, And Jones Farmer",1
"Smith, And Knight Marshall",1
"Smith, And Lowe Gross",1
"Smith, And Lowery Vasquez",1
"Smith, And Marquez Lane",1
"Smith, And Mason Shepherd",1
"Smith, And Maynard Hill",1
"Smith, And Mueller Clark",1
"Smith, And Newton Williams",1
"Smith, And Osborn Savage",1
"Smith, And Phillips Orozco",1
"Smith, And Powell Wright",1
"Smith, And Roberts Decker",1
"Smith, And Rush Hubbard",1
"Smith, And Sanders Park",1
"Smith, And Shea Rodriguez",1
"Smith, And Simmons Schwartz",1
"Smith, And Smith Butler",1
"Smith, And Thomas Gonzalez",1
"Smith, And Thomas Johnson",1
"Smith, And White Mcintyre",1
"Smith, And White Moreno",1
"Smith, And Wilson Cook",1
"Smith, And Wilson Patel",1
"Smith, And Wood Scott",1
"Smith, Arroyo Warner And",1
"Smith, Ayala And Lawson",1
"Smith, Bailey And Dixon",1
"Smith, Bailey Austin And",1
"Smith, Barnes Garcia And",1
"Smith, Bridges And Smith",1
"Smith, Brown And Carroll",1
"Smith, Bruce And Johnson",1
"Smith, Burton Cervantes And",1
"Smith, Cameron And Tucker",1
"Smith, Case Lucas And",1
"Smith, Chase And Cobb",1
"Smith, Chavez Berg And",1
"Smith, Chen Smith And",1
"Smith, Daugherty And Mora",1
"Smith, Dawson And Garcia",1
"Smith, Elliott And Blackburn",1
"Smith, Espinoza And Smith",1
"Smith, Fleming Frost And",1
"Smith, Flores Moreno And",1
"Smith, Fox And Perez",1
"Smith, Garcia Cochran And",1
"Smith, Gordon And Brown",1
"Smith, Gregory And Joyce",1
"Smith, Hall And Smith",1
"Smith, Hanna And Gonzales",1
"Smith, Hanna Wilcox And",1
"Smith, Hayden And Smith",1
"Smith, Hooper Hamilton And",1
"Smith, Jensen Wolfe And",1
"Smith, Johnson And Booth",1
"Smith, Johnson Wade And",1
"Smith, Jones Gonzalez And",1
"Smith, Jones Parsons And",1
"Smith, Lee And Ibarra",1
"Smith, Lopez Anderson And",1
"Smith, Lowe Valenzuela And",1
"Smith, Luna May And",1
"Smith, Maxwell And Lopez",1
"Smith, Miller And Mason",1
"Smith, Miller Rosario And",1
"Smith, Mitchell And Gardner",1
"Smith, Mitchell And Morrow",1
"Smith, Molina Frye And",1
"Smith, Morgan And Myers",1
"Smith, Nguyen And Miller",1
"Smith, Nicholson And Booth",1
"Smith, Ortiz And Sanchez",1
"Smith, Owens Lee And",1
"Smith, Parker And Rhodes",1
"Smith, Parks Garrett And",1
"Smith, Phelps Cruz And",1
"Smith, Phillips And Gentry",1
"Smith, Phillips Smith And",1
"Smith, Richardson And Stewart",1
"Smith, Roberts And Morris",1
"Smith, Rodriguez And Wright",1
"Smith, Rodriguez Cohen And",1
"Smith, Rose Chang And",1
"Smith, Rowe And Schmidt",1
"Smith, Russell And Gentry",1
"Smith, Salazar And Webb",1
"Smith, Sanchez Zuniga And",1
"Smith, Santiago Lewis And",1
"Smith, Scott And Johnson",1
"Smith, Shaw Stevens And",1
"Smith, Shields Mccann And",1
"Smith, Singh And Gonzales",1
"Smith, Smith Gardner And",1
"Smith, Thompson Gregory And",1
"Smith, Weeks Morales And",1
"Smith, White Rodriguez And",1
"Smith, Williams Wilkins And",1
"Smith, Zamora Graham And",1
Smith-Adams,1
Smith-Adkins,1
Smith-Aguirre,1
"And Gonzalez Cohen, Mendoza",1
"And Gonzalez Davis Carroll,",1
Smith-Alvarez,1
Smith-Anderson,1
Smith-Archer,1
Smith-Arias,1
Smith-Bailey,1
Smith-Baker,1
Smith-Barker,1
Smith-Barnett,1
Smith-Barr,1
Smith-Barrett,1
"And Gonzalez Fischer, King",1
"And Gonzalez Ford Potter,",1
Smith-Benton,1
Smith-Bernard,1
Smith-Berry,1
Smith-Black,1
Smith-Blackwell,1
Smith-Blake,1
Smith-Bowen,1
Smith-Bowers,1
Smith-Bradshaw,1
"And Gonzalez Garcia, Ramos",1
"And Gonzalez Gray, Bennett",1
Smith-Bruce,1
Smith-Bryant,1
Smith-Buchanan,1
Smith-Burgess,1
"And Gonzalez Gray, Boyer",1
"And Gonzalez Huynh, Fleming",1
"And Gonzalez Jenkins, Stone",1
Smith-Cannon,1
Smith-Carlson,1
"And Gonzalez Key Lara,",1
Smith-Case,1
Smith-Chan,1
Smith-Chavez,1
Smith-Christensen,1
Smith-Clark,1
Smith-Coffey,1
Smith-Cole,1
"And Gonzalez Moore, Brooks",1
Smith-Conner,1
Smith-Cooke,1
Smith-Copeland,1
Smith-Cortez,1
"And Gonzalez Moreno Anderson,",1
Smith-Crawford,1
Smith-Cruz,1
Smith-Cunningham,1
Smith-Curry,1
Smith-Davenport,1
"And Gonzalez Noble, Cabrera",1
Smith-Dixon,1
Smith-Dodson,1
Smith-Doyle,1
Smith-Duncan,1
Smith-Dunn,1
Smith-Elliott,1
Smith-Ellison,1
Smith-Erickson,1
Smith-Escobar,1
Smith-Espinoza,1
Smith-Ewing,1
"And Gonzalez Perez Torres,",1
Smith-Fisher,1
Smith-Flynn,1
"And Gonzalez Smith, Arnold",1
"And Gonzalez Smith, Miller",1
Smith-Freeman,1
Smith-Frost,1
"And Gonzalez Thomas, Wall",1
Smith-Garrett,1
Smith-Gibbs,1
Smith-Glenn,1
Smith-Golden,1
"And Gonzalez Wilson Cooper,",1
Smith-Gonzalez,1
"And Gonzalez, James Kelly",1
Smith-Graham,1
"And Gonzalez, Rogers Jackson",1
Smith-Griffith,1
Smith-Grimes,1
Smith-Gross,1
Smith-Hall,1
"And Gonzalez, Thomas Cooper",1
Smith-Hampton,1
Smith-Hanson,1
Smith-Harding,1
Smith-Hardy,1
"And Gonzalez, Warren Moore",1
Smith-Hart,1
Smith-Hebert,1
Smith-Henry,1
"And Good Willis Reid,",1
Smith-Herrera,1
Smith-Hicks,1
Smith-Hill,1
Smith-Hodge,1
Smith-Hodges,1
Smith-Hoffman,1
"And Goodman Diaz Thomas,",1
Smith-Hooper,1
"And Goodwin Cruz, Johnson",1
"And Goodwin, Hernandez Andrade",1
Smith-Howell,1
Smith-Huff,1
Smith-Ingram,1
Smith-Jackson,1
Smith-James,1
Smith-Jenkins,1
"And Gordon Bishop, Robertson",1
Smith-Johnston,1
"And Gordon Bowers Ryan,",1
Smith-Joseph,1
Smith-Keller,1
Smith-Kelley,1
"And Gordon Brooks Miller,",1
Smith-Kennedy,1
Smith-Kerr,1
Smith-King,1
Smith-Kline,1
Smith-Lee,1
Smith-Lewis,1
Smith-Little,1
Smith-Lloyd,1
"And Gordon Clarke Simmons,",1
Smith-Lozano,1
Smith-Lucas,1
Smith-Lynch,1
Smith-Mack,1
Smith-Madden,1
"And Gordon Lee Yang,",1
"And Gordon Patterson, Swanson",1
Smith-Mason,1
Smith-Mathis,1
Smith-Matthews,1
Smith-Maynard,1
"And Gordon Sanchez Martinez,",1
Smith-Mccarty,1
Smith-Mcdowell,1
Smith-Mcgee,1
Smith-Mejia,1
"And Gordon Taylor, Lopez",1
Smith-Meyer,1
"And Gordon, Hamilton Hunter",1
Smith-Mitchell,1
Smith-Molina,1
"And Gordon, Nicholson Blair",1
Smith-Mora,1
Smith-Morris,1
Smith-Moses,1
Smith-Moss,1
Smith-Mullins,1
Smith-Murray,1
Smith-Nguyen,1
"And Gordon, Watkins Williams",1
Smith-Oliver,1
Smith-Olson,1
Smith-Orr,1
Smith-Owen,1
Smith-Palmer,1
"And Gordon, Wilkins Gardner",1
Smith-Patterson,1
Smith-Patton,1
Smith-Paul,1
Smith-Pena,1
"And Gould Lopez Watts,",1
Smith-Perkins,1
Smith-Perry,1
"And Graham Bowers, Stanley",1
Smith-Powers,1
Smith-Prince,1
Smith-Pruitt,1
Smith-Ramirez,1
"And Graham Flores, Carrillo",1
Smith-Ramsey,1
"And Graham Hart, Espinoza",1
Smith-Reese,1
"And Graham Higgins, Bell",1
Smith-Richard,1
"And Graham Jones Rojas,",1
Smith-Riddle,1
Smith-Riley,1
Smith-Ritter,1
"And Graham Martinez Spence,",1
Smith-Roberts,1
"And Graham Moon Kelley,",1
Smith-Rocha,1
"And Graham Morris, Gonzales",1
"And Graham, Church Ray",1
Smith-Rojas,1
Smith-Rollins,1
Smith-Romero,1
Smith-Ross,1
Smith-Roth,1
Smith-Roy,1
Smith-Russell,1
Smith-Ryan,1
Smith-Salinas,1
Smith-Sanders,1
Smith-Saunders,1
"And Graham, Porter Reynolds",1
Smith-Schroeder,1
Smith-Shannon,1
"And Grant Hamilton Edwards,",1
Smith-Skinner,1
"And Grant Johnson, Houston",1
Smith-Spears,1
Smith-Stafford,1
"And Grant Leonard, Jones",1
Smith-Stevens,1
Smith-Stewart,1
"And Grant Morales, Wheeler",1
Smith-Sullivan,1
"And Grant Moses, Carpenter",1
And Grant Sons,1
Smith-Thompson,1
Smith-Turner,1
Smith-Valentine,1
Smith-Vang,1
Smith-Vincent,1
Smith-Wade,1
Smith-Wagner,1
Smith-Walker,1
Smith-Walters,1
Smith-Walton,1
"And Grant Wilkins Alexander,",1
Smith-Warren,1
Smith-Watson,1
"And Graves Woods Steele,",1
Smith-Weiss,1
"And Graves, Humphrey Bailey",1
Smith-White,1
Smith-Whitney,1
"And Graves, Roth Jackson",1
"And Gray Fleming Young,",1
Smith-Woodward,1
Smith-Wu,1
Smith-Wyatt,1
Smith-Yu,1
"Snow And Arellano Miles,",1
Snow And Sons,1
"Snow And Stafford Warren,",1
"Snow And Taylor, Anderson",1
"Snow Clark, And Bailey",1
"Snow Kim, Davidson And",1
Snow Llc,1
"Snow Smith, And Tucker",1
"Snow, Vega Johnson And",1
Snow-Day,1
Snow-Patton,1
Snow-Stanley,1
Snow-Turner,1
"Snyder And Bradford Moore,",1
"Snyder And Evans, Meyer",1
"Snyder And Hartman, Bennett",1
"Snyder And Howard Dixon,",1
"Snyder And Long, Wells",1
"Snyder And Mullins, Roberts",1
"Snyder And Murphy, Ashley",1
"Snyder Brown, Hess And",1
"Snyder Campbell Powell, And",1
Snyder Group,1
Snyder Inc,1
"And Gray King, Mccoy",1
"And Gray Reynolds Fisher,",1
"And Gray Rogers Flores,",1
Snyder Sons And,1
"Snyder Wilson, And Spencer",1
"Snyder, And Keller Page",1
"Snyder, And Kim Howard",1
"Snyder, And Lowery Figueroa",1
"Snyder, And Munoz Murphy",1
"Snyder, And Savage Stevenson",1
"Snyder, And Villarreal Cole",1
"Snyder, Clarke Jones And",1
"Snyder, Dunn Decker And",1
"Snyder, Underwood Reed And",1
Snyder-Bennett,1
Snyder-Campbell,1
Snyder-Carr,1
Snyder-Davis,1
Snyder-Good,1
Snyder-Gutierrez,1
Snyder-Hodges,1
Snyder-Johnson,1
Snyder-Jones,1
Snyder-Lopez,1
Snyder-May,1
Snyder-Mcfarland,1
Snyder-Miller,1
Snyder-Parrish,1
Snyder-Parsons,1
Snyder-Perez,1
Snyder-Perry,1
Snyder-Quinn,1
Snyder-Robinson,1
Snyder-Rodriguez,1
Snyder-Sexton,1
Snyder-Thomas,1
Snyder-Turner,1
Snyder-Waller,1
Snyder-White,1
"Solis And Johnson, Trujillo",1
"Solis And Larsen Stanley,",1
Solis And Sons,1
"Solis Armstrong, Garrison And",1
"Solis Fleming, Maxwell And",1
Solis Llc,1
Solis-Berry,1
Solis-Collins,1
Solis-Colon,1
Solis-Hoover,1
Solis-Myers,1
Solis-Price,1
Solis-Rodriguez,1
Solis-Smith,1
"Solomon And Ward, Mitchell",1
Solomon Group,1
Solomon Inc,1
"Solomon Lee, And James",1
"And Gray Smith, Jennings",1
"Solomon Mccarthy Kelly, And",1
Solomon Plc,1
"Solomon Smith, Moore And",1
"Solomon, Mejia And Quinn",1
"Solomon, Smith And Kaiser",1
Solomon-Clark,1
Solomon-Lewis,1
Solomon-Maldonado,1
Solomon-Taylor,1
Solomon-Williams,1
Solomon-Woods,1
"And Gray Williams Wilkinson,",1
Sons Adams And,1
Sons Aguilar And,1
Sons Allen And,1
Sons Allison And,1
Sons Alvarado And,1
Sons And Acosta,1
Sons And Adams,1
Sons And Aguilar,1
Sons And Alexander,1
"And Gray, Patton Silva",1
Sons And Alvarez,1
Sons And Anderson,1
"And Gray, Wright Barnes",1
Sons And Avery,1
"And Green Burnett, Marquez",1
"And Green Cooper Davis,",1
Sons And Barker,1
"And Green Garza Ware,",1
Sons And Barrera,1
"And Green Guerrero Wang,",1
Sons And Bates,1
Sons And Beck,1
Sons And Becker,1
Sons And Beltran,1
"And Green Jones, Johnson",1
Sons And Bernard,1
Sons And Bolton,1
Sons And Booth,1
Sons And Bowen,1
Sons And Bowers,1
Sons And Bowman,1
"And Green Klein Woods,",1
Sons And Boyer,1
"And Green Martin Padilla,",1
Sons And Brandt,1
Sons And Brennan,1
Sons And Brooks,1
"And Green Miller Love,",1
Sons And Bryan,1
Sons And Bryant,1
"And Green Patton, Johnson",1
Sons And Cain,1
Sons And Campbell,1
Sons And Cannon,1
Sons And Cantrell,1
Sons And Cantu,1
Sons And Carrillo,1
Sons And Carroll,1
Sons And Carter,1
Sons And Casey,1
Sons And Castro,1
"And Green Powell, Wood",1
Sons And Choi,1
Sons And Christian,1
"And Green Russell Smith,",1
Sons And Clay,1
Sons And Clements,1
Sons And Cochran,1
Sons And Coffey,1
Sons And Cole,1
"And Green Williams Simpson,",1
Sons And Conley,1
Sons And Contreras,1
"And Green, Kane Hammond",1
"And Greene Hall, Bennett",1
Sons And Cortez,1
"And Greene Hicks, Oliver",1
Sons And Cruz,1
Sons And Cummings,1
Sons And Curtis,1
Sons And Daniels,1
"And Greene Zavala, Luna",1
Sons And Dawson,1
Sons And Delgado,1
"And Greene, Love Gonzalez",1
Sons And Dixon,1
Sons And Dominguez,1
Sons And Drake,1
Sons And Duncan,1
Sons And Dunn,1
"And Greene, Rodriguez Wu",1
"And Greene, Yates Robinson",1
Sons And Farley,1
"And Greer Hall Harrison,",1
Sons And Fields,1
Sons And Fisher,1
"And Greer, Cooper Parks",1
Sons And Flowers,1
Sons And Foley,1
Sons And Ford,1
"And Greer, Dalton Williams",1
Sons And Franco,1
Sons And Frank,1
Sons And Frost,1
Sons And Frye,1
Sons And Fuller,1
Sons And Gallegos,1
And Gregory Sons,1
Sons And Gardner,1
Sons And Garza,1
Sons And Gates,1
"And Gregory Williams Park,",1
"And Griffin Lindsey Page,",1
"And Griffin Lopez Hanson,",1
Sons And Gomez,1
"And Griffin Mueller, Perez",1
And Griffin Sons,1
Sons And Good,1
Sons And Goodwin,1
Sons And Gould,1
"And Griffin Thomas, Bennett",1
Sons And Green,1
Sons And Guerrero,1
Sons And Guzman,1
"And Griffin Vaughn Berry,",1
"And Griffin, Garcia Carney",1
Sons And Hammond,1
Sons And Harding,1
Sons And Harris,1
Sons And Hart,1
"And Griffin, Gilbert Murphy",1
Sons And Heath,1
Sons And Hensley,1
"And Griffith Pratt, Simpson",1
"And Griffith Smith Ferguson,",1
"And Griffith, Ray Santana",1
Sons And Hoffman,1
Sons And Holland,1
"And Grimes Bishop, Cummings",1
Sons And Holt,1
Sons And Hood,1
Sons And Hooper,1
Sons And Hopkins,1
Sons And Horton,1
Sons And House,1
Sons And Howard,1
"And Grimes Reyes, Lee",1
Sons And Hubbard,1
Sons And Huber,1
Sons And Hudson,1
Sons And Huff,1
Sons And Hunt,1
Sons And Hunter,1
And Grimes Sons,1
"And Gross, Coleman Gonzales",1
Sons And Johnston,1
"And Gross, Herrera Clark",1
Sons And Jordan,1
"And Guerrero Arellano, Garcia",1
Sons And Kelly,1
"And Guerrero Calhoun Trevino,",1
Sons And King,1
"And Guerrero Rose, Johnson",1
Sons And Klein,1
Sons And Knapp,1
Sons And Knight,1
Sons And Koch,1
"And Guerrero Smith, Schmidt",1
Sons And Lamb,1
Sons And Landry,1
Sons And Lane,1
Sons And Larsen,1
Sons And Le,1
"And Guerrero, Lin Rodriguez",1
Sons And Lester,1
Sons And Levy,1
Sons And Lewis,1
Sons And Li,1
Sons And Lloyd,1
"And Gutierrez Carlson Jenkins,",1
Sons And Lowe,1
Sons And Lozano,1
Sons And Lucas,1
Sons And Lucero,1
Sons And Lynch,1
Sons And Macias,1
Sons And Madden,1
Sons And Malone,1
Sons And Marks,1
"And Gutierrez Chambers Johnson,",1
"And Gutierrez Dennis, Carpenter",1
Sons And Mcclain,1
"And Gutierrez King, Evans",1
Sons And Mccullough,1
"And Gutierrez Pitts Hanna,",1
Sons And Mendez,1
Sons And Meyer,1
Sons And Miles,1
"And Gutierrez, Castro Morris",1
Sons And Mitchell,1
Sons And Molina,1
Sons And Montgomery,1
"And Gutierrez, Fischer Hunter",1
Sons And Morales,1
Sons And Morris,1
"And Gutierrez, Gonzales Mathis",1
Sons And Murillo,1
"And Gutierrez, Guerrero Moore",1
Sons And Murray,1
Sons And Myers,1
"And Gutierrez, Hall Diaz",1
Sons And Newton,1
Sons And Nguyen,1
Sons And Noble,1
Sons And Odonnell,1
Sons And Oliver,1
Sons And Olson,1
Sons And Ortega,1
Sons And Owens,1
Sons And Padilla,1
"And Guzman Bell Sanchez,",1
Sons And Patton,1
Sons And Perez,1
Sons And Perry,1
"And Guzman Sanford, Jordan",1
"And Guzman Snyder Rose,",1
Sons And Poole,1
Sons And Porter,1
"And Guzman, Jones Nguyen",1
Sons And Powell,1
Sons And Price,1
"And Guzman, Mann Gray",1
Sons And Ramirez,1
"And Haas Hernandez, Hines",1
Sons And Rasmussen,1
Sons And Reed,1
Sons And Reynolds,1
Sons And Rice,1
"And Haas Johnson Fowler,",1
Sons And Richardson,1
Sons And Riley,1
Sons And Rios,1
Sons And Rivera,1
Sons And Roberts,1
Sons And Robinson,1
Sons And Robles,1
"And Hale Martin Lang,",1
Sons And Rogers,1
Sons And Rojas,1
Sons And Rollins,1
Sons And Romero,1
"And Hale, Jefferson Hoffman",1
Sons And Roth,1
Sons And Rowe,1
Sons And Rubio,1
Sons And Rush,1
Sons And Russell,1
"And Hale, Johnson Rogers",1
Sons And Salinas,1
"And Hale, Long Khan",1
Sons And Sanders,1
Sons And Sanford,1
"And Hale, Stewart Mullen",1
Sons And Schmidt,1
Sons And Schwartz,1
Sons And Sexton,1
Sons And Shaffer,1
"And Haley Gardner Riggs,",1
Sons And Shea,1
Sons And Shepherd,1
Sons And Sherman,1
Sons And Silva,1
Sons And Simpson,1
Sons And Sims,1
Sons And Singh,1
"And Haley, Wheeler Ramos",1
Sons And Spence,1
Sons And Stanley,1
Sons And Steele,1
Sons And Stephens,1
Sons And Stephenson,1
"And Hall Adkins, Brown",1
Sons And Stokes,1
Sons And Stone,1
Sons And Stout,1
Sons And Strickland,1
Sons And Suarez,1
Sons And Tate,1
"And Hall Austin Daniels,",1
Sons And Terrell,1
"And Hall Ayala Rubio,",1
Sons And Thompson,1
Sons And Thornton,1
"And Hall Davis, Thomas",1
Sons And Trevino,1
Sons And Trujillo,1
Sons And Tucker,1
Sons And Valdez,1
Sons And Vang,1
"And Hall Garner Bailey,",1
Sons And Wade,1
"And Hall Green Smith,",1
"And Hall Gutierrez Walker,",1
Sons And Walsh,1
Sons And Walters,1
Sons And Wang,1
Sons And Ward,1
Sons And Warner,1
Sons And Warren,1
Sons And Washington,1
"And Hall Heath, Morris",1
"And Hall Johnson, Brown",1
"And Hall Levy Williams,",1
Sons And Weber,1
Sons And Webster,1
Sons And Wells,1
"And Hall Little Moon,",1
Sons And Whitney,1
Sons And Wilcox,1
"And Hall Liu, Adams",1
"And Hall Sanchez Valenzuela,",1
Sons And Wilson,1
Sons And Wong,1
Sons And Wood,1
Sons And Woodard,1
"And Hall Silva, Moore",1
Sons And Wyatt,1
Sons And Yoder,1
Sons And York,1
"And Hall Smith, Farrell",1
And Hall Sons,1
"And Hall Thornton Lambert,",1
"And Hall Torres, Bailey",1
Sons Barnett And,1
Sons Bautista And,1
Sons Beasley And,1
Sons Becker And,1
Sons Bender And,1
Sons Bennett And,1
Sons Bentley And,1
Sons Berry And,1
Sons Best And,1
Sons Blair And,1
Sons Bowers And,1
"And Hall Velasquez Gordon,",1
Sons Bradley And,1
Sons Brewer And,1
"And Hall Wheeler, Fernandez",1
"And Hall Williamson Oliver,",1
Sons Buchanan And,1
"And Hall, Butler Mccall",1
Sons Burns And,1
"And Hall, Henderson Johnson",1
Sons Byrd And,1
Sons Cabrera And,1
Sons Callahan And,1
Sons Campbell And,1
Sons Campos And,1
Sons Carey And,1
Sons Carter And,1
Sons Chambers And,1
Sons Chapman And,1
Sons Chavez And,1
Sons Cherry And,1
Sons Christensen And,1
"And Hall, Henderson Jones",1
Sons Cole And,1
Sons Coleman And,1
Sons Collins And,1
Sons Colon And,1
Sons Combs And,1
Sons Compton And,1
Sons Conley And,1
Sons Conrad And,1
Sons Cook And,1
"And Hall, Johnson Haynes",1
Sons Copeland And,1
"And Hall, Lewis Ramirez",1
Sons Cross And,1
"And Hall, Malone Adams",1
"And Hall, Miller Burnett",1
Sons Dean And,1
Sons Delacruz And,1
"And Hall, Roberts Cole",1
"And Hall, Robinson Perez",1
Sons Dunlap And,1
Sons Durham And,1
"And Hall, Townsend Patrick",1
Sons Erickson And,1
"And Hall, Webb Meza",1
Sons Estes And,1
Sons Estrada And,1
Sons Fernandez And,1
Sons Figueroa And,1
Sons Fisher And,1
Sons Fleming And,1
Sons Fletcher And,1
"And Hamilton Brown, Baldwin",1
Sons Flynn And,1
"And Hamilton Foley, Charles",1
Sons Fox And,1
Sons Franklin And,1
Sons Frazier And,1
Sons Frey And,1
Sons Friedman And,1
Sons Gaines And,1
Sons Gallegos And,1
"And Hamilton Wallace, Kim",1
Sons Garner And,1
"And Hamilton, Bell Sanchez",1
Sons Gilbert And,1
Sons Gomez And,1
Sons Gonzales And,1
"And Hamilton, Burns Moore",1
Sons Goodwin And,1
Sons Gould And,1
Sons Graham And,1
"And Hamilton, Dixon Morales",1
Sons Green And,1
Sons Griffin And,1
Sons Hale And,1
"And Hammond Cruz Nguyen,",1
Sons Hamilton And,1
Sons Haney And,1
Sons Hanson And,1
Sons Harris And,1
"And Hammond Edwards Reyes,",1
"And Hammond Garcia Larsen,",1
Sons Hayes And,1
Sons Heath And,1
Sons Henderson And,1
Sons Hensley And,1
"And Hammond Smith Ramirez,",1
Sons Herrera And,1
Sons Hicks And,1
"And Hammond, Davis Wright",1
Sons Hoffman And,1
Sons Holloway And,1
Sons Hopkins And,1
Sons Horn And,1
Sons Howard And,1
Sons Huang And,1
"And Hancock Hill, Smith",1
Sons Humphrey And,1
"And Hancock, Long Rodriguez",1
"And Hancock, Nelson Wilson",1
Sons Hurst And,1
"And Hancock, Robertson Ortiz",1
"And Haney Mason Hodge,",1
"And Hanna Thompson Page,",1
Sons Jimenez And,1
"And Hansen Garcia Wise,",1
Sons Johnston And,1
"And Hansen Sosa, Weiss",1
Sons Jordan And,1
Sons Keller And,1
"And Hansen, Smith Santiago",1
Sons Kemp And,1
Sons Kennedy And,1
And Hanson Sons,1
Sons Knight And,1
Sons Krause And,1
Sons Lam And,1
Sons Lambert And,1
"And Hanson, Rich Jennings",1
Sons Lawrence And,1
Sons Leblanc And,1
"And Hardin Buck, Weaver",1
Sons Leon And,1
Sons Levy And,1
"And Hardy Harris, Mitchell",1
"And Hardy Morris, Reid",1
Sons Lowe And,1
Sons Lucero And,1
Sons Lynch And,1
Sons Macdonald And,1
Sons Maldonado And,1
Sons Manning And,1
Sons Marshall And,1
"And Hardy, Sanchez Johnson",1
Sons Martinez And,1
Sons Mason And,1
Sons Matthews And,1
Sons Mayer And,1
"And Harmon Brown, Cabrera",1
Sons Mccarthy And,1
"And Harmon Bruce Hernandez,",1
Sons Mccoy And,1
Sons Mcdaniel And,1
Sons Mcdonald And,1
Sons Mcfarland And,1
"And Harmon Ramirez, Perez",1
Sons Mckay And,1
"And Harmon Sampson, Thompson",1
Sons Mckinney And,1
Sons Mcknight And,1
"And Harmon Smith, Davis",1
Sons Mcmillan And,1
Sons Meyer And,1
"And Harmon, Willis Frey",1
"And Harper Mcdonald, Sullivan",1
Sons Molina And,1
Sons Montgomery And,1
Sons Moon And,1
"And Harper Rivera Hays,",1
Sons Morgan And,1
Sons Morris And,1
"And Harrell, Sanford Barrett",1
Sons Morse And,1
Sons Mueller And,1
Sons Murphy And,1
Sons Nelson And,1
Sons Newman And,1
"And Harrell, Webb Moore",1
Sons Nicholson And,1
Sons Norman And,1
Sons Obrien And,1
Sons Olsen And,1
Sons Oneill And,1
"And Harrington Baldwin Sanders,",1
Sons Palmer And,1
"And Harrington Warner Johnson,",1
Sons Parrish And,1
Sons Patterson And,1
Sons Payne And,1
Sons Peck And,1
Sons Pena And,1
"And Harris Brewer, Young",1
Sons Perry And,1
Sons Peters And,1
"And Harris Bridges Cherry,",1
Sons Pham And,1
Sons Phillips And,1
Sons Pitts And,1
Sons Potts And,1
Sons Powers And,1
Sons Pratt And,1
Sons Ramirez And,1
"And Harris Burton Richardson,",1
"And Harris Jones, Lopez",1
"And Harris Maxwell Scott,",1
Sons Rich And,1
Sons Richard And,1
Sons Richards And,1
"And Harris Miller, Hawkins",1
"And Harris Ortega Macias,",1
"And Harris Pearson, Jenkins",1
Sons Robles And,1
"And Harris Roberts Russell,",1
Sons Rogers And,1
Sons Rosario And,1
Sons Roy And,1
Sons Ruiz And,1
Sons Rush And,1
Sons Ryan And,1
"And Harris Thomas Smith,",1
Sons Sanders And,1
Sons Santana And,1
"And Harris Underwood Hernandez,",1
Sons Sawyer And,1
"And Harris Velazquez Thompson,",1
Sons Scott And,1
Sons Shaffer And,1
Sons Shah And,1
"And Harris Wang, Clark",1
Sons Shepherd And,1
Sons Simpson And,1
Sons Sims And,1
Sons Sloan And,1
"And Harris Williams Bernard,",1
Sons Solomon And,1
"And Harris Wilson Pham,",1
Sons Stephenson And,1
Sons Stone And,1
Sons Sullivan And,1
Sons Tate And,1
"And Harris, Drake Allen",1
"And Harris, Huang Travis",1
"And Harris, Morgan Wilkinson",1
Sons Travis And,1
Sons Tucker And,1
Sons Turner And,1
Sons Valdez And,1
Sons Valentine And,1
Sons Vargas And,1
Sons Velez And,1
Sons Walker And,1
Sons Wallace And,1
Sons Walsh And,1
Sons Warren And,1
Sons Washington And,1
Sons Watson And,1
Sons Webb And,1
Sons Weiss And,1
Sons Whitaker And,1
"And Harrison Frank Silva,",1
Sons Wilkerson And,1
"And Harrison Galvan, Shields",1
Sons Williamson And,1
Sons Willis And,1
"And Harrison Stafford, Neal",1
"And Harrison, Wood Burns",1
Sons Woods And,1
Sons Woodward And,1
"And Hart Browning Hill,",1
Sons Wu And,1
Sons Young And,1
"Sosa And Short Miles,",1
Sosa And Sons,1
"And Hart Buchanan, Hall",1
"Sosa Morris And Baker,",1
"Sosa Murphy, And Alexander",1
Sosa Plc,1
Sosa-Buck,1
Sosa-Clarke,1
Sosa-Evans,1
Sosa-Jackson,1
Sosa-Macias,1
"Soto And Bradford, Smith",1
"Soto And Navarro Evans,",1
"Soto Anderson And Johnson,",1
"Soto Barrett, And Curry",1
"And Hart Clark White,",1
Soto Llc,1
Soto Ltd,1
"Soto May, And Rich",1
Soto Plc,1
"Soto Sutton, And Ferrell",1
"Soto Warren And Lambert,",1
"Soto, Adams Morris And",1
"Soto, And Porter Leon",1
"Soto, Davies And Dixon",1
"Soto, Padilla Lopez And",1
Soto-Anderson,1
Soto-Boyle,1
Soto-Cortez,1
Soto-Frey,1
Soto-Garner,1
Soto-Kemp,1
Soto-Lozano,1
Soto-Meyers,1
Soto-Morales,1
Soto-Richmond,1
Soto-Warren,1
"Sparks And Carlson Carter,",1
"Sparks And Mckinney Thomas,",1
"Sparks And Moore, Bird",1
"Sparks Hampton And Coleman,",1
"Sparks Harris Wong, And",1
Sparks Inc,1
"And Hart Schaefer Carlson,",1
Sparks Ltd,1
"Sparks Martinez Johnson, And",1
"And Hart Whitaker Lopez,",1
"Sparks, And Rodriguez Gregory",1
"Sparks, And Ward Davis",1
Sparks-Anderson,1
Sparks-Bailey,1
Sparks-Garcia,1
Sparks-Hanson,1
Sparks-Hawkins,1
Sparks-Johnson,1
Sparks-Lopez,1
Sparks-Lucero,1
Sparks-Marshall,1
Sparks-Ramos,1
Sparks-Richardson,1
Sparks-Smith,1
Sparks-Spencer,1
Sparks-Taylor,1
Sparks-Watkins,1
Sparks-Williams,1
Sparks-Wu,1
Spears Group,1
Spears Ltd,1
"Spears Martinez, And Gay",1
"Spears, And Golden Caldwell",1
Spears-Berry,1
Spears-Doyle,1
Spears-Drake,1
Spears-Nguyen,1
Spears-Santiago,1
Spears-Shah,1
"Spence And Levine, Hernandez",1
"Spence And Lewis, Mclean",1
"Spence And Perez Benson,",1
Spence Group,1
Spence Inc,1
Spence Ltd,1
Spence Plc,1
"Spence Scott, And Johnson",1
"Spence Shea, Foster And",1
Spence Sons And,1
Spence-Erickson,1
Spence-Johnson,1
Spence-Keller,1
"And Hart, Miller Hines",1
Spence-Stanley,1
"Spencer And Frederick Le,",1
"Spencer And Williams Bishop,",1
"Spencer Carpenter, And Thomas",1
"Spencer Davis Mccann, And",1
Spencer Group,1
"Spencer Hardy Williams, And",1
"Spencer Kelley, And Hall",1
"And Hart, Young Obrien",1
"And Hartman Payne Schultz,",1
"Spencer Park, Peterson And",1
Spencer Plc,1
"Spencer Smith Baird, And",1
Spencer Sons And,1
"Spencer Thompson Fuller, And",1
"Spencer Todd, And Ramirez",1
"Spencer, And Alexander Pennington",1
"Spencer, And Dennis Perez",1
"Spencer, And Lee Black",1
"Spencer, Burgess And Richardson",1
"Spencer, Stanley And Riley",1
"Spencer, Zamora Sims And",1
Spencer-Berger,1
Spencer-Boyd,1
Spencer-Bradley,1
Spencer-Carey,1
"And Hartman Williams Rose,",1
Spencer-Chavez,1
Spencer-Diaz,1
Spencer-Foster,1
"And Hartman, Miller Brown",1
Spencer-Howard,1
Spencer-Jones,1
Spencer-Miller,1
Spencer-Nelson,1
Spencer-Rhodes,1
Spencer-Shields,1
Spencer-Solis,1
Spencer-Watts,1
Spencer-Webb,1
Spencer-Weiss,1
Spencer-Wiley,1
Spencer-Young,1
"Stafford And Graham Long,",1
"Stafford And Huff, Garcia",1
"Stafford And Nguyen, Luna",1
"Stafford And Stokes Proctor,",1
"Stafford Cardenas, Lopez And",1
"Stafford Forbes Norris, And",1
"Stafford Jacobs And Butler,",1
"And Hartman, Miller Ford",1
Stafford Plc,1
"Stafford Trujillo, Beasley And",1
"Stafford Valenzuela And Richards,",1
"Stafford, And Contreras Ramirez",1
"Stafford, And Johnson Smith",1
"Stafford, Hull Townsend And",1
Stafford-Anderson,1
Stafford-Bruce,1
Stafford-Cole,1
Stafford-Collins,1
Stafford-Hudson,1
Stafford-Johnson,1
Stafford-Mcintosh,1
Stafford-Medina,1
"Stanley And Coleman Little,",1
"Stanley And Martinez, Myers",1
Stanley And Sons,1
"Stanley And Walker, Jenkins",1
"Stanley And Wilson, Santiago",1
"Stanley Callahan And Armstrong,",1
"And Harvey Reynolds Brooks,",1
"And Harvey Watson Chambers,",1
"And Harvey, Meyer Shaw",1
"Stanley Perkins, And Stanley",1
Stanley Plc,1
"Stanley Russell And Price,",1
"Stanley, And Acosta Noble",1
"Stanley, And Robinson Ortiz",1
"Stanley, Armstrong Taylor And",1
"Stanley, Garrett And Wiley",1
"Stanley, Gregory Carter And",1
"Stanley, Lewis And Hampton",1
Stanley-Allen,1
Stanley-Bryan,1
Stanley-Bryant,1
Stanley-Carter,1
Stanley-Davis,1
Stanley-Farmer,1
Stanley-Ferguson,1
Stanley-Jacobs,1
Stanley-Johnson,1
Stanley-Jones,1
Stanley-Mcguire,1
Stanley-Zamora,1
"Stanton And Harding, Hicks",1
"Stanton Dixon, And Gillespie",1
Stanton Ltd,1
"And Hatfield Cobb Clark,",1
Stanton-Adams,1
Stanton-Hester,1
Stanton-Jones,1
Stanton-Price,1
Stark Group,1
Stark Llc,1
Stark Plc,1
"Stark, And Brown Cunningham",1
"Stark, Haynes Snow And",1
Stark-Berger,1
Stark-Carson,1
Stark-Jones,1
Stark-Rodgers,1
Stark-Smith,1
Stark-Walker,1
"Steele Gentry, Winters And",1
Steele Group,1
Steele Inc,1
Steele Llc,1
"Steele Olson Rodriguez, And",1
Steele Plc,1
"Steele Roberts And Wright,",1
Steele Sons And,1
"Steele, And Gentry Rogers",1
"Steele, Randolph And Lutz",1
"Steele, Stevens And Jones",1
Steele-Baldwin,1
Steele-Ball,1
Steele-Bradford,1
Steele-Gross,1
Steele-Holmes,1
Steele-Johnson,1
Steele-Kim,1
Steele-Morgan,1
Steele-Robinson,1
Steele-Thomas,1
"Stein Allen, And Rodriguez",1
"Stein And Calhoun Fernandez,",1
Stein And Sons,1
"Stein And Wilson Paul,",1
Stein Group,1
Stein Inc,1
Stein Llc,1
"And Hatfield Mann, Strong",1
"Stein Valenzuela, And Wright",1
"Stein, And Mitchell Campbell",1
"Stein, Perry Herrera And",1
Stein-Anderson,1
Stein-Ayers,1
Stein-Campbell,1
Stein-Carson,1
Stein-Dennis,1
Stein-Huerta,1
"And Hatfield Taylor, Romero",1
Stein-Leonard,1
Stein-Olson,1
Stein-Romero,1
Stein-Smith,1
Stein-Watts,1
"Stephens And Bryant, Walton",1
"Stephens And Clark, Mann",1
"Stephens And Long, Jenkins",1
"Stephens And Watkins Miller,",1
"Stephens Black, Tucker And",1
"Stephens Burke And Gonzalez,",1
"Stephens Chavez, And Reyes",1
"Stephens Collins, And Weaver",1
Stephens Group,1
"Stephens Holt And Thompson,",1
"And Hawkins Bryant Fowler,",1
Stephens Llc,1
Stephens Ltd,1
"Stephens Martinez, And Romero",1
Stephens Plc,1
"Stephens Richards, And Adams",1
"Stephens Robinson Adams, And",1
"Stephens Simmons, And Mccullough",1
"Stephens, And Tucker Turner",1
"Stephens, Hinton Watson And",1
"Stephens, Jackson Hughes And",1
"Stephens, Reyes Mccullough And",1
"Stephens, Rodriguez And Sanchez",1
"Stephens, Smith And Villarreal",1
Stephens-Contreras,1
"And Hawkins, Ferguson Gomez",1
Stephens-Diaz,1
Stephens-Fisher,1
Stephens-Houston,1
Stephens-Lee,1
Stephens-Miller,1
Stephens-Owens,1
Stephens-Ramos,1
Stephens-Reese,1
Stephens-Richards,1
Stephens-Roach,1
Stephens-Sanders,1
Stephens-Snyder,1
Stephens-Stevens,1
Stephens-Vasquez,1
Stephens-Watts,1
Stephens-Williams,1
Stephens-Wong,1
"Stephenson And Dominguez Garcia,",1
Stephenson And Sons,1
"Stephenson Fitzpatrick, Mason And",1
Stephenson Inc,1
"And Hawkins, Jackson Charles",1
"Stephenson Smith Morales, And",1
"Stephenson, Nguyen Martinez And",1
Stephenson-Cruz,1
Stephenson-Glenn,1
Stephenson-Hester,1
Stephenson-Martinez,1
Stephenson-Moore,1
Stephenson-Moran,1
Stephenson-Morgan,1
"Stevens And Andrews Robertson,",1
"Stevens And Bauer, Wilson",1
"Stevens And Greer Welch,",1
"Stevens And Howe, Baker",1
"Stevens And Lopez Delacruz,",1
"Stevens And Mckenzie, Mendoza",1
"And Hawkins, Smith Montgomery",1
"Stevens Fitzgerald, And Ballard",1
"Stevens Green Andersen, And",1
And Hayden Sons,1
"Stevens Hall Green, And",1
"Stevens Howe Powell, And",1
"And Hayes Delgado Lane,",1
"Stevens Lawrence, Rodriguez And",1
"And Hayes Hines, Williams",1
"And Hayes Jones Stone,",1
"Stevens Martin, And Pena",1
"And Hayes Rodriguez, Green",1
"Stevens Prince, And Schmitt",1
"Stevens Smith And Michael,",1
"Stevens Taylor And Brooks,",1
"Stevens Turner, And Smith",1
"Stevens Wood Scott, And",1
"Stevens, And Decker Walls",1
"Stevens, And Keller Martin",1
"Stevens, And Price Gordon",1
"Stevens, And Rogers Davis",1
"Stevens, And Turner Townsend",1
"Stevens, And Williams Valdez",1
"Stevens, Bennett Lewis And",1
"Stevens, Butler Stephens And",1
"Stevens, Cunningham And Gilbert",1
"Stevens, Hudson And Simmons",1
"Stevens, Rodriguez And Mckinney",1
"Stevens, Vazquez And Dyer",1
Stevens-Bailey,1
Stevens-Bates,1
Stevens-Brewer,1
Stevens-Brown,1
Stevens-Campbell,1
Stevens-Cook,1
Stevens-Davies,1
Stevens-Gaines,1
Stevens-Gomez,1
Stevens-Goodman,1
Stevens-Greer,1
Stevens-Hoffman,1
Stevens-Hooper,1
Stevens-Howard,1
Stevens-Jones,1
Stevens-Joseph,1
Stevens-Lewis,1
Stevens-Mcdonald,1
Stevens-Miller,1
Stevens-Peck,1
Stevens-Romero,1
Stevens-Ross,1
Stevens-Sanchez,1
Stevens-Taylor,1
Stevens-Thomas,1
Stevens-Valencia,1
Stevens-Walls,1
"Stevenson Blanchard, And Villa",1
"And Hayes Williams Walker,",1
"And Hayes, Harris Cook",1
"Stevenson Pierce Hill, And",1
"Stevenson Robinson, And Kelly",1
"Stevenson, And Jones Wright",1
"Stevenson, Garcia And Williams",1
"Stevenson, Goodwin And Chapman",1
"Stevenson, Harding And Woods",1
Stevenson-Chen,1
Stevenson-Cobb,1
Stevenson-Ford,1
Stevenson-Gonzales,1
Stevenson-Hebert,1
Stevenson-James,1
Stevenson-Johnson,1
Stevenson-Lamb,1
Stevenson-Lawrence,1
Stevenson-Lee,1
Stevenson-Miller,1
Stevenson-Morrow,1
Stevenson-Wheeler,1
Stevenson-Wilson,1
Stevenson-Wong,1
"Stewart Acosta And Tate,",1
"Stewart And Ashley West,",1
"Stewart And Raymond Martinez,",1
"Stewart And Rhodes, Edwards",1
"Stewart And Sanchez Lawrence,",1
"And Haynes Gibbs, Griffin",1
"Stewart And White, Parker",1
"Stewart And Wright Adams,",1
"Stewart Armstrong, And Brown",1
"Stewart Ayers, And Mayo",1
"Stewart Blackburn, And Butler",1
"Stewart Clayton Smith, And",1
"Stewart Dodson Stewart, And",1
"Stewart Garcia, And Stokes",1
"Stewart Garza And Webb,",1
"Stewart Gray Sweeney, And",1
"And Haynes, Jenkins Thompson",1
"Stewart Guzman Moore, And",1
"And Heath May Hughes,",1
"Stewart James, Hall And",1
"Stewart Kelly, Hart And",1
"Stewart Lindsey And Myers,",1
"And Heath, Shannon Lin",1
"And Heath, Smith Lewis",1
"Stewart Murray, And Sawyer",1
"Stewart Oneill, Melton And",1
"And Henderson Bauer Lee,",1
"Stewart Sharp And Miller,",1
"Stewart Simpson, Wolfe And",1
"And Henderson Choi Charles,",1
"Stewart Zimmerman And Dudley,",1
"Stewart, And Black Tran",1
"Stewart, And Moore Oconnell",1
"Stewart, And Williams Sanchez",1
"Stewart, Ferguson Warren And",1
"Stewart, Ortega Ruiz And",1
"Stewart, Robertson Beard And",1
"Stewart, Young And Gregory",1
Stewart-Baker,1
"And Henderson Gomez, Brown",1
Stewart-Cook,1
Stewart-Copeland,1
Stewart-Cox,1
Stewart-Cross,1
Stewart-Cruz,1
Stewart-Daniel,1
Stewart-Dominguez,1
Stewart-Erickson,1
Stewart-Garcia,1
Stewart-Garza,1
Stewart-Gibbs,1
Stewart-Glenn,1
Stewart-Gonzalez,1
Stewart-Gutierrez,1
Stewart-Hayes,1
Stewart-Henderson,1
Stewart-Hoffman,1
Stewart-Howard,1
Stewart-Jones,1
Stewart-Joyce,1
Stewart-Kennedy,1
Stewart-Lane,1
Stewart-Marsh,1
Stewart-Martinez,1
Stewart-Mckinney,1
Stewart-Montoya,1
Stewart-Munoz,1
Stewart-Murphy,1
Stewart-Nelson,1
Stewart-Ochoa,1
Stewart-Ortiz,1
"And Henderson Kline Barnett,",1
Stewart-Perry,1
Stewart-Pratt,1
Stewart-Reed,1
"And Henderson Mckay Johnson,",1
Stewart-Rose,1
Stewart-Scott,1
Stewart-Simmons,1
Stewart-Sparks,1
Stewart-Stanton,1
Stewart-Stephens,1
Stewart-Vance,1
Stewart-Warner,1
Stewart-Webster,1
Stewart-Whitaker,1
"And Henderson Oconnell Williams,",1
Stewart-Yu,1
"Stokes And Hall, Kirk",1
Stokes And Sons,1
"Stokes Chambers And Martin,",1
"And Henderson Perry, Cordova",1
Stokes Inc,1
Stokes Plc,1
"Stokes Reed, Camacho And",1
"Stokes Ward, Leonard And",1
"Stokes, And Nash Crawford",1
"Stokes, Porter Peck And",1
Stokes-Baker,1
Stokes-Ballard,1
Stokes-Martin,1
Stokes-Taylor,1
Stokes-Wilkerson,1
"Stone And Andrews, Boyd",1
"Stone And Brown Hamilton,",1
"Stone And Burke Thomas,",1
"Stone And Hogan, Wright",1
"Stone And Jacobs, Reyes",1
"Stone And Johnson, Scott",1
"Stone And Meyer Tucker,",1
"Stone And Rodriguez, Myers",1
"Stone And Saunders Anderson,",1
Stone And Sons,1
"Stone And Walton, Nichols",1
"Stone And Winters, Roberts",1
"Stone Brown Brown, And",1
"Stone Cantu, Lowery And",1
"Stone Gonzalez, And King",1
"And Henderson Salazar, Cooper",1
"And Henderson Torres, Potter",1
Stone Llc,1
"Stone Lopez, And Evans",1
"And Henderson, Brandt Tucker",1
"Stone Mendoza, Garrett And",1
"And Henderson, Rivera Barker",1
"Stone Reese And Lam,",1
"Stone Rhodes, And Padilla",1
"Stone Sanchez, Williamson And",1
"Stone, Brooks And Johnston",1
"Stone, Dixon And Berry",1
"Stone, Ingram And Deleon",1
Stone-Arroyo,1
Stone-Castillo,1
Stone-Clark,1
Stone-Crawford,1
"And Hendricks Page Li,",1
Stone-Ford,1
Stone-Garcia,1
Stone-Green,1
Stone-Gross,1
Stone-Hale,1
Stone-Hayes,1
Stone-Henry,1
Stone-Horn,1
Stone-Lopez,1
Stone-Martin,1
Stone-Miller,1
Stone-Montgomery,1
Stone-Moore,1
Stone-Myers,1
Stone-Perez,1
Stone-Reese,1
Stone-Robinson,1
Stone-Smith,1
Stone-Stout,1
"And Hendricks, Davis Cole",1
"And Henry Alexander Martinez,",1
Stone-White,1
Stone-Willis,1
Stone-Zuniga,1
"Stout Dougherty, And Washington",1
Stout Plc,1
"Stout, Young Davis And",1
Stout-Brown,1
Stout-Cook,1
Stout-Mack,1
Stout-Serrano,1
"Strickland And Nolan Guerra,",1
"Strickland And Richardson, Smith",1
"Strickland And Schmidt Harrell,",1
"Strickland And Smith Marquez,",1
Strickland Llc,1
"Strickland Richards And Benjamin,",1
"Strickland, And Jenkins Jackson",1
Strickland-Brown,1
Strickland-Francis,1
Strickland-Huang,1
Strickland-Jackson,1
Strickland-Lane,1
Strickland-Perez,1
Strickland-Rios,1
Strickland-Shields,1
Strickland-Smith,1
Strickland-Williams,1
"Strong And Bell, Ortiz",1
"Strong Levy Adams, And",1
Strong Plc,1
"Strong Santos, Black And",1
"Strong, Suarez Fletcher And",1
Strong-Bailey,1
Strong-Bell,1
Strong-Bond,1
Strong-Hill,1
Strong-Lowery,1
Strong-Stokes,1
"Stuart And Bell, Mendoza",1
"Stuart Davenport, Leblanc And",1
Stuart Group,1
Stuart Inc,1
"Stuart Mack, Horn And",1
"Stuart White, And Dalton",1
"Stuart Wolf And Clark,",1
Stuart-Fuller,1
Stuart-Mathis,1
Stuart-Mooney,1
Stuart-Robertson,1
Stuart-Wallace,1
Stuart-Walters,1
"Suarez Dillon Martinez, And",1
And Henry Sons,1
Suarez Inc,1
Suarez Llc,1
Suarez Ltd,1
"Suarez, Mckinney Lee And",1
Suarez-Anderson,1
Suarez-Becker,1
"And Henry White Reid,",1
Suarez-Chavez,1
Suarez-Flores,1
Suarez-Hickman,1
Suarez-Lambert,1
Suarez-Moore,1
Suarez-Nelson,1
Suarez-Proctor,1
"Sullivan And Brown Jennings,",1
"Sullivan And Daniels Hart,",1
"Sullivan And Miller, Ray",1
Sullivan And Sons,1
"Sullivan And Walter, Love",1
"Sullivan And Young Gonzalez,",1
"And Henry, Brown Acosta",1
"Sullivan Henderson Lloyd, And",1
"Sullivan Jackson, Black And",1
"Sullivan Juarez, And Rivera",1
"And Henry, Oneill Montoya",1
"And Hensley Alexander, Alvarez",1
"Sullivan Mullins, Macias And",1
"Sullivan Page Martin, And",1
"Sullivan Phillips, King And",1
"And Hensley, Monroe Mitchell",1
"Sullivan Riley, Allison And",1
"Sullivan Sanders, Dougherty And",1
"Sullivan Tran And Matthews,",1
"Sullivan, And Butler Kidd",1
"Sullivan, And Howard Scott",1
"Sullivan, And Mcintosh Lin",1
"Sullivan, And Wilson Reynolds",1
"Sullivan, Coleman Munoz And",1
"Sullivan, Gay Sanchez And",1
"Sullivan, Mason Roach And",1
"Sullivan, Rodriguez And Richardson",1
Sullivan-Barnes,1
Sullivan-Barnett,1
Sullivan-Bell,1
Sullivan-Benjamin,1
Sullivan-Bright,1
Sullivan-Burke,1
Sullivan-Burnett,1
Sullivan-Cooley,1
Sullivan-Crosby,1
Sullivan-Gibson,1
Sullivan-Graham,1
Sullivan-Guzman,1
Sullivan-Holder,1
Sullivan-Holloway,1
Sullivan-Jackson,1
Sullivan-Jones,1
Sullivan-Jordan,1
Sullivan-Keller,1
Sullivan-Krueger,1
Sullivan-Larson,1
Sullivan-Lewis,1
Sullivan-Miller,1
Sullivan-Ortiz,1
Sullivan-Sawyer,1
Sullivan-Snow,1
Sullivan-Sullivan,1
"And Henson Jefferson, Holder",1
"Summers And Rodriguez, Williams",1
"Summers Clark, Hughes And",1
"Summers Cross Lopez, And",1
Summers Group,1
"Summers Kennedy Williams, And",1
"Summers Wade, Proctor And",1
Summers-Frank,1
Summers-Gibson,1
Summers-Hernandez,1
Summers-Johnson,1
Summers-Mendoza,1
Summers-Ortega,1
Summers-Patel,1
Summers-Smith,1
"Sutton And Gordon Singleton,",1
"Sutton Cervantes And Riddle,",1
Sutton Inc,1
"And Henson, Zamora Hart",1
Sutton Ltd,1
"Sutton Martin And Miranda,",1
"Sutton Meyer, Rogers And",1
"Sutton Miller And Liu,",1
"Sutton Romero And Lawson,",1
"Sutton Sherman, And Ross",1
"Sutton, And Arroyo Ware",1
"Sutton, Barron And Bell",1
"Sutton, Oliver And Howe",1
Sutton-Bailey,1
Sutton-Foster,1
Sutton-Gonzalez,1
Sutton-Hernandez,1
Sutton-Horton,1
Sutton-Long,1
Sutton-Miller,1
Sutton-Mitchell,1
Sutton-Morse,1
Sutton-Olson,1
Sutton-Reid,1
Sutton-Richardson,1
Sutton-Stanley,1
"Swanson And Johnson Daniels,",1
Swanson And Sons,1
"Swanson Gonzalez, Shaw And",1
Swanson Group,1
Swanson Inc,1
Swanson Llc,1
Swanson Ltd,1
"Swanson Miles Hayes, And",1
"And Herman Williams Parker,",1
"Swanson Poole Ramirez, And",1
"Swanson Robinson, And Sanchez",1
"Swanson Taylor, And Russell",1
"Swanson White Sanders, And",1
"Swanson, George Clayton And",1
"Swanson, Joseph Keller And",1
"Swanson, Morris And Woodard",1
Swanson-Anderson,1
Swanson-Collins,1
Swanson-Dorsey,1
Swanson-Dunn,1
Swanson-Espinoza,1
Swanson-Ferguson,1
Swanson-Garcia,1
Swanson-Holmes,1
Swanson-Lozano,1
Swanson-Miles,1
Swanson-Ramirez,1
Swanson-Reed,1
"Sweeney Beltran, Reynolds And",1
Sweeney Group,1
Sweeney Llc,1
Sweeney Ltd,1
Sweeney Plc,1
Sweeney Sons And,1
"Sweeney Valencia, Hammond And",1
"Sweeney Wilson And Taylor,",1
"Sweeney, And Martin Meza",1
Sweeney-Bender,1
Sweeney-Collins,1
Sweeney-Jackson,1
Sweeney-Mendez,1
Sweeney-Robertson,1
Sweeney-Rojas,1
"Tanner And Walker Wallace,",1
"Tanner And Wilson Espinoza,",1
"Tanner Green Arnold, And",1
Tanner Group,1
"Tanner Smith Miller, And",1
"Tanner, And Davis Ray",1
"Tanner, And Huang Brown",1
"Tanner, Brown And Welch",1
"And Hernandez Acevedo, Thompson",1
Tanner-Mendoza,1
Tanner-Whitaker,1
"Tapia And Davis, Wiley",1
Tapia Inc,1
Tapia Ltd,1
Tapia-Cole,1
Tapia-Cook,1
Tapia-Crosby,1
Tapia-Green,1
Tapia-Holland,1
Tapia-King,1
"Tate And Brady Jackson,",1
"Tate And Dunn, Davis",1
"Tate And Walker Mendez,",1
"Tate Flynn, And Wiggins",1
"And Hernandez Cook Wilson,",1
Tate Ltd,1
"Tate Morales Navarro, And",1
"Tate Pierce And Jackson,",1
"And Hernandez Dennis Obrien,",1
"Tate Pratt And Duncan,",1
"Tate Wolf, And Thompson",1
Tate-Cooper,1
Tate-Davis,1
Tate-Duncan,1
Tate-Jensen,1
Tate-Johnson,1
Tate-Miller,1
Tate-Payne,1
Tate-Phillips,1
Tate-Reese,1
Tate-Spence,1
Tate-Thomas,1
Tate-Thompson,1
"Taylor And Alexander Wade,",1
"Taylor And Ashley, Bishop",1
"Taylor And Boyd Carroll,",1
"Taylor And Holmes, Hickman",1
"Taylor And Jones, Harris",1
"Taylor And Medina, Thornton",1
"Taylor And Mercado, Barnes",1
"Taylor And Perez Ewing,",1
"Taylor And Scott Bowman,",1
"Taylor And Thomas Perry,",1
"Taylor And Watts, Ellis",1
"Taylor And Williams, Graham",1
"Taylor Avila, And Moody",1
"Taylor Bates And Gross,",1
"Taylor Benton And Watson,",1
"Taylor Buck And Kirk,",1
"Taylor Cooper, Stewart And",1
"Taylor Dougherty Terry, And",1
"Taylor Espinoza And Villegas,",1
"Taylor Francis, And Phillips",1
"Taylor Frye Curtis, And",1
"Taylor Graham Riley, And",1
"And Hernandez Dunlap Barnett,",1
"Taylor Hammond And Hernandez,",1
"Taylor Holden And Benitez,",1
"Taylor Hughes And Smith,",1
"And Hernandez Everett Mccullough,",1
"Taylor Johnson, Beasley And",1
"Taylor Jones, And Ferguson",1
"Taylor Jones, And Howard",1
"Taylor Jones, And Johnson",1
"Taylor Keith And Wood,",1
"And Hernandez Farmer Clark,",1
"And Hernandez Gallegos Mitchell,",1
"Taylor Marquez And Gardner,",1
"Taylor Mcgee Taylor, And",1
"Taylor Mcintosh And Ross,",1
"Taylor Molina, And Martinez",1
"Taylor Morales, And Adams",1
"Taylor Morales, And Stewart",1
"Taylor Murphy, Gibson And",1
"Taylor Nichols, Mason And",1
"Taylor Olson, And Payne",1
"Taylor Patel Mendoza, And",1
"And Hernandez Gray, Jones",1
"Taylor Reyes And Bowers,",1
"Taylor Rose And Harrington,",1
"Taylor Sanchez, And Lopez",1
"Taylor Simpson, And Rodriguez",1
"Taylor Small, Lin And",1
"Taylor Smith And Vasquez,",1
"Taylor Smith Hernandez, And",1
Taylor Sons And,1
"Taylor Torres Valenzuela, And",1
"Taylor Walsh Hawkins, And",1
"Taylor Werner, And Wade",1
"Taylor Wheeler Ryan, And",1
"Taylor Williams And Brown,",1
"Taylor Wilson, And Howell",1
"Taylor, And Alexander Pratt",1
"Taylor, And Brown Mills",1
"Taylor, And Garcia Lester",1
"Taylor, And Garner Lee",1
"Taylor, And Greer Duncan",1
"Taylor, And Herrera Martinez",1
"Taylor, And King Lopez",1
"Taylor, And Lindsey Peterson",1
"Taylor, And Mendoza Good",1
"Taylor, And Mullins Lara",1
"Taylor, And Ortiz Reid",1
"Taylor, And Reilly Gillespie",1
"Taylor, And Young Garcia",1
"Taylor, Benson Rivera And",1
"Taylor, Boyle Dalton And",1
"Taylor, Brown Martinez And",1
"Taylor, Bush And Campos",1
"Taylor, Cook And Hicks",1
"Taylor, Garcia And York",1
"Taylor, Johnson Green And",1
"Taylor, Jordan Ochoa And",1
"Taylor, Lopez And Sheppard",1
"Taylor, Miller And Barnett",1
"Taylor, Reilly And Reyes",1
"Taylor, Ross And Jones",1
"Taylor, Sanchez And Jackson",1
"Taylor, Smith And Maddox",1
"Taylor, Turner Johnson And",1
"Taylor, Walker And West",1
"Taylor, Walker Thomas And",1
"Taylor, Williams And Zavala",1
Taylor-Alvarez,1
Taylor-Andersen,1
Taylor-Andrews,1
Taylor-Avery,1
Taylor-Baker,1
Taylor-Barrett,1
Taylor-Beck,1
Taylor-Beltran,1
Taylor-Bradley,1
Taylor-Bridges,1
Taylor-Brown,1
Taylor-Burton,1
Taylor-Caldwell,1
Taylor-Campbell,1
Taylor-Castillo,1
Taylor-Cline,1
Taylor-Conner,1
Taylor-Copeland,1
Taylor-Cortez,1
Taylor-David,1
Taylor-Dean,1
Taylor-Dorsey,1
Taylor-Douglas,1
Taylor-Duke,1
Taylor-Durham,1
Taylor-Evans,1
Taylor-Fernandez,1
Taylor-Flores,1
Taylor-Flynn,1
Taylor-Franco,1
Taylor-Frost,1
Taylor-Grant,1
"And Hernandez Harrison, Macdonald",1
Taylor-Hayes,1
Taylor-Hernandez,1
Taylor-Jarvis,1
"And Hernandez Jones Hubbard,",1
Taylor-Kelley,1
Taylor-Kennedy,1
Taylor-King,1
Taylor-Kirk,1
Taylor-Lowery,1
Taylor-Lucas,1
Taylor-Martinez,1
Taylor-Mccarty,1
Taylor-Mccoy,1
Taylor-Moore,1
Taylor-Navarro,1
Taylor-Neal,1
Taylor-Nelson,1
"And Hernandez Lewis, Brown",1
Taylor-Oneill,1
Taylor-Ortiz,1
Taylor-Park,1
Taylor-Parker,1
Taylor-Paul,1
Taylor-Perez,1
Taylor-Pierce,1
Taylor-Porter,1
"And Hernandez Long Adams,",1
Taylor-Price,1
Taylor-Ramsey,1
Taylor-Reid,1
Taylor-Rios,1
Taylor-Robertson,1
"And Hernandez Mckinney Li,",1
Taylor-Sanders,1
Taylor-Schultz,1
Taylor-Schwartz,1
Taylor-Small,1
Taylor-Smith,1
Taylor-Stevens,1
Taylor-Sweeney,1
"And Hernandez Mills, Harris",1
Taylor-Thomas,1
Taylor-Torres,1
"And Hernandez Riggs, Diaz",1
Taylor-Vargas,1
Taylor-Villegas,1
Taylor-Waller,1
Taylor-Watson,1
Taylor-West,1
Taylor-Whitaker,1
Taylor-White,1
Taylor-Williams,1
Taylor-Williamson,1
"And Hernandez Tate, Wilson",1
Taylor-Wong,1
Taylor-Young,1
"Terrell And Campbell, Parker",1
Terrell And Sons,1
"Terrell Hamilton Lewis, And",1
"And Hernandez Walker Hull,",1
Terrell Llc,1
"Terrell, Daugherty And Thomas",1
Terrell-Benton,1
Terrell-Buchanan,1
Terrell-Evans,1
"And Hernandez Wallace Frost,",1
Terrell-Lawson,1
Terrell-Powell,1
Terrell-Stewart,1
Terrell-Terry,1
Terrell-Webb,1
"Terry And Diaz Ward,",1
"Terry And Stewart Bell,",1
"Terry Carter Davis, And",1
"Terry Contreras, Gonzales And",1
Terry Group,1
"Terry Jordan And Jones,",1
Terry Llc,1
"And Hernandez Waters, Cruz",1
"Terry Medina, Larsen And",1
"Terry Murphy Oliver, And",1
"Terry Nixon, Cobb And",1
"Terry Preston And Moore,",1
"Terry Rivers Day, And",1
"Terry Stevens, And Ramos",1
"Terry, And Johnson Bentley",1
"Terry, And Montes Ortiz",1
"Terry, And Young Brady",1
"Terry, Mcdaniel Williams And",1
Terry-Anderson,1
Terry-Clark,1
Terry-Daniels,1
Terry-Flores,1
Terry-Hall,1
Terry-Hampton,1
Terry-Jimenez,1
Terry-Knight,1
Terry-Miller,1
Terry-Moyer,1
Terry-Nguyen,1
"Thomas Allen Bradley, And",1
"Thomas And Baker Smith,",1
"Thomas And Braun Gordon,",1
"Thomas And Day, Walker",1
"Thomas And Evans Gordon,",1
"Thomas And Evans Miller,",1
"Thomas And Fischer, Hamilton",1
"Thomas And Hogan Robertson,",1
"Thomas And Jackson Mcbride,",1
"Thomas And Keller Stewart,",1
"Thomas And Lambert, Young",1
"Thomas And Moore Cameron,",1
"Thomas And Murphy Preston,",1
"Thomas And Nelson Arellano,",1
"Thomas And Nguyen, King",1
"And Hernandez Wiggins, Miller",1
"Thomas And Thomas, Mcmahon",1
"Thomas Anderson And Blackwell,",1
"Thomas Anderson, And Cox",1
"Thomas Bailey, And Guzman",1
"Thomas Baker, Hinton And",1
"Thomas Bates And Barnes,",1
"Thomas Booker, And Thomas",1
"Thomas Brown Alvarez, And",1
"Thomas Carson Dalton, And",1
"Thomas Castro, Vaughn And",1
"Thomas Craig Ramirez, And",1
"Thomas Daniel, Hunter And",1
"Thomas Dawson, And Adams",1
"Thomas Ferguson Juarez, And",1
"And Hernandez Willis, Burke",1
"Thomas Hanna Farmer, And",1
"Thomas Hanson, And Edwards",1
"Thomas Harvey And Brown,",1
"And Hernandez, Combs Green",1
"Thomas Johnson, Gonzalez And",1
"Thomas Jones And Hill,",1
"And Hernandez, Fletcher Oneal",1
"And Hernandez, Flores Cook",1
"Thomas Martinez White, And",1
"Thomas Mckee, Burton And",1
"Thomas Murray Bowers, And",1
"And Hernandez, Garcia Parks",1
"Thomas Price Reeves, And",1
"Thomas Robbins And Price,",1
"Thomas Rodriguez Rosales, And",1
"Thomas Skinner And Phillips,",1
"Thomas Smith And Gilbert,",1
"Thomas Smith Joyce, And",1
"And Hernandez, Hughes Walton",1
"Thomas Thompson Terry, And",1
"Thomas Walters And Blake,",1
"Thomas Williams Bailey, And",1
"Thomas Wood, And Roberts",1
"Thomas Wright, Welch And",1
"Thomas, And Allen Smith",1
"Thomas, And Hatfield Wright",1
"Thomas, And Marsh Miller",1
"Thomas, And Nichols Wood",1
"Thomas, And Scott Frey",1
"Thomas, And Turner Ross",1
"Thomas, Andrews And Khan",1
"Thomas, Bauer And Moore",1
"Thomas, Beltran Thompson And",1
"Thomas, Clark And Keith",1
"Thomas, Cooper And Wallace",1
"Thomas, Cox And Johnson",1
"Thomas, Green And Barron",1
"Thomas, Jones Freeman And",1
"Thomas, Lewis And Flores",1
"Thomas, Miller Leon And",1
"Thomas, Osborne Bailey And",1
"Thomas, Richardson And Jones",1
"Thomas, Smith And Savage",1
"Thomas, Stewart And Reyes",1
"Thomas, Thompson And Adams",1
"Thomas, White Williams And",1
Thomas-Adams,1
Thomas-Adkins,1
Thomas-Allen,1
Thomas-Ballard,1
Thomas-Bartlett,1
Thomas-Bond,1
Thomas-Bradley,1
Thomas-Braun,1
Thomas-Brooks,1
Thomas-Calhoun,1
Thomas-Carlson,1
Thomas-Carter,1
Thomas-Christensen,1
Thomas-Clay,1
Thomas-Daugherty,1
Thomas-Davis,1
Thomas-Diaz,1
Thomas-Duncan,1
Thomas-Erickson,1
Thomas-Escobar,1
Thomas-Evans,1
Thomas-Forbes,1
Thomas-Frank,1
Thomas-French,1
Thomas-Garcia,1
Thomas-Goodwin,1
Thomas-Grant,1
"And Hernandez, Kelly Sanders",1
Thomas-Hamilton,1
Thomas-Harmon,1
Thomas-Harris,1
Thomas-Hensley,1
Thomas-Henson,1
Thomas-Hill,1
Thomas-Holder,1
Thomas-Horton,1
Thomas-Huber,1
Thomas-Jackson,1
Thomas-Jensen,1
"And Hernandez, Kline Hall",1
Thomas-Jones,1
Thomas-Kelley,1
Thomas-Kelly,1
Thomas-Krause,1
Thomas-Lawrence,1
Thomas-Lawson,1
Thomas-Lee,1
Thomas-Logan,1
Thomas-Long,1
Thomas-Lopez,1
Thomas-Love,1
Thomas-Malone,1
Thomas-Manning,1
Thomas-Martin,1
Thomas-Mcdonald,1
Thomas-Miles,1
Thomas-Miller,1
Thomas-Morales,1
"And Hernandez, Lewis Collins",1
Thomas-Nelson,1
Thomas-Nguyen,1
"And Hernandez, Smith Snyder",1
Thomas-Norris,1
Thomas-Odonnell,1
Thomas-Ortega,1
Thomas-Payne,1
Thomas-Perez,1
"And Hernandez, Smith Wiley",1
Thomas-Peters,1
Thomas-Phillips,1
Thomas-Pierce,1
Thomas-Pratt,1
"And Hernandez, Townsend Thompson",1
Thomas-Reed,1
Thomas-Robbins,1
Thomas-Robinson,1
Thomas-Rodriguez,1
Thomas-Salinas,1
Thomas-Schneider,1
"And Herrera Blackburn Harper,",1
Thomas-Summers,1
Thomas-Taylor,1
Thomas-Thomas,1
Thomas-Thompson,1
"And Herrera Jackson Gross,",1
Thomas-Walker,1
Thomas-Wallace,1
"And Herrera Torres Hudson,",1
Thomas-Watts,1
"And Herrera, Brown Gordon",1
Thomas-Wilkerson,1
"And Herrera, Cain Weiss",1
"Thompson And Ballard Wilson,",1
"Thompson And Black, Hendricks",1
"Thompson And Castillo, Parker",1
"Thompson And Harris, Williams",1
"Thompson And Herrera, Phillips",1
"Thompson And Kane Williams,",1
"Thompson And Mendez, Duncan",1
"Thompson And Miller, Allen",1
"Thompson And Miller, Morris",1
"Thompson And Obrien, Nguyen",1
"Thompson And Ortiz Juarez,",1
"Thompson And Phillips Simmons,",1
"Thompson And Phillips, Miller",1
"Thompson And Price Park,",1
"Thompson And Reyes Johnson,",1
"Thompson And Rice Vasquez,",1
"Thompson And Roberts, Vargas",1
"Thompson And Robinson Middleton,",1
"Thompson And Ruiz, Contreras",1
"Thompson And Schmidt Brooks,",1
"And Herrera, Cox Higgins",1
"Thompson And Strong, Lester",1
"Thompson And Young, Walker",1
"Thompson Cervantes, And Hayes",1
"Thompson Davies, Jones And",1
"Thompson Dean, And Dorsey",1
"Thompson Eaton, Smith And",1
"Thompson Flores Guzman, And",1
"Thompson Flynn, And Jones",1
"Thompson Fritz And Peterson,",1
"Thompson Garcia Vaughn, And",1
"Thompson Garrett Martin, And",1
"Thompson Green Harmon, And",1
"And Herrera, Kramer Holmes",1
"Thompson Hamilton, Wilson And",1
"And Herrera, Miller Adkins",1
"And Herring Clark, Dorsey",1
"Thompson Lopez Jenkins, And",1
"Thompson Lowery, And Castillo",1
"And Herring Freeman, Tapia",1
"Thompson Morales, And Clark",1
"Thompson Morton And Brown,",1
"Thompson Nelson, Higgins And",1
"Thompson Oliver And Vaughn,",1
"Thompson Patrick And Smith,",1
"And Herring Rivera Newton,",1
"Thompson Pratt, Williams And",1
"Thompson Ritter Austin, And",1
"Thompson Scott Jimenez, And",1
"And Hess Baxter, Thomas",1
"Thompson Summers Glenn, And",1
"Thompson Thompson Lindsey, And",1
"Thompson White, And Miller",1
"Thompson Wiggins And Frazier,",1
"Thompson, And Cox Bailey",1
"Thompson, And Hawkins Flores",1
"Thompson, And Henderson Hunter",1
"Thompson, And Holland Alexander",1
"Thompson, And Lopez Jennings",1
"Thompson, And Morgan Sellers",1
"Thompson, And Nelson Valentine",1
"Thompson, And Ruiz Vance",1
"Thompson, And Sharp Melendez",1
"Thompson, And Warren Murray",1
"Thompson, Bishop And Coleman",1
"Thompson, Bishop Ibarra And",1
"Thompson, Cole And Johnson",1
"Thompson, Cummings And Cortez",1
"Thompson, Gordon Ray And",1
"Thompson, Hicks And Downs",1
"Thompson, Howell Quinn And",1
"Thompson, Hunt Hughes And",1
"Thompson, Little Trujillo And",1
"Thompson, Lopez And Smith",1
"Thompson, Martinez And Padilla",1
"Thompson, Oliver And Robles",1
"Thompson, Payne And Taylor",1
"Thompson, Sanchez And Craig",1
"Thompson, Smith And Green",1
"Thompson, Stevens And Yang",1
"Thompson, White And Garcia",1
"Thompson, Wilson Rangel And",1
Thompson-Acosta,1
Thompson-Adams,1
Thompson-Bailey,1
Thompson-Barnett,1
Thompson-Becker,1
Thompson-Benton,1
"And Hess Delgado Foster,",1
Thompson-Buchanan,1
Thompson-Burke,1
Thompson-Burns,1
Thompson-Byrd,1
Thompson-Charles,1
Thompson-Chavez,1
Thompson-Collier,1
Thompson-Cunningham,1
"And Hess, Nguyen Everett",1
Thompson-Dorsey,1
Thompson-Ellison,1
Thompson-Esparza,1
Thompson-Frazier,1
Thompson-Gonzales,1
Thompson-Harper,1
Thompson-Hays,1
Thompson-Hill,1
Thompson-Hogan,1
Thompson-Hubbard,1
Thompson-Hudson,1
Thompson-Jackson,1
Thompson-Johnson,1
Thompson-Jones,1
Thompson-Knapp,1
Thompson-Knight,1
Thompson-Lamb,1
Thompson-Le,1
Thompson-Lewis,1
Thompson-Lynch,1
Thompson-Martinez,1
Thompson-Mejia,1
Thompson-Meyers,1
Thompson-Montgomery,1
Thompson-Morris,1
Thompson-Morrow,1
Thompson-Murphy,1
Thompson-Murray,1
Thompson-Newman,1
Thompson-Nguyen,1
Thompson-Nichols,1
Thompson-Olson,1
"And Hester Swanson, Glenn",1
Thompson-Park,1
Thompson-Parker,1
Thompson-Payne,1
Thompson-Phillips,1
Thompson-Rhodes,1
Thompson-Ritter,1
Thompson-Robertson,1
And Hickman Sons,1
Thompson-Ryan,1
Thompson-Schneider,1
Thompson-Schwartz,1
Thompson-Scott,1
Thompson-Shaw,1
Thompson-Simpson,1
Thompson-Singh,1
Thompson-Smith,1
Thompson-Solis,1
Thompson-Spears,1
Thompson-Sullivan,1
Thompson-Thomas,1
Thompson-Tucker,1
Thompson-Turner,1
Thompson-Tyler,1
Thompson-Underwood,1
Thompson-Vargas,1
Thompson-Velez,1
"And Hicks Murray, Green",1
Thompson-Walls,1
Thompson-Walton,1
Thompson-Washington,1
Thompson-Weber,1
Thompson-West,1
Thompson-White,1
Thompson-Williams,1
Thompson-Wilson,1
Thompson-Wright,1
Thompson-Wyatt,1
Thompson-Young,1
Thompson-Zuniga,1
"Thornton And Marshall, Boyle",1
"Thornton And Nguyen Freeman,",1
"Thornton Bailey, Freeman And",1
"Thornton Brown Castro, And",1
Thornton Group,1
Thornton Inc,1
"Thornton, Adams Mccarty And",1
"Thornton, And Adams Hubbard",1
"Thornton, And Winters Mccarthy",1
"Thornton, Brock Montgomery And",1
"Thornton, Hawkins And Castillo",1
"Thornton, Hernandez And Brown",1
"Thornton, Merritt Webb And",1
"Thornton, Richardson And Nelson",1
"Thornton, Whitaker And Dean",1
Thornton-Anderson,1
Thornton-Chan,1
Thornton-Conley,1
Thornton-Keller,1
Thornton-Mclean,1
Thornton-Newton,1
Thornton-Pierce,1
Thornton-Roy,1
Thornton-Salas,1
Thornton-Sharp,1
Thornton-Williams,1
"Todd And House Jones,",1
"Todd And Mullins, Smith",1
"Todd And West, Doyle",1
Todd Group,1
Todd Llc,1
"Todd Love, Foster And",1
"Todd Mcdonald And Berry,",1
Todd Plc,1
"Todd Villarreal, Mercer And",1
Todd-Campbell,1
Todd-Davis,1
Todd-Douglas,1
"And Hicks Pham, Cooley",1
Todd-Jennings,1
Todd-Jones,1
Todd-Madden,1
Todd-Mitchell,1
Todd-Schultz,1
Todd-Valentine,1
Todd-White,1
Todd-Williams,1
"Torres And Blevins Jones,",1
"Torres And Brock, Watson",1
"Torres And Brown, Moore",1
"Torres And Gonzalez, Peterson",1
"Torres And Hardy, Wells",1
"Torres And Pena, Oliver",1
"Torres And Pham Guerrero,",1
"Torres And Scott Allen,",1
"And Hicks Ray, Lloyd",1
"Torres Barton And Bowen,",1
"Torres Bowers And Pitts,",1
"Torres Cowan And Booth,",1
"Torres Cruz Allen, And",1
"Torres Davis, Wilson And",1
"Torres Fitzpatrick, And Mcguire",1
"Torres Fitzpatrick, Smith And",1
"Torres Flores Martinez, And",1
"And Hicks, Mathews Gilbert",1
"Torres Hawkins, Morris And",1
"And Hicks, Walker Jordan",1
"And Higgins Gray, Hurst",1
"Torres Lopez, Jacobs And",1
"And Higgins Mckay, Cruz",1
"Torres Martinez And Key,",1
"Torres Martinez, Stewart And",1
"Torres Montgomery And Torres,",1
"Torres Moore And Stokes,",1
"Torres Perez Dominguez, And",1
"And Higgins Reese, Kirk",1
"Torres Price And Hurley,",1
"Torres Ramirez Gomez, And",1
"Torres Robertson, And Spears",1
Torres Sons And,1
"Torres Stewart, And Evans",1
"Torres Tucker, And Moore",1
"Torres Vazquez And Boyd,",1
"Torres Williams Colon, And",1
"Torres Williams Roberts, And",1
"Torres, And Harrison Jones",1
"Torres, And Lawrence Wright",1
"Torres, And Leblanc Mccarty",1
"Torres, And Miranda Myers",1
"Torres, And Smith Adkins",1
"Torres, Boyle And Hubbard",1
"Torres, Green Orozco And",1
"Torres, Hines Silva And",1
"Torres, Logan Lewis And",1
"Torres, Lowe Duran And",1
"Torres, Martin Bell And",1
"Torres, Mccullough And Robinson",1
"Torres, Norris Simmons And",1
"Torres, Parker Gibson And",1
"Torres, Rodriguez Terrell And",1
Torres-Alexander,1
Torres-Allen,1
Torres-Anthony,1
Torres-Cain,1
Torres-Cardenas,1
Torres-Carey,1
Torres-Carroll,1
Torres-Christensen,1
Torres-Craig,1
Torres-Donaldson,1
Torres-Fischer,1
Torres-Fowler,1
Torres-Freeman,1
Torres-Garrison,1
Torres-Gomez,1
Torres-Hayden,1
Torres-Henry,1
Torres-Hernandez,1
Torres-Ho,1
Torres-Holt,1
Torres-Jackson,1
Torres-Jenkins,1
Torres-Jennings,1
Torres-Jimenez,1
Torres-Johnson,1
Torres-Jones,1
"And Higgins Thompson Gaines,",1
Torres-King,1
Torres-Lewis,1
"And Hill Alvarez, Bridges",1
Torres-Lutz,1
"And Hill Carter, Stout",1
Torres-Michael,1
Torres-Morris,1
Torres-Navarro,1
Torres-Owens,1
Torres-Rice,1
Torres-Riley,1
Torres-Robinson,1
Torres-Saunders,1
"And Hill Collins, Navarro",1
Torres-Thomas,1
Torres-Turner,1
Torres-Walker,1
Torres-Warren,1
"And Hill Lawson Saunders,",1
"Townsend And Brown Kennedy,",1
"Townsend And Duke Ballard,",1
"Townsend And Hernandez, Brown",1
"Townsend Bowen And Hardy,",1
"Townsend Cochran, Anderson And",1
Townsend Ltd,1
"Townsend Meadows And Campbell,",1
"Townsend Ramos Hughes, And",1
"Townsend Taylor Khan, And",1
"Townsend Thornton Kennedy, And",1
"Townsend, And Kent Garcia",1
"Townsend, And Lopez Larson",1
"Townsend, Anderson And Richards",1
"Townsend, Cox Buchanan And",1
"Townsend, Jimenez Thomas And",1
Townsend-Anderson,1
Townsend-Clarke,1
Townsend-Gutierrez,1
"And Hill Page Williams,",1
Townsend-Hayes,1
Townsend-Jefferson,1
Townsend-Lewis,1
Townsend-Martinez,1
Townsend-Rodriguez,1
Townsend-Rogers,1
Townsend-Simmons,1
"Tran And Anderson, Washington",1
"Tran And Murphy, Shannon",1
"Tran And Perkins Marshall,",1
"Tran Brown, And Smith",1
"And Hill Ramirez Hart,",1
"Tran Hall And Burch,",1
"And Hill Rios, Taylor",1
"And Hill Rodgers Pearson,",1
"Tran Lloyd Deleon, And",1
And Hill Sons,1
"Tran Mcdonald And Anderson,",1
Tran Plc,1
"Tran Richardson And Long,",1
"Tran Ruiz Sexton, And",1
"Tran Serrano Fleming, And",1
"Tran Tate Thompson, And",1
"Tran Williams Morgan, And",1
"Tran Wright And Vasquez,",1
"Tran, And Ferrell Garcia",1
"Tran, Durham And Fowler",1
"Tran, Gibson Rodriguez And",1
"Tran, Payne And Romero",1
"Tran, Sullivan And Johnson",1
Tran-Arias,1
Tran-Bryant,1
Tran-Deleon,1
Tran-Gardner,1
Tran-Garrett,1
"And Hill Taylor Lee,",1
Tran-Gordon,1
Tran-Hunter,1
Tran-Johnson,1
Tran-Mathis,1
Tran-Meadows,1
Tran-Peck,1
Tran-Rice,1
Tran-Riggs,1
Tran-Shah,1
"Travis And Warren, Johnson",1
"Travis Burgess And Calhoun,",1
"Travis Graham And Whitehead,",1
Travis Group,1
"And Hill Watson Dennis,",1
Travis Sons And,1
"Travis, And Richardson Hampton",1
"Travis, And Rocha Alvarez",1
"Travis, Brewer Wise And",1
"Travis, Oneill Hughes And",1
Travis-Davis,1
Travis-Swanson,1
Travis-Trevino,1
Travis-Watkins,1
Travis-Williams,1
Trevino Group,1
Trevino Llc,1
Trevino Ltd,1
Trevino Plc,1
"Trevino Rivas, And Foley",1
"Trevino Robles Lane, And",1
"Trevino Williams, Hodge And",1
"Trevino, Harris And Williamson",1
"Trevino, Randall Mason And",1
Trevino-Bennett,1
Trevino-Cox,1
Trevino-Dixon,1
Trevino-Holloway,1
"Trujillo And Cooper Bradley,",1
"Trujillo And Miller, Brown",1
"Trujillo Brown, And Robinson",1
"And Hill, Guerrero Perry",1
"And Hines Gibson, Fritz",1
Trujillo Llc,1
Trujillo Plc,1
"Trujillo Thompson, And Hoffman",1
"Trujillo, Atkinson Andrews And",1
"Trujillo, Friedman And Wyatt",1
Trujillo-Adams,1
Trujillo-Alvarez,1
Trujillo-Atkinson,1
Trujillo-Berg,1
Trujillo-Cannon,1
Trujillo-Cooper,1
Trujillo-Greene,1
Trujillo-Hatfield,1
Trujillo-Hickman,1
Trujillo-Holt,1
Trujillo-Logan,1
Trujillo-Mcclure,1
Trujillo-Newman,1
Trujillo-Sandoval,1
Trujillo-Snyder,1
Trujillo-Taylor,1
"Tucker And Carpenter Young,",1
"Tucker And Cross, Mason",1
"Tucker And Schroeder Nunez,",1
"Tucker And Spence, Stewart",1
"Tucker And Villarreal Wells,",1
Tucker Group,1
"Tucker Harris, Kennedy And",1
"Tucker Hernandez Rhodes, And",1
And Hines Sons,1
"Tucker Larsen, Simmons And",1
Tucker Llc,1
"And Hines, Baker Hamilton",1
"Tucker Perez, Miller And",1
"And Hobbs Jensen Johnson,",1
Tucker Sons And,1
"Tucker, And Contreras Marquez",1
"Tucker, And Ramirez Patterson",1
"Tucker, Greene Wright And",1
Tucker-Alexander,1
Tucker-Alvarado,1
Tucker-Andrews,1
Tucker-Bailey,1
Tucker-Ball,1
Tucker-Brown,1
Tucker-Carson,1
Tucker-Clark,1
Tucker-Conley,1
Tucker-Cook,1
Tucker-Dean,1
Tucker-Hunt,1
Tucker-Keith,1
Tucker-Kelley,1
Tucker-Lee,1
Tucker-Lewis,1
Tucker-Mccoy,1
Tucker-Mckee,1
Tucker-Moyer,1
Tucker-Nguyen,1
Tucker-Parker,1
"And Hobbs Rice, Miller",1
Tucker-Snyder,1
Tucker-Stewart,1
Tucker-Warren,1
Tucker-Wright,1
Tucker-Young,1
"Turner And Franklin Boyer,",1
"Turner And Hale, Carroll",1
"Turner And Montgomery, Harris",1
"Turner And Rosales, Cruz",1
Turner And Sons,1
"Turner Bradford And Allison,",1
"Turner Collier And Guerrero,",1
"Turner Cook, Banks And",1
"Turner Duran Montgomery, And",1
"Turner Fernandez, And Herman",1
And Hobbs Sons,1
"And Hobbs Warren Bird,",1
"Turner Little Vasquez, And",1
And Hodge Sons,1
"And Hodge, Stephenson Jones",1
"Turner Mann Walker, And",1
"Turner Mathews, And Smith",1
"Turner Palmer, Silva And",1
"Turner Perez, Fields And",1
"And Hodges Foley Garcia,",1
"Turner Rodriguez Garner, And",1
"Turner Romero, And Osborne",1
"Turner Sexton, Anderson And",1
"Turner Stevens, Castro And",1
"Turner Vega And Reeves,",1
"Turner Wright Fischer, And",1
"Turner Young, And Mendoza",1
"Turner, And Kennedy Walker",1
"Turner, And Spears Roth",1
"Turner, And Vang Morales",1
"Turner, And Watkins Price",1
"Turner, And Williams Mercado",1
"Turner, And Wright Alexander",1
"Turner, Carpenter And Graham",1
"Turner, Collins Bean And",1
"Turner, Garcia And Hood",1
"Turner, Lynch And Parker",1
Turner-Allison,1
Turner-Alvarez,1
Turner-Arroyo,1
Turner-Barker,1
Turner-Bauer,1
Turner-Brooks,1
Turner-Burgess,1
Turner-Christian,1
Turner-Curtis,1
Turner-Duncan,1
Turner-Frank,1
Turner-Garcia,1
Turner-Glover,1
Turner-Gomez,1
Turner-Griffin,1
Turner-Henson,1
Turner-Horne,1
Turner-Horton,1
Turner-Johnson,1
Turner-Jones,1
Turner-Lara,1
Turner-Mcguire,1
Turner-Medina,1
Turner-Mendoza,1
Turner-Moody,1
Turner-Nelson,1
Turner-Parker,1
Turner-Petersen,1
Turner-Potter,1
Turner-Ramirez,1
Turner-Ramos,1
Turner-Rodriguez,1
Turner-Ruiz,1
"And Hoffman Blake Hernandez,",1
"And Hoffman Bowman Lee,",1
Turner-Thompson,1
Turner-Valenzuela,1
Turner-Vang,1
Turner-Wallace,1
Turner-Warner,1
Turner-Watts,1
Turner-Wilson,1
"And Hoffman, Christian Hunt",1
Turner-Wright,1
"Tyler And Andrade Lewis,",1
Tyler And Sons,1
"Tyler And Williams, Mcknight",1
Tyler Group,1
"Tyler Henry, And Massey",1
Tyler Llc,1
"And Hogan, Walker Murphy",1
"Tyler, And Adams Blankenship",1
"Tyler, And Mueller Wilson",1
"Tyler, Black And Young",1
"Tyler, Gaines Knight And",1
"Tyler, Kline Silva And",1
"Tyler, Martin And Serrano",1
Tyler-Carter,1
Tyler-Cox,1
Tyler-Gonzalez,1
Tyler-Massey,1
Tyler-Peterson,1
Tyler-Robertson,1
Tyler-Sullivan,1
Tyler-Velasquez,1
Underwood Group,1
Underwood Inc,1
"And Holland Aguilar, Jackson",1
"Underwood Logan, And Smith",1
"Underwood Ryan Maldonado, And",1
"Underwood Young And Griffith,",1
"Underwood, And Scott Wallace",1
Underwood-Chavez,1
Underwood-Cohen,1
Underwood-Guzman,1
Underwood-Harding,1
Underwood-Jackson,1
Underwood-Mcguire,1
Underwood-Murray,1
Underwood-Pierce,1
Underwood-Richmond,1
Underwood-Smith,1
Underwood-Stokes,1
"Valdez And Blair, Watson",1
"Valdez And Navarro York,",1
"Valdez Diaz Orozco, And",1
"And Holland Steele Ramsey,",1
"Valdez, And Moore Cruz",1
"Valdez, Andrade Tucker And",1
"Valdez, Brown Smith And",1
"Valdez, Gonzalez Barr And",1
"Valdez, Griffin And Carlson",1
Valdez-Anderson,1
Valdez-Bishop,1
Valdez-Dunlap,1
Valdez-Ellis,1
Valdez-Giles,1
Valdez-Gonzalez,1
"And Holland Watkins Copeland,",1
Valdez-Jones,1
Valdez-King,1
Valdez-Knapp,1
Valdez-Lane,1
Valdez-Palmer,1
Valdez-Rojas,1
Valdez-Ryan,1
Valdez-Shelton,1
Valdez-Smith,1
Valdez-Thomas,1
Valdez-Travis,1
Valdez-Wallace,1
Valdez-White,1
"And Holland, White Collins",1
Valencia Llc,1
"Valencia Molina, Lopez And",1
"Valencia Singleton, And Steele",1
"Valencia Taylor Smith, And",1
Valencia-Bell,1
Valencia-Lee,1
Valencia-Moreno,1
Valencia-Reed,1
Valencia-Rivera,1
Valencia-Smith,1
Valentine And Sons,1
Valentine Group,1
"And Holloway Davis, Winters",1
"Valentine, And Gonzalez Cook",1
"Valentine, And Smith Holt",1
Valentine-Braun,1
Valentine-Dickerson,1
Valentine-Fitzpatrick,1
Valentine-Hall,1
Valentine-Hunt,1
"And Holloway Jimenez, Massey",1
"Valenzuela Johnson And Peters,",1
Valenzuela Llc,1
"Valenzuela Robinson, And Juarez",1
"Valenzuela Stone, Luna And",1
"Valenzuela, Lewis Chen And",1
Valenzuela-Castro,1
Valenzuela-Maldonado,1
Valenzuela-Mann,1
Valenzuela-Martinez,1
Valenzuela-Mckay,1
Valenzuela-Page,1
Valenzuela-Robinson,1
Valenzuela-Spence,1
Valenzuela-Young,1
"Vance And Escobar, Smith",1
"Vance And Johnson Rodriguez,",1
Vance And Sons,1
"Vance Bailey, Phillips And",1
Vance Llc,1
"And Holloway Robinson, Peterson",1
"Vance Powell Myers, And",1
"Vance, And Mcclure Garza",1
Vance-Hunter,1
Vance-Lopez,1
Vance-Mendez,1
Vance-Santos,1
"Vang And Cooper, Cruz",1
"Vang And Rogers Hunt,",1
Vang Group,1
And Holloway Sons,1
Vang Ltd,1
"Vang Schneider And Torres,",1
"Vang, And Cook Moore",1
"Vang, And Flores Collins",1
Vang-Carroll,1
Vang-Christian,1
Vang-Johnson,1
Vang-Kim,1
Vang-Kramer,1
Vang-Novak,1
Vang-Young,1
"Vargas And Brown Jones,",1
"Vargas And Patterson Cook,",1
"Vargas And Robinson, Adams",1
"Vargas And Stevenson, Davis",1
"Vargas And Wise, James",1
"Vargas Campbell, And Hernandez",1
"Vargas Griffin, Benitez And",1
"And Holloway, Collins Marsh",1
Vargas Inc,1
"Vargas Jackson, And Mcclain",1
Vargas Llc,1
Vargas Ltd,1
"Vargas Murphy, And Small",1
"And Holmes Fowler, Davis",1
"Vargas Scott, And Reese",1
"Vargas Smith, And Clay",1
"Vargas, And Evans Case",1
"Vargas, Harding Hubbard And",1
"Vargas, Martinez And Valdez",1
"Vargas, Morales And Banks",1
"Vargas, Parker Tucker And",1
"And Holmes Krause, Goodman",1
Vargas-Downs,1
Vargas-Herrera,1
Vargas-Howard,1
Vargas-Jones,1
Vargas-Martin,1
Vargas-Mcintyre,1
Vargas-Moore,1
Vargas-Morrow,1
Vargas-Myers,1
Vargas-Reeves,1
Vargas-Stokes,1
Vargas-Walker,1
Vargas-Wright,1
"Vasquez And Carr Carpenter,",1
"Vasquez And Esparza Ruiz,",1
"Vasquez And Flores, Ellis",1
"Vasquez And Hansen Miller,",1
"Vasquez And Smith, Owens",1
"And Holmes Mcbride Landry,",1
"Vasquez Hart, And Ruiz",1
"Vasquez Hernandez, And Smith",1
"Vasquez Hoffman, And Martinez",1
"And Holmes Miller Paul,",1
"Vasquez Jimenez, And Barron",1
"And Holmes Moore Nelson,",1
Vasquez Ltd,1
"And Holmes, Baker Mcclain",1
"Vasquez Price Wilson, And",1
"Vasquez Sanchez, Robles And",1
"Vasquez Smith, Allison And",1
Vasquez Sons And,1
"Vasquez, And Davis Martinez",1
"Vasquez, And Mcmillan Bautista",1
"Vasquez, Gonzalez Taylor And",1
"Vasquez, Hooper And Sanchez",1
"Vasquez, Key And Robertson",1
"Vasquez, Nelson And Montgomery",1
"Vasquez, Williams And Lowe",1
Vasquez-Becker,1
Vasquez-Bonilla,1
Vasquez-Brown,1
Vasquez-Buckley,1
Vasquez-Carr,1
Vasquez-Cooke,1
Vasquez-Davis,1
Vasquez-Guzman,1
Vasquez-Hendricks,1
Vasquez-Kaufman,1
Vasquez-King,1
Vasquez-Lopez,1
Vasquez-Oconnor,1
Vasquez-Perez,1
Vasquez-Smith,1
Vasquez-Suarez,1
Vasquez-Walker,1
Vasquez-Wall,1
Vasquez-Wallace,1
Vasquez-Wise,1
"Vaughan And Jones, Abbott",1
"Vaughan Melton And Young,",1
"Vaughan Parker And Wagner,",1
"Vaughan Whitaker, Johnson And",1
"Vaughan, Adams And Garcia",1
Vaughan-Scott,1
"Vaughn And King Boyle,",1
"Vaughn And Smith Fritz,",1
"Vaughn Everett Savage, And",1
"Vaughn Gonzalez, Wheeler And",1
"Vaughn Graham, And Johnson",1
Vaughn Group,1
Vaughn Llc,1
"Vaughn Nelson, Gallagher And",1
"Vaughn Perez And Gardner,",1
"Vaughn Perry, And Mccall",1
"And Holmes, Brown Lee",1
"Vaughn Reid Diaz, And",1
"Vaughn, Lee And Walker",1
Vaughn-Allen,1
Vaughn-Byrd,1
Vaughn-Cobb,1
Vaughn-Foster,1
Vaughn-Galloway,1
Vaughn-Hill,1
Vaughn-Long,1
Vaughn-Murphy,1
Vaughn-Nguyen,1
Vaughn-Norris,1
Vaughn-Ramirez,1
Vaughn-Reed,1
Vaughn-Santos,1
Vaughn-Williamson,1
"Vazquez And Lopez Holland,",1
"Vazquez And Short, Johnson",1
Vazquez And Sons,1
"Vazquez Cummings Lee, And",1
"And Holmes, Burgess Wood",1
Vazquez Inc,1
"Vazquez Johnson, And Leblanc",1
Vazquez Llc,1
"Vazquez Sanders, And Mcdonald",1
Vazquez Sons And,1
"Vazquez, Coleman And Wallace",1
Vazquez-Bowen,1
Vazquez-Brown,1
Vazquez-Butler,1
Vazquez-Cortez,1
Vazquez-Jones,1
Vazquez-Martin,1
Vazquez-Moon,1
Vazquez-Perry,1
Vazquez-Robertson,1
Vazquez-Sanchez,1
Vazquez-Smith,1
Vazquez-Wiggins,1
"Vega And Herrera Ford,",1
"Vega And Robinson Steele,",1
Vega And Sons,1
"Vega Cooper Jacobs, And",1
"Vega Durham Morrison, And",1
"Vega Frazier Wells, And",1
"Vega George, And Edwards",1
Vega Inc,1
Vega Llc,1
Vega Ltd,1
"Vega Merritt, Jenkins And",1
"Vega Morales Sanchez, And",1
"Vega Soto, Potts And",1
"Vega Watts And Tran,",1
"Vega Young, Brooks And",1
"Vega, Bird And Watson",1
"Vega, Salazar Rojas And",1
Vega-Bradshaw,1
Vega-Edwards,1
Vega-Gross,1
Vega-Lester,1
Vega-Mccormick,1
Vega-Norton,1
Vega-Randall,1
Vega-Valdez,1
Vega-Walker,1
"And Hood, Davis Mann",1
Vega-Wilkerson,1
Velasquez And Sons,1
"Velasquez And Walker Russo,",1
"Velasquez Clark And Robertson,",1
Velasquez Group,1
"And Hood, Snyder Price",1
"And Hooper, Richmond Gardner",1
"Velasquez Vaughn, And Mason",1
"Velasquez, Allen Horton And",1
"Velasquez, And Shaffer Snyder",1
"Velasquez, Bullock And Maldonado",1
"Velasquez, Hansen Bennett And",1
Velasquez-Becker,1
Velasquez-Brown,1
Velasquez-Franco,1
Velasquez-Garrison,1
Velasquez-Gates,1
Velasquez-Hall,1
Velasquez-Parker,1
Velasquez-Parrish,1
Velasquez-Roth,1
Velasquez-Watson,1
Velasquez-Wilkins,1
Velazquez Group,1
Velazquez Llc,1
Velazquez Plc,1
"Velazquez Prince And Fitzgerald,",1
"Velazquez Schmidt And Douglas,",1
"Velazquez, And Barnes Fox",1
"Velazquez, Mason Bird And",1
Velazquez-Carpenter,1
Velazquez-Evans,1
Velazquez-Jimenez,1
Velazquez-Noble,1
Velazquez-Olson,1
Velazquez-Patton,1
Velazquez-Ross,1
Velazquez-Stewart,1
Velazquez-Thomas,1
Velazquez-Turner,1
Velazquez-Walsh,1
"Velez And Gill Garrett,",1
Velez Inc,1
Velez Llc,1
Velez Ltd,1
"Velez Marshall Black, And",1
"Velez Mitchell, Ramirez And",1
"Velez Smith, And Mendez",1
"And Hoover Long, Johnson",1
"Velez Walter, Hoffman And",1
"Velez, Carrillo Lee And",1
"Velez, Rodgers Walsh And",1
Velez-Boyd,1
Velez-Hall,1
Velez-Hanna,1
Velez-Jackson,1
Velez-Klein,1
Velez-Phillips,1
Velez-Rogers,1
Velez-Sanders,1
Velez-Thompson,1
Velez-Walsh,1
Villa And Sons,1
"Villa Bates, Gibbs And",1
"Villa Hamilton And Reid,",1
Villa Inc,1
Villa Llc,1
"Villa Valdez And Herrera,",1
"Villa Wilson, And Huber",1
"Villa, And Gill Matthews",1
"Villa, And Ray West",1
"Villa, Hammond Lee And",1
Villa-Mcmillan,1
Villa-Ponce,1
Villa-Simpson,1
Villa-Velez,1
"Villanueva And Carter Hughes,",1
"Villanueva And Rivas Mitchell,",1
Villanueva Group,1
Villanueva Inc,1
"Villanueva Jenkins, And Miller",1
Villanueva Llc,1
Villanueva Ltd,1
Villanueva Plc,1
"Villanueva Thompson, Yoder And",1
"Villanueva Wells, And Ho",1
"Villanueva, And Smith Jenkins",1
"Villanueva, Ballard And Williams",1
"Villanueva, Gill And Mullins",1
"Villanueva, Thompson Trujillo And",1
Villanueva-Garcia,1
Villanueva-Gonzales,1
Villanueva-Hall,1
Villanueva-Hunter,1
Villanueva-Kaufman,1
"And Hopkins Holland Murphy,",1
Villanueva-Steele,1
Villanueva-Wilson,1
"Villarreal And Herman, Graham",1
"Villarreal And Smith, Spencer",1
Villarreal And Sons,1
Villarreal Group,1
"Villarreal Jordan And Sanchez,",1
"Villarreal King, Esparza And",1
Villarreal Llc,1
"Villarreal Romero Riley, And",1
Villarreal Sons And,1
"Villarreal, Carter Becker And",1
Villarreal-Caldwell,1
Villarreal-Cantu,1
Villarreal-Cruz,1
Villarreal-Dixon,1
Villarreal-Graham,1
Villarreal-Herrera,1
Villarreal-Miller,1
Villarreal-Rivera,1
Villarreal-Tran,1
Villegas Inc,1
"Villegas Park, And Juarez",1
"Villegas Smith, Mitchell And",1
"Villegas, Hernandez And Martin",1
"Villegas, Jackson Smith And",1
"Villegas, Walker And Jones",1
Villegas-Blake,1
Villegas-Mccoy,1
Villegas-Pacheco,1
Villegas-Smith,1
"Vincent And Williams, Chapman",1
"Vincent Bailey And Williams,",1
Vincent Inc,1
"And Hopkins Jones, Mccullough",1
"And Hopkins Robinson, Warren",1
"Vincent Obrien And Chung,",1
"Vincent Williams Mendoza, And",1
"Vincent, Howell And Adams",1
"Vincent, Walker Parsons And",1
Vincent-Alexander,1
Vincent-Floyd,1
Vincent-Greene,1
Vincent-Hernandez,1
Vincent-Hill,1
Vincent-Meyer,1
Vincent-Phillips,1
Vincent-Schroeder,1
Wade And Sons,1
"Wade Calhoun, Stanton And",1
"Wade Gonzalez Singleton, And",1
"Wade Graham, And Osborn",1
"And Hopkins Smith Young,",1
Wade Llc,1
"And Hopkins Wiley Tran,",1
"Wade Pearson Murphy, And",1
Wade Plc,1
"Wade Rodriguez, Peterson And",1
"Wade Savage, Harrington And",1
Wade Sons And,1
"Wade Walker, Price And",1
"Wade, And Kane Brooks",1
"Wade, And Phillips Harris",1
"Wade, Chapman Hernandez And",1
"Wade, Johnston Gross And",1
Wade-Barnes,1
Wade-Cooper,1
Wade-Cummings,1
"And Hopkins, Bartlett Washington",1
Wade-Hardy,1
Wade-Hatfield,1
Wade-Hayes,1
Wade-Hubbard,1
Wade-Patton,1
Wade-Sellers,1
Wade-Smith,1
Wade-Torres,1
"Wagner Ali, And Deleon",1
"Wagner And Briggs Benjamin,",1
"Wagner And Pearson Johnson,",1
"Wagner And Reilly, Johnson",1
Wagner And Sons,1
"Wagner Brock Hawkins, And",1
"Wagner Franco, May And",1
"And Hopkins, Lowery Wright",1
"Wagner Krueger Lopez, And",1
"And Horne, Shaw Brown",1
Wagner Ltd,1
"Wagner Mccarthy, And Beck",1
"And Horton Giles Parker,",1
"Wagner Smith, Boyd And",1
"Wagner Ware, And Davis",1
"Wagner, And Mccullough Martin",1
"Wagner, And Williams Kennedy",1
"Wagner, Graham And Russell",1
"Wagner, Kennedy And Velazquez",1
"Wagner, Perez And Lucas",1
Wagner-Anderson,1
Wagner-Brown,1
Wagner-Buck,1
Wagner-Cain,1
Wagner-Casey,1
Wagner-Daniels,1
Wagner-Dixon,1
Wagner-Gibson,1
Wagner-Gill,1
Wagner-Gomez,1
Wagner-Henry,1
Wagner-Herrera,1
Wagner-Jensen,1
Wagner-Mason,1
"And Horton Hernandez Hernandez,",1
Wagner-Robertson,1
Wagner-Rodriguez,1
Wagner-Sanchez,1
Wagner-Simpson,1
Wagner-Stephenson,1
Wagner-Stuart,1
Wagner-Sutton,1
Wagner-Thomas,1
Wagner-Thompson,1
Wagner-Young,1
"Walker Allen And Grant,",1
"Walker And Davis, Beck",1
"Walker And Gardner Fernandez,",1
"Walker And Hale, Campbell",1
"Walker And Huffman Fernandez,",1
"Walker And Jones, Martin",1
"Walker And Jones, Weber",1
"Walker And Pena, Barrera",1
"Walker And Rodriguez, Dickson",1
"Walker And Ross Washington,",1
"And Horton Parker Hunter,",1
"Walker And Washington Ferrell,",1
"Walker And Wells, Caldwell",1
"Walker And Wheeler, Duncan",1
"Walker Barker, And Smith",1
"Walker Berg, And Martin",1
"Walker Blake, And Hughes",1
"Walker Booker, And Nelson",1
"Walker Bridges And Michael,",1
"Walker Carter, And Mitchell",1
"Walker Cisneros And Adams,",1
"Walker Cruz And Roberts,",1
"Walker Freeman And Reynolds,",1
"Walker Garcia, And Williams",1
"Walker Garcia, Carter And",1
And Horton Sons,1
"Walker Harrell And Blanchard,",1
"Walker Hoffman, And Silva",1
"And Horton Welch Long,",1
"Walker Jensen, And Hernandez",1
"And Horton, Knight Morton",1
"And House Lopez, Rios",1
"Walker Marshall, Spencer And",1
"Walker Moore And Rodriguez,",1
"Walker Myers Holt, And",1
"Walker Parker Reynolds, And",1
"And House Welch Carter,",1
"Walker Reynolds, Rivera And",1
"Walker Rodriguez Carter, And",1
"Walker Ruiz, Clark And",1
"And Houston Orr Ramos,",1
"Walker Valenzuela And Drake,",1
"Walker White, Sanders And",1
"Walker Williams Nguyen, And",1
"Walker Williams, Davidson And",1
"Walker Woods, Oliver And",1
"Walker, And Barnett Alexander",1
"Walker, And Bass Estrada",1
"Walker, And Craig Lopez",1
"Walker, And Daniel Barker",1
"Walker, And Marshall Brown",1
"Walker, And Payne Taylor",1
"Walker, And Webb Morton",1
"Walker, And Wolfe Lynch",1
"Walker, Cox Carrillo And",1
"Walker, Fitzpatrick And Reed",1
"Walker, Kennedy And Williamson",1
"Walker, Lopez And Collins",1
"Walker, Mckee And Hurst",1
"Walker, Rios Pittman And",1
"Walker, Sanford Buchanan And",1
"Walker, Silva Tran And",1
"Walker, Simmons Walker And",1
"Walker, Smith And Aguilar",1
"Walker, Vargas Wolfe And",1
"Walker, Walker Berry And",1
"Walker, Wallace And Ware",1
Walker-Aguilar,1
Walker-Alexander,1
Walker-Atkins,1
Walker-Baker,1
Walker-Banks,1
Walker-Barnett,1
Walker-Barron,1
Walker-Bradshaw,1
"And Houston, Miller Good",1
Walker-Campbell,1
Walker-Carey,1
Walker-Chang,1
Walker-Cook,1
Walker-Cross,1
Walker-Cuevas,1
Walker-Curry,1
Walker-Davis,1
Walker-Delacruz,1
Walker-Dunn,1
Walker-Elliott,1
Walker-Ferguson,1
Walker-Garcia,1
Walker-Green,1
Walker-Greer,1
"And Houston, Mitchell Davenport",1
Walker-Hill,1
Walker-Jackson,1
"And Howard Carter, Hart",1
"And Howard Clark Campbell,",1
Walker-King,1
Walker-Liu,1
Walker-Lozano,1
Walker-Martin,1
"And Howard Fischer Zimmerman,",1
Walker-Maxwell,1
Walker-Mckinney,1
Walker-Meyers,1
Walker-Mitchell,1
Walker-Morgan,1
Walker-Morris,1
Walker-Morrison,1
Walker-Murphy,1
Walker-Myers,1
Walker-Nichols,1
Walker-Odom,1
"And Howard Fuller, Friedman",1
Walker-Osborn,1
Walker-Peterson,1
Walker-Pittman,1
"And Howard Harvey, Hunt",1
Walker-Price,1
"And Howard King, Martinez",1
Walker-Robertson,1
Walker-Rocha,1
Walker-Rojas,1
"And Howard Nelson, Harrison",1
Walker-Scott,1
Walker-Short,1
"And Howard Oliver Harris,",1
Walker-Stein,1
Walker-Walker,1
Walker-Walton,1
Walker-White,1
Walker-Wilkerson,1
Walker-Williams,1
Walker-Wu,1
Walker-Zimmerman,1
"Wall Adams Ayala, And",1
"Wall And Cooper, Cochran",1
"Wall And Jones Rose,",1
Wall And Sons,1
"Wall Brooks Jenkins, And",1
"Wall Hunter, Brooks And",1
"Wall Ortega, Garcia And",1
"Wall Sims Johnson, And",1
"Wall, Johnson And Diaz",1
Wall-Bray,1
Wall-Browning,1
Wall-Campbell,1
Wall-Lang,1
Wall-Scott,1
Wall-Smith,1
Wall-Walton,1
Wall-Weaver,1
Wall-Wilson,1
"Wallace And Anderson, Hunter",1
"Wallace And Moore Miles,",1
"Wallace And Newton, Nelson",1
"Wallace And Owens, Warner",1
"Wallace And Rosario, Moore",1
"Wallace And Stevens, Greene",1
"Wallace Clark Hernandez, And",1
"And Howard Schroeder Williams,",1
"Wallace Hill Goodman, And",1
"And Howard Ward, Jordan",1
"And Howard Wiggins, Hardy",1
"And Howard, Mitchell Perez",1
"Wallace Mahoney, Taylor And",1
"Wallace Middleton, And Martinez",1
"Wallace Parker Wood, And",1
"Wallace Patel, Cunningham And",1
"And Howe Price, Fritz",1
"Wallace Sawyer And Rivas,",1
"And Howell Brooks, Rogers",1
"Wallace Thompson Sanchez, And",1
"Wallace Washington, Garrett And",1
"Wallace, And Diaz Burns",1
"Wallace, And Lopez Villanueva",1
"Wallace, And Olson Jacobs",1
"Wallace, And Page Miller",1
"Wallace, Cobb And Bullock",1
"Wallace, Garcia Jones And",1
"Wallace, Hale And Hill",1
"Wallace, Jones Reeves And",1
"Wallace, Knight And Mills",1
"Wallace, Lane Davis And",1
"Wallace, Torres And Johnson",1
"Wallace, Vargas Davenport And",1
"Wallace, Wu And Macias",1
Wallace-Brown,1
Wallace-Bryant,1
Wallace-Calhoun,1
Wallace-Castillo,1
Wallace-Chan,1
Wallace-Davis,1
Wallace-Decker,1
Wallace-Elliott,1
"And Howell Mendoza, Williams",1
Wallace-Jackson,1
"And Howell Velasquez, Aguilar",1
Wallace-Lambert,1
Wallace-Lopez,1
Wallace-Martinez,1
Wallace-Mcclain,1
Wallace-Mcdonald,1
Wallace-Nelson,1
Wallace-Nielsen,1
Wallace-Odonnell,1
Wallace-Powers,1
"And Howell, Richardson Fuentes",1
Wallace-Wallace,1
Wallace-Williams,1
Wallace-Williamson,1
Wallace-Wilson,1
"Waller And Walker, Martin",1
"Waller And Wilkerson Roberts,",1
Waller Ltd,1
"Waller Reyes, Bryant And",1
"Waller Weber, Fox And",1
"Waller, And Herman Clark",1
"Waller, Price And Hernandez",1
Waller-Gross,1
Waller-Hernandez,1
Waller-Lewis,1
"And Huang Schwartz Jones,",1
Waller-Rivera,1
"Walls Dean, And Lewis",1
"Walls Frederick Church, And",1
"And Huang, Alvarez Gray",1
Walls Llc,1
Walls Ltd,1
"Walls Phillips, Solomon And",1
"Walls Ramos, Cain And",1
"Walls, And Moore Soto",1
Walls-Castillo,1
Walls-Garcia,1
Walls-Hernandez,1
Walls-Jimenez,1
Walls-Morgan,1
Walls-Wright,1
"Walsh Alexander, And Dennis",1
"Walsh Hanson And Bernard,",1
"Walsh Hill Hill, And",1
"Walsh Lee And Hamilton,",1
Walsh Llc,1
"And Huang, Rivera Ryan",1
"And Hubbard Bell Sanchez,",1
"Walsh, And Russell Scott",1
"Walsh, Elliott And Shields",1
"Walsh, Hamilton And Williams",1
"Walsh, Howell And Jennings",1
"Walsh, Lopez Hartman And",1
"Walsh, Morris Young And",1
"Walsh, Tran And Conway",1
Walsh-Bautista,1
Walsh-Brown,1
Walsh-Carr,1
Walsh-Davis,1
Walsh-Deleon,1
Walsh-Hayes,1
Walsh-Jackson,1
Walsh-Johnson,1
Walsh-Jones,1
Walsh-Key,1
Walsh-Knight,1
Walsh-Peters,1
Walsh-Ramos,1
Walsh-Waller,1
Walsh-Williams,1
"Walter And Charles, Shannon",1
"Walter And Maxwell Craig,",1
"Walter And Nichols Hartman,",1
"Walter Foley, Terry And",1
"And Hubbard Johnson Green,",1
"Walter Mcguire, And Lynch",1
Walter Plc,1
"Walter Robinson Jackson, And",1
"Walter Schmidt Rodgers, And",1
"Walter, Reed Weiss And",1
Walter-Cain,1
Walter-Clayton,1
Walter-Holmes,1
Walter-Hooper,1
Walter-Kennedy,1
Walter-Moody,1
Walter-Myers,1
"Walters And Marshall, Thompson",1
"Walters And Orr Butler,",1
"Walters And Stark Thomas,",1
"Walters Barton, Williams And",1
"Walters Davis, And Harrington",1
"Walters Garza And Brown,",1
"Walters Green, And Byrd",1
"And Hubbard Juarez Carter,",1
Walters Llc,1
"Walters Mccullough, And Martinez",1
"Walters Nixon, White And",1
"Walters Phillips And Snow,",1
And Hubbard Sons,1
"Walters Washington Morris, And",1
"Walters, Anderson West And",1
"Walters, Guzman Owen And",1
"Walters, Johnson Sharp And",1
Walters-Bonilla,1
Walters-Brown,1
Walters-Buchanan,1
Walters-Chen,1
Walters-Christensen,1
Walters-Clements,1
Walters-Ferguson,1
Walters-Gutierrez,1
Walters-Hale,1
Walters-Lopez,1
Walters-Mcmillan,1
Walters-Molina,1
Walters-Perry,1
Walters-Ramos,1
Walters-Walker,1
Walters-Waters,1
Walters-Weiss,1
"Walton And Silva, Cannon",1
"Walton And Strickland Yates,",1
"Walton And Wise Daniel,",1
"And Hubbard, Fernandez Murphy",1
"And Huber, Foster Hutchinson",1
Walton Ltd,1
"Walton Phillips, Thornton And",1
Walton Plc,1
"Walton Shepherd, And Carlson",1
Walton Sons And,1
"Walton, Allen And Adams",1
"Walton, And Garner Walters",1
"Walton, Kim Brown And",1
"Walton, Lopez And Potter",1
Walton-Buck,1
Walton-Burgess,1
Walton-Cardenas,1
Walton-James,1
Walton-Lee,1
Walton-Meyer,1
Walton-Reynolds,1
Walton-Thomas,1
Walton-Thompson,1
"Wang And Ortega Brown,",1
"Wang And Riggs, Martinez",1
Wang Inc,1
"And Huber, Lopez Bradshaw",1
Wang Ltd,1
"Wang Pena, Murray And",1
"Wang Steele, And Boyd",1
"Wang, Skinner White And",1
Wang-Barker,1
Wang-Blake,1
Wang-Diaz,1
Wang-Fernandez,1
Wang-Flores,1
Wang-Greene,1
Wang-Hampton,1
Wang-Hill,1
Wang-Holmes,1
Wang-Jones,1
Wang-Smith,1
Wang-Torres,1
Wang-Ward,1
"Ward And Baker, Dudley",1
"Ward And Casey, Fuller",1
"Ward And Christensen, Russell",1
"Ward And Copeland, Johnson",1
"Ward And Goodman, Wade",1
"Ward And Henderson Savage,",1
"Ward And Mercer Rivera,",1
"Ward And Riley Ramsey,",1
"Ward And Walsh Bates,",1
"Ward And White, Morales",1
"Ward Boyd And Kim,",1
"Ward Castro, Miller And",1
"Ward Davis, And Palmer",1
"Ward Diaz, And Donaldson",1
"Ward Flores, And Dixon",1
"And Hudson Huber Flores,",1
"And Hudson Le, Carter",1
"Ward Jenkins, And Monroe",1
"Ward Johnson And Cummings,",1
"Ward Jones And Leblanc,",1
"And Hudson Merritt Lynch,",1
And Hudson Sons,1
"Ward Mcdaniel, And Cowan",1
"Ward Medina, And Huber",1
"Ward Moore, Richmond And",1
"And Hudson, Kim Morris",1
"Ward Shaw, Williams And",1
"Ward West And Cruz,",1
"Ward, And Barnes Hensley",1
"Ward, And Clarke Ayala",1
"Ward, Anthony And White",1
"Ward, Cochran And Castro",1
"Ward, Dillon And Patterson",1
"Ward, Patel And Allen",1
"Ward, Reed Smith And",1
"Ward, Thompson And Graham",1
Ward-Baker,1
Ward-Bennett,1
Ward-Bowen,1
Ward-Bowman,1
Ward-Burke,1
Ward-Coleman,1
Ward-Cox,1
Ward-Crosby,1
Ward-Cross,1
Ward-Daniels,1
Ward-Evans,1
Ward-Franco,1
Ward-Garcia,1
Ward-Gregory,1
Ward-Guzman,1
Ward-Hill,1
Ward-Hunter,1
Ward-Jordan,1
Ward-Mayer,1
Ward-Mccall,1
Ward-Mitchell,1
Ward-Murphy,1
Ward-Nelson,1
Ward-Oliver,1
Ward-Olsen,1
Ward-Reid,1
Ward-Rich,1
Ward-Richardson,1
Ward-Rodriguez,1
Ward-Rose,1
Ward-Schroeder,1
Ward-Silva,1
Ward-Thomas,1
Ward-Tyler,1
Ward-Vega,1
Ward-Williams,1
Ward-Williamson,1
Ward-Wilson,1
"Ware And Buchanan Carney,",1
"Ware And Howard, Buck",1
"Ware Arnold, Vega And",1
"And Huerta Perez Christensen,",1
"Ware Johnson, Benjamin And",1
Ware Llc,1
"And Huerta, Cox Price",1
"Ware Mendez, Hamilton And",1
Ware Plc,1
"Ware, And Tate Mitchell",1
"Ware, Davis And Rodriguez",1
"Ware, Johnson Jimenez And",1
Ware-Bennett,1
Ware-Dominguez,1
Ware-Gonzales,1
Ware-Jackson,1
Ware-Martinez,1
Ware-Perez,1
Ware-Smith,1
Ware-Stevens,1
"And Huff Reeves, Dennis",1
"Warner And Wilson, Sullivan",1
"Warner Evans, Davies And",1
"Warner Franklin, And Bonilla",1
"Warner Larson Lopez, And",1
"And Huffman Mitchell, Mitchell",1
"And Huffman Swanson, Nelson",1
"Warner Ramos, And Shelton",1
"Warner Romero Boyd, And",1
"Warner Roy And Welch,",1
"Warner Thompson, Hines And",1
"Warner Yu Jones, And",1
"Warner, Lewis And Curry",1
"Warner, Wilson Miller And",1
Warner-Chaney,1
Warner-Chen,1
Warner-Evans,1
Warner-Fowler,1
Warner-James,1
Warner-Kent,1
Warner-Lopez,1
Warner-Ochoa,1
Warner-Osborn,1
Warner-Sawyer,1
Warner-Smith,1
Warner-Suarez,1
Warner-Ware,1
Warner-Watts,1
"Warren And Sawyer Chan,",1
Warren And Sons,1
"Warren Benson, And Porter",1
"And Huffman Wright, Velez",1
"And Hughes Castillo, Rodgers",1
"Warren Jenkins And Jones,",1
"And Hughes Cowan, Bell",1
"Warren Martin, And Cox",1
"Warren Peterson Reed, And",1
"And Hughes Green, Campbell",1
"Warren, And Edwards Sanchez",1
"Warren, And Oneill Hernandez",1
"Warren, Lee And Duarte",1
"Warren, Levy And Torres",1
"Warren, Mcmillan Garcia And",1
"Warren, Morse And Wilson",1
"Warren, Wood Miller And",1
Warren-Andersen,1
Warren-Bowman,1
"And Hughes Johnson Ward,",1
Warren-Davidson,1
Warren-Friedman,1
Warren-Garcia,1
Warren-Garza,1
Warren-Gomez,1
Warren-Gonzalez,1
Warren-Gutierrez,1
Warren-Hubbard,1
Warren-Hughes,1
Warren-Jacobson,1
Warren-King,1
Warren-Martin,1
Warren-Moon,1
Warren-Ochoa,1
Warren-Reynolds,1
Warren-Turner,1
"Washington And Archer, Wilson",1
"Washington And Carrillo Carter,",1
"Washington And Frey, Silva",1
"Washington And Phelps Morris,",1
"Washington And Quinn Ali,",1
"Washington And Rodriguez Willis,",1
"Washington And Snyder Cooper,",1
Washington And Sons,1
"Washington Bell Newton, And",1
"Washington Campbell And Lara,",1
"And Hughes Sullivan, Payne",1
"Washington Hall, And Lozano",1
"And Hughes Taylor Malone,",1
Washington Llc,1
Washington Ltd,1
"Washington Perez, Ho And",1
"And Hughes Thomas, Newton",1
"Washington Sanchez, And Gates",1
"Washington, And Johnson Thomas",1
"Washington, Edwards And Willis",1
"Washington, Juarez And Smith",1
"Washington, Moran And Le",1
"Washington, Reed And Wade",1
Washington-Adams,1
Washington-Anderson,1
Washington-Baker,1
Washington-Ball,1
Washington-Buckley,1
Washington-Butler,1
Washington-Carter,1
Washington-Coleman,1
Washington-Cummings,1
Washington-Espinoza,1
Washington-Holden,1
Washington-Keller,1
Washington-Kirby,1
Washington-Lambert,1
Washington-Martinez,1
Washington-Mathis,1
Washington-Moore,1
Washington-Parker,1
Washington-Sanchez,1
Washington-Stanley,1
Washington-Thomas,1
Washington-Wong,1
"Waters And Guerrero, Garcia",1
"Waters And Molina, Jackson",1
Waters And Sons,1
"And Hughes, Brown Zavala",1
Waters Inc,1
Waters Ltd,1
Waters Plc,1
"Waters, And Phillips David",1
"Waters, Boyd Anderson And",1
Waters-Chapman,1
Waters-Davis,1
Waters-Ellison,1
Waters-Howard,1
Waters-Johnson,1
Waters-Olsen,1
Waters-Ramirez,1
Waters-Smith,1
Waters-Thompson,1
"Watkins And Chung, Cooley",1
"Watkins And Watson, Cooper",1
"Watkins Dominguez, And Bates",1
"And Hughes, Gaines Mcdowell",1
"And Hughes, Hester Miller",1
"And Hughes, Rice Brown",1
"And Hull Douglas, Martin",1
"Watkins Martin And Flores,",1
"Watkins, And Campbell Keller",1
"Watkins, And Williams Ramos",1
"Watkins, And Young Perry",1
"Watkins, Campbell Anderson And",1
"Watkins, Wang And Henson",1
Watkins-Bradford,1
Watkins-Cantu,1
Watkins-Carter,1
Watkins-Evans,1
Watkins-Jarvis,1
Watkins-Melendez,1
Watkins-Mora,1
Watkins-Parker,1
Watkins-Singleton,1
Watkins-Smith,1
Watkins-Strong,1
Watkins-White,1
"Watson And Anderson, Lutz",1
"Watson And Lee Hahn,",1
Watson And Sons,1
"Watson Baker And Bailey,",1
"Watson Barr, Fisher And",1
"Watson Burgess Williams, And",1
"Watson Clark Pace, And",1
"Watson Ferguson Terry, And",1
"And Hull White, Best",1
"And Hull, Brown Byrd",1
"Watson Johnson Joseph, And",1
"And Humphrey Martin, Perry",1
"And Humphrey Rivera, Mcdonald",1
"Watson Mitchell Garcia, And",1
"Watson Peterson, Huang And",1
"And Humphrey, Moore Williams",1
"Watson Rubio Knight, And",1
Watson Sons And,1
"Watson Spencer Taylor, And",1
"Watson Watts Boyd, And",1
"Watson, And Martinez Thomas",1
"Watson, And Santiago Davidson",1
"Watson, And Sullivan Sanchez",1
"Watson, And Thompson Baker",1
"Watson, And Zuniga Freeman",1
"Watson, Chambers Peck And",1
"Watson, Clarke And Dougherty",1
"Watson, Hale And Espinoza",1
"Watson, Hines Hughes And",1
"Watson, Rose Smith And",1
"Watson, Vaughn Santiago And",1
Watson-Armstrong,1
Watson-Bowers,1
Watson-Bradley,1
Watson-Brady,1
Watson-Butler,1
Watson-Carter,1
Watson-Clark,1
Watson-Cross,1
Watson-Davenport,1
Watson-Davis,1
Watson-Diaz,1
Watson-Everett,1
Watson-Figueroa,1
Watson-Flores,1
Watson-Gillespie,1
Watson-Grimes,1
Watson-Harper,1
Watson-Hill,1
Watson-Hoffman,1
Watson-Hunt,1
Watson-Johnson,1
Watson-Jones,1
And Hunt Sons,1
Watson-Macdonald,1
Watson-Marshall,1
Watson-Melendez,1
Watson-Owen,1
Watson-Page,1
Watson-Price,1
Watson-Pugh,1
Watson-Rivera,1
Watson-Scott,1
Watson-Williams,1
Watson-Young,1
"Watts And Bass, Decker",1
"Watts And Hernandez, Conley",1
Watts Inc,1
"Watts Long And Miller,",1
"Watts Lopez And Guerra,",1
Watts Ltd,1
"Watts Miller, And Cuevas",1
Watts Plc,1
Watts Sons And,1
"Watts Walsh, And Reid",1
"Watts Weaver Knight, And",1
"Watts Williams, And Colon",1
"Watts, And Meyer Baxter",1
Watts-Anderson,1
Watts-Andrews,1
Watts-Bartlett,1
Watts-Brown,1
Watts-Cook,1
Watts-Cortez,1
Watts-Harrison,1
Watts-Hughes,1
Watts-Jones,1
Watts-Pierce,1
Watts-Schneider,1
Watts-Smith,1
Watts-Thompson,1
Watts-Torres,1
Watts-Valencia,1
"Weaver And Burch, Sanders",1
"Weaver And Carter, Lawson",1
"Weaver And Parks, Odom",1
"Weaver And Perez Huerta,",1
"Weaver And Rodriguez Clark,",1
Weaver And Sons,1
"Weaver Becker, And King",1
"Weaver Davis Bates, And",1
"Weaver Fisher, Mitchell And",1
"And Hunt, Andrews Watson",1
"And Hunt, Jones Richardson",1
"Weaver Lang, And Fuller",1
Weaver Llc,1
Weaver Ltd,1
"Weaver Martin, Abbott And",1
"Weaver Smith, And Jackson",1
Weaver Sons And,1
"Weaver Wong And Miller,",1
"Weaver, And Brown Nichols",1
"Weaver, Fry And Fleming",1
"Weaver, Hill Webb And",1
"Weaver, Mcpherson And Weaver",1
"Weaver, Tran And Gonzalez",1
Weaver-Banks,1
Weaver-Benton,1
Weaver-Bishop,1
Weaver-Brown,1
Weaver-Cardenas,1
Weaver-Crawford,1
Weaver-Figueroa,1
Weaver-Hernandez,1
Weaver-Johnson,1
Weaver-Kelley,1
Weaver-Krueger,1
Weaver-Lopez,1
Weaver-Mason,1
Weaver-Mcconnell,1
"And Hunt, Jones Rodriguez",1
Weaver-Pierce,1
Weaver-Robinson,1
Weaver-Rodgers,1
Weaver-Sharp,1
Weaver-Short,1
Weaver-Stephens,1
Weaver-Thompson,1
Weaver-Watkins,1
Weaver-Watson,1
Weaver-Williams,1
"Webb And Duffy Valencia,",1
"Webb And Fritz Mcintyre,",1
"Webb And Mcknight Hurst,",1
Webb And Sons,1
"Webb And Wilson, Martinez",1
"Webb Daniel, Turner And",1
"Webb Gardner And Wade,",1
Webb Group,1
"Webb Hunter, And Frost",1
"Webb Ibarra, Edwards And",1
"And Hunt, Warner Everett",1
"Webb Lee, Hendricks And",1
"And Hunter Brown Kelly,",1
"And Hunter Chan, Hess",1
"Webb Potts Torres, And",1
"Webb Stark, Johnson And",1
"Webb, Colon And Anderson",1
"Webb, Frye Carter And",1
"Webb, Patton Delgado And",1
"Webb, Rodriguez And Williams",1
"Webb, Smith And Combs",1
Webb-Aguirre,1
Webb-Allen,1
Webb-Baker,1
Webb-Brooks,1
Webb-Brown,1
Webb-Byrd,1
Webb-Carlson,1
Webb-Cook,1
Webb-Curry,1
"And Hunter Glenn Scott,",1
Webb-Decker,1
Webb-Franklin,1
Webb-Golden,1
Webb-Harmon,1
Webb-Jones,1
Webb-Kaiser,1
Webb-Lee,1
Webb-Lindsey,1
Webb-Marquez,1
Webb-Miller,1
Webb-Rice,1
Webb-Richardson,1
Webb-Rojas,1
Webb-Scott,1
Webb-Simmons,1
Webb-Smith,1
Webb-Swanson,1
Webb-Vaughan,1
Webb-Williams,1
"Weber And Jones, Flores",1
Weber And Sons,1
"Weber Cunningham, Leblanc And",1
"Weber Green Brown, And",1
"And Hunter Hamilton, Bryant",1
"And Hunter Richardson Miller,",1
"And Hunter Sanders, Gray",1
"Weber Peterson, And Stevenson",1
And Hunter Sons,1
"Weber Townsend, Hensley And",1
"Weber, And Garcia Young",1
"Weber, Barnes Morris And",1
"Weber, Barrett And Weiss",1
"Weber, Ferguson Webster And",1
Weber-Adams,1
Weber-Browning,1
Weber-Livingston,1
Weber-Mcpherson,1
Weber-Moss,1
Weber-Murphy,1
Weber-Reyes,1
Weber-Rodriguez,1
Weber-Romero,1
Weber-Vargas,1
Weber-Walsh,1
Weber-Warren,1
"Webster And Johnson, Hester",1
"Webster Barnett Thomas, And",1
"Webster, Daniels Lowery And",1
Webster-Alvarez,1
Webster-Bass,1
Webster-Bird,1
Webster-Bishop,1
Webster-Fields,1
Webster-Flores,1
Webster-Gilbert,1
Webster-Hopkins,1
Webster-Jackson,1
Webster-Johnston,1
Webster-Martin,1
Webster-Martinez,1
Webster-Patterson,1
Webster-Reyes,1
Webster-Thompson,1
Webster-Tucker,1
Webster-Walters,1
Webster-Williams,1
"Weeks And Robinson, King",1
"Weeks Bailey, Lester And",1
"And Hunter Strickland Mathis,",1
Weeks Ltd,1
"Weeks Oliver Cohen, And",1
"Weeks, Carey Johnson And",1
Weeks-Coleman,1
Weeks-Davis,1
Weeks-Harris,1
Weeks-Herrera,1
Weeks-Hill,1
Weeks-Moreno,1
Weeks-Patterson,1
Weeks-Wheeler,1
Weiss And Sons,1
"And Hunter, Young Price",1
Weiss Inc,1
Weiss Plc,1
"Weiss Smith, Ho And",1
"Weiss, And Ryan Anthony",1
"Weiss, Ho Nichols And",1
Weiss-Carlson,1
Weiss-Davis,1
Weiss-Gomez,1
Weiss-Johnson,1
Weiss-Lee,1
Weiss-Mills,1
Weiss-Munoz,1
"Welch And Jones Hammond,",1
"Welch And Mendoza, Ewing",1
"Welch Bryan Rodriguez, And",1
"Welch Carr And Kennedy,",1
"And Hurley Thomas Davidson,",1
"Welch Harrison Phillips, And",1
"And Hurst, Page Jones",1
"Welch Jones Swanson, And",1
"Welch Jones, Marks And",1
"And Hutchinson, Livingston Green",1
Welch Ltd,1
"Welch Martinez And Shields,",1
"Welch Walker And Hale,",1
"Welch, Jones Holmes And",1
"Welch, Nielsen And Taylor",1
"Welch, Russo And Taylor",1
"Welch, Wilson Knox And",1
Welch-Brooks,1
Welch-Burns,1
Welch-Campos,1
Welch-Case,1
Welch-Cervantes,1
Welch-Cole,1
Welch-Collins,1
Welch-Duke,1
Welch-Gomez,1
Welch-Gonzales,1
Welch-Heath,1
Welch-Keller,1
Welch-Lee,1
Welch-Mason,1
Welch-Mcdonald,1
Welch-Snyder,1
Welch-Yang,1
"Wells And Barnes, Velazquez",1
"Wells And Davila Cooper,",1
"Wells And Huffman, Newman",1
"Wells And Marsh, Castaneda",1
"Wells And Mills, Delgado",1
"Wells And Russell, May",1
"Wells And Smith Grimes,",1
"And Huynh Stewart, Preston",1
"Wells And Whitaker Mitchell,",1
"Wells Anthony And Gonzalez,",1
"Wells Cohen, Foley And",1
"And Huynh, Barron Orr",1
Wells Inc,1
"Wells Jenkins, Morgan And",1
"Wells Little, And Edwards",1
"And Ibarra Lang Porter,",1
"Wells Lopez, And Walton",1
Wells Ltd,1
"Wells Marshall, And Cooper",1
"Wells Martinez, Dixon And",1
"Wells May, And Hill",1
"Wells Ochoa, And Walker",1
"Wells Ramirez Wood, And",1
"Wells Rivera, Stokes And",1
"Wells Roberts, And Lee",1
"Wells Robinson, Holmes And",1
"Wells Tapia, Willis And",1
"Wells, And Davidson Reyes",1
"Wells, And Jensen Valdez",1
"Wells, And Sheppard Martinez",1
"Wells, And Taylor Barron",1
"Wells, Costa And Wood",1
"Wells, Gomez And Jenkins",1
"Wells, Hunter Miller And",1
"Wells, Ruiz And Lopez",1
"Wells, Schroeder Ramirez And",1
Wells-Adams,1
Wells-Bishop,1
Wells-Davidson,1
Wells-Elliott,1
Wells-Hale,1
Wells-Johnson,1
Wells-Knapp,1
Wells-Lee,1
Wells-Lewis,1
Wells-Mcbride,1
Wells-Nelson,1
Wells-Price,1
Wells-Riggs,1
Wells-Robles,1
Wells-Ryan,1
Wells-Schmidt,1
Wells-Stone,1
Wells-Taylor,1
Wells-Turner,1
Wells-Wolf,1
Werner Group,1
Werner Ltd,1
Werner Plc,1
"Werner Sullivan, And Dixon",1
"Werner, And Rogers Golden",1
"Werner, Freeman Poole And",1
"Werner, Glenn Tucker And",1
Werner-Medina,1
Werner-Miller,1
Werner-Smith,1
Werner-Tanner,1
"West And Clark, Hughes",1
"West And Cobb Bradley,",1
"West And Forbes, Chang",1
"West And Meadows, Marquez",1
"West And Patterson, Hurley",1
"West And Rivas, West",1
"West And Vincent Murray,",1
"West Anderson, And Torres",1
"West Blanchard Wells, And",1
"West Cardenas, Crawford And",1
"West Chase Sanchez, And",1
West Group,1
"And Ibarra Lutz Shields,",1
"And Ingram Johnson, Russo",1
West Ltd,1
West Plc,1
"West Rojas, And Grant",1
"West Shields And Baker,",1
"West Torres, And Kelly",1
"West Wong, Moore And",1
"West, Alexander And Lee",1
"West, And Martinez Steele",1
"West, And Parks Baker",1
"West, Jackson Barron And",1
"West, Johnson And Reyes",1
"West, Watkins Rangel And",1
West-Atkinson,1
West-Brown,1
West-Cooper,1
West-Ferguson,1
West-Lopez,1
West-Mcdonald,1
West-Newton,1
West-Nichols,1
West-Parker,1
West-Patel,1
West-Roberts,1
West-Ruiz,1
West-Salazar,1
West-Stewart,1
West-Sullivan,1
West-Thompson,1
West-Turner,1
West-Watts,1
West-Wilson,1
West-Wise,1
West-Young,1
"Wheeler Allen, Chavez And",1
"Wheeler And Dickson, Wright",1
"Wheeler And Miller Burch,",1
"Wheeler And Olson White,",1
Wheeler And Sons,1
"Wheeler Bennett, Hines And",1
"Wheeler Cox Davis, And",1
"Wheeler Gaines, And Bell",1
"Wheeler Gonzalez And Bowman,",1
Wheeler Group,1
"And Jackson Acosta, Boyle",1
Wheeler Llc,1
Wheeler Plc,1
"Wheeler Reed, And Martinez",1
"Wheeler Rocha And Hicks,",1
Wheeler Sons And,1
"Wheeler Vasquez, Munoz And",1
"Wheeler Wright, And Perez",1
"Wheeler, Hernandez And Miller",1
"Wheeler, Hicks Anderson And",1
"Wheeler, Johnson Fisher And",1
Wheeler-Adams,1
Wheeler-Cross,1
Wheeler-Floyd,1
Wheeler-Garcia,1
Wheeler-Gonzalez,1
Wheeler-Green,1
Wheeler-Holland,1
Wheeler-Ibarra,1
Wheeler-Jensen,1
Wheeler-Johnson,1
Wheeler-Krause,1
Wheeler-Martin,1
Wheeler-Miller,1
Wheeler-Owens,1
Wheeler-Phillips,1
Wheeler-Powers,1
Wheeler-Richards,1
Wheeler-Rogers,1
Wheeler-Sawyer,1
Wheeler-Shaw,1
Wheeler-Walker,1
Wheeler-West,1
Wheeler-Wong,1
"Whitaker And Bell Solis,",1
"Whitaker And Davis, James",1
"Whitaker Butler, And Romero",1
"Whitaker Calhoun, Jones And",1
"Whitaker Clayton, And Ochoa",1
"And Jackson Bradley, Rodriguez",1
Whitaker Inc,1
"Whitaker Johnson Pope, And",1
Whitaker Llc,1
"Whitaker, And Thornton Scott",1
Whitaker-Adams,1
Whitaker-Fisher,1
Whitaker-Morgan,1
Whitaker-Shea,1
Whitaker-Smith,1
"And Jackson Brooks Gordon,",1
"White And Aguirre Nguyen,",1
"White And Beard Johnson,",1
"White And Bell, Holland",1
"White And Bishop Adams,",1
"White And Burgess, Hull",1
"White And Foley, Bryant",1
"White And Garner Long,",1
"White And Gutierrez Castillo,",1
"White And Jones, Jones",1
"White And Lewis, Patel",1
"White And Little, Arellano",1
"White And Long Dorsey,",1
"White And Mendez Stark,",1
"White And Nelson Green,",1
"White And Perez, Garza",1
"White And Smith Villegas,",1
"And Jackson Brown Green,",1
"White And Thomas Clark,",1
"White And Thompson Green,",1
"White And Wallace, Anderson",1
"White And Washington Khan,",1
"White And Wise Cooper,",1
"White Anderson Holt, And",1
"White Anderson, And Henry",1
"White Bennett And Russell,",1
"White Berry, Palmer And",1
"White Braun, Graves And",1
"White Buck Johnson, And",1
"White Campbell, Mercado And",1
"White Contreras And Gillespie,",1
"White Cook And Moore,",1
"White Cox Allen, And",1
"White Davis, Gilbert And",1
"White Evans, And Grant",1
"White Foster And Schultz,",1
"White Fuentes Williams, And",1
"White Gonzalez, Bryant And",1
"White Gray, Blair And",1
"White Gregory, And Young",1
"And Jackson Brown, Reese",1
"White Hardy Miranda, And",1
"White Hill And Nash,",1
"And Jackson Burgess Dennis,",1
"White Joyce Owens, And",1
"White Kelly Medina, And",1
"White Lee, And Cross",1
"And Jackson Fox, Bishop",1
"And Jackson Harris Blair,",1
"White Marquez And Mason,",1
"White Martin, Hill And",1
"White Mason And Martinez,",1
"White Mccullough And Clark,",1
"White Mitchell And Hurst,",1
"White Morgan, And Herman",1
"White Morris And Clements,",1
"White Morris Bailey, And",1
"White Norman And Williams,",1
"White Palmer Kane, And",1
"White Perez, And Perkins",1
"And Jackson Harvey Douglas,",1
"White Roberts And Lee,",1
"White Roberts And Simpson,",1
"White Romero Smith, And",1
"White Roy Dunlap, And",1
"White Smith Garner, And",1
"White Smith Smith, And",1
"White Smith, Wilkerson And",1
White Sons And,1
"White Stanley, And Robinson",1
"White West Herman, And",1
"White Williams And Frye,",1
"White Wilson And Farmer,",1
"White Wood, Walker And",1
"White Woods And Haynes,",1
"White, Alvarez And Fischer",1
"White, And Benson Mckay",1
"White, And Harris Barrett",1
"White, And Hunt Dennis",1
"White, And Jones Perez",1
"White, And Moore Myers",1
"White, And Sullivan Roberson",1
"White, And Yang Hall",1
"White, Brock And Gallagher",1
"White, Contreras And Spencer",1
"White, Davis And Velazquez",1
"White, Davis Miller And",1
"White, Decker Freeman And",1
"White, Duncan Mitchell And",1
"White, Hayes And Perez",1
"White, Jackson And Avila",1
"White, Knight And Schmidt",1
"White, Marshall And Durham",1
"White, Martinez And Frazier",1
"White, Moran Raymond And",1
"White, Oneal Knapp And",1
"White, Pugh And Rivera",1
"White, Roth Daniels And",1
"White, Smith And Ross",1
"White, Stewart Adams And",1
"White, Wallace Thompson And",1
"White, Wilson Pruitt And",1
White-Alvarez,1
White-Arnold,1
White-Baldwin,1
White-Black,1
White-Bridges,1
White-Buchanan,1
White-Carey,1
White-Chapman,1
"And Jackson Hernandez Sanchez,",1
White-Davis,1
White-Dawson,1
White-Decker,1
White-Duncan,1
White-Erickson,1
White-Finley,1
White-Fox,1
White-Freeman,1
White-Fry,1
White-Garcia,1
White-Garrett,1
White-Gonzalez,1
White-Graham,1
White-Graves,1
White-Green,1
White-Haas,1
White-Hampton,1
White-Hansen,1
White-Hardy,1
White-Harris,1
White-Hatfield,1
White-Hernandez,1
White-Howard,1
White-Huffman,1
"And Jackson Johnson, Anderson",1
White-Jacobs,1
White-Jennings,1
White-Jensen,1
"And Jackson Mccall, Kelly",1
White-Kennedy,1
White-Lee,1
White-Leon,1
"And Jackson Smith Elliott,",1
White-Lewis,1
White-Lopez,1
White-Marshall,1
White-Martin,1
White-Martinez,1
White-Mathis,1
White-Matthews,1
White-Mcbride,1
White-Mccarty,1
White-Meyer,1
"And Jackson Stephens Orozco,",1
"And Jackson, Miles Allen",1
White-Miranda,1
White-Mooney,1
"And Jackson, Mitchell Marks",1
"And Jackson, Parker Nelson",1
White-Obrien,1
White-Odonnell,1
White-Olson,1
White-Parker,1
White-Perez,1
White-Perry,1
"And Jackson, Perry Cohen",1
White-Price,1
White-Ray,1
White-Richardson,1
White-Robinson,1
White-Rose,1
White-Rowe,1
White-Saunders,1
White-Shaw,1
White-Skinner,1
White-Small,1
White-Solis,1
White-Soto,1
White-Stone,1
White-Taylor,1
White-Terry,1
White-Thomas,1
"And Jackson, Raymond Valdez",1
White-Torres,1
White-Valentine,1
White-Vaughan,1
White-Vega,1
White-Wagner,1
White-Wallace,1
White-Walls,1
White-Walters,1
White-Weber,1
White-Wells,1
White-White,1
White-Willis,1
"And Jacobs Duke, Herrera",1
White-Wright,1
White-Young,1
"Whitehead And Hopkins Rios,",1
Whitehead And Sons,1
Whitehead Group,1
"Whitehead Guerrero, Reese And",1
Whitehead Inc,1
Whitehead Ltd,1
Whitehead Plc,1
"Whitehead Small And Obrien,",1
"Whitehead, And Wang Morales",1
"Whitehead, And Washington Buck",1
Whitehead-Bailey,1
Whitehead-Cervantes,1
Whitehead-Dixon,1
Whitehead-Harris,1
Whitehead-Mathews,1
Whitehead-Munoz,1
Whitehead-Olsen,1
"Whitney And Duncan, Saunders",1
"Whitney Davis, Cummings And",1
Whitney Group,1
Whitney Inc,1
"Whitney Martinez, And Scott",1
"Whitney Owens, Torres And",1
Whitney Plc,1
"Whitney, Swanson And Williams",1
Whitney-Davenport,1
Whitney-Duarte,1
Whitney-Franklin,1
Whitney-Harvey,1
Whitney-Henderson,1
Whitney-Simpson,1
"Wiggins And Flores, Smith",1
"Wiggins And Shields, Lowery",1
"Wiggins And Sims, Gordon",1
"Wiggins Garcia, Wheeler And",1
"Wiggins Gilmore Johnson, And",1
"Wiggins Hanson, And Johnson",1
"And Jacobs Martin, Gould",1
Wiggins Llc,1
"Wiggins Pacheco, And Vasquez",1
Wiggins Plc,1
"Wiggins Randall, Brown And",1
"Wiggins Vasquez And Edwards,",1
"Wiggins Williams Ortega, And",1
Wiggins-Anderson,1
Wiggins-Archer,1
Wiggins-Bates,1
Wiggins-Dawson,1
Wiggins-Hansen,1
Wiggins-Jones,1
Wiggins-Ruiz,1
Wiggins-Williams,1
Wiggins-Willis,1
"Wilcox And Cruz, Davis",1
"Wilcox Garcia Coleman, And",1
Wilcox Group,1
Wilcox Inc,1
"Wilcox Nicholson, Mayo And",1
"Wilcox Powell, Anthony And",1
"Wilcox, And Casey Henry",1
"Wilcox, And Irwin Wagner",1
"Wilcox, Parker And White",1
Wilcox-Burns,1
Wilcox-Cruz,1
Wilcox-Johnson,1
Wilcox-Rodriguez,1
Wilcox-Romero,1
Wilcox-Taylor,1
"Wiley And Davis, Hardin",1
"Wiley Elliott And Ellis,",1
"And Jacobs, Hernandez Chavez",1
"And Jacobs, Miller Henson",1
"Wiley, Cantrell Logan And",1
Wiley-Fitzgerald,1
Wiley-Lawrence,1
Wiley-Page,1
Wiley-Patterson,1
Wiley-Rivera,1
"Wilkerson And Figueroa, Whitehead",1
"Wilkerson And Harrison Maldonado,",1
Wilkerson And Sons,1
"Wilkerson Floyd And Bird,",1
"And Jacobs, Pena Fox",1
"And Jacobs, Robinson Nelson",1
"And Jacobson Eaton, Reynolds",1
Wilkerson Ltd,1
"Wilkerson Valencia, Robbins And",1
Wilkerson-Cooper,1
Wilkerson-Cortez,1
Wilkerson-Gill,1
Wilkerson-Hernandez,1
Wilkerson-Hughes,1
Wilkerson-Klein,1
Wilkerson-Lewis,1
Wilkins And Sons,1
"And Jacobson Rodriguez Robertson,",1
"Wilkins Hill Patterson, And",1
"And James Miller Smith,",1
"And James Rose, Shields",1
"Wilkins Morgan, Scott And",1
"And James Schneider Bradley,",1
"Wilkins Tate And Robles,",1
"Wilkins Williams Owen, And",1
"Wilkins, Wade Morse And",1
Wilkins-Gallegos,1
Wilkins-Gray,1
Wilkins-Hall,1
Wilkins-Jacobs,1
Wilkins-Molina,1
Wilkins-Scott,1
Wilkins-Taylor,1
Wilkins-Thomas,1
Wilkins-Washington,1
Wilkins-Williams,1
"Wilkinson And Herman, Gonzalez",1
"Wilkinson And Patterson Lynch,",1
"Wilkinson Jackson And Sweeney,",1
"Wilkinson Perkins, Buckley And",1
"Wilkinson Stark Smith, And",1
"Wilkinson, Martinez And Dean",1
Wilkinson-Flowers,1
Wilkinson-Harper,1
Wilkinson-Jackson,1
Wilkinson-Moses,1
Wilkinson-Thomas,1
"Williams Allen, And Carrillo",1
"Williams And Bernard, Blair",1
"Williams And Burch Gonzalez,",1
"Williams And Burns Bradford,",1
"Williams And Chandler Davis,",1
"Williams And Davis Spears,",1
"Williams And Dean Morrison,",1
"Williams And Frye Castaneda,",1
"Williams And Gonzalez, Mitchell",1
"Williams And Goodwin Castaneda,",1
"Williams And Green Baker,",1
"Williams And Haas White,",1
"Williams And Hansen Daugherty,",1
"Williams And Hanson Bell,",1
"Williams And Hensley Hernandez,",1
"Williams And Key, Massey",1
"Williams And Knight Johnson,",1
"Williams And Marquez Little,",1
"Williams And Mccarthy, Garcia",1
"Williams And Meyer, Lambert",1
"Williams And Miles, Shaw",1
"Williams And Miller Reed,",1
"Williams And Nunez Mccullough,",1
"Williams And Payne Burke,",1
"Williams And Perez Crosby,",1
"Williams And Pierce Collins,",1
"Williams And Romero, Cole",1
"Williams And Russo, Suarez",1
"Williams And Scott Owens,",1
Williams And Sons,1
"Williams And Taylor, Arroyo",1
"Williams And Thomas, Kim",1
"Williams And Walton Mullins,",1
"Williams And White Figueroa,",1
"Williams And Williams Finley,",1
"Williams And Williams, Miller",1
"Williams And Wyatt Mcclure,",1
"Williams Armstrong Richmond, And",1
"Williams Armstrong Stafford, And",1
"Williams Barnes And Fletcher,",1
"Williams Barnes, Alexander And",1
"Williams Booth Warren, And",1
"Williams Cervantes, Alexander And",1
"Williams Cherry And Jenkins,",1
"Williams Cherry Lopez, And",1
"Williams Clark Andrade, And",1
"Williams Cohen Brooks, And",1
"Williams Conway, Davis And",1
"Williams Cordova Byrd, And",1
"Williams Costa And Ramirez,",1
"Williams Davidson Harrington, And",1
"Williams Davis, Bell And",1
"Williams Dillon White, And",1
"Williams Duffy, Gray And",1
"Williams Eaton Foley, And",1
"Williams Estrada Carlson, And",1
"Williams Evans Myers, And",1
"Williams Fisher, Martin And",1
"Williams Fowler, And Yates",1
"And James Smith George,",1
"Williams Guerrero Robinson, And",1
"Williams Hale And Summers,",1
"Williams Hall Camacho, And",1
"Williams Hardy, Good And",1
"Williams Herrera Paul, And",1
"Williams Hoffman Park, And",1
"Williams Hogan And Stevens,",1
"Williams Howard Salazar, And",1
"Williams Howell, And Coleman",1
"Williams Hunt, Carey And",1
"And James Watts Herman,",1
"Williams Jackson, And Simpson",1
"Williams Jimenez, And Reynolds",1
"Williams Johnson And Lee,",1
"Williams Jones And Roach,",1
"Williams Juarez And Bryant,",1
"Williams Kelly Mcbride, And",1
"Williams Kline Brown, And",1
"Williams Le, And Brown",1
"Williams Lee And Joseph,",1
"And James, Browning Mooney",1
"Williams Lozano, And Miller",1
"And James, Buck Alvarez",1
"Williams Macdonald Richard, And",1
"Williams Macias And Parker,",1
"Williams Maddox And Allen,",1
"Williams Manning, And Rhodes",1
"Williams Martin Frazier, And",1
"Williams Maynard, Reed And",1
"Williams Mcbride, Matthews And",1
"Williams Mccoy, And Smith",1
"Williams Medina, Griffin And",1
"Williams Moore Bradshaw, And",1
"Williams Morales, Rodriguez And",1
"Williams Morrow And Beck,",1
"Williams Morton, And Stanley",1
"Williams Nelson And Alexander,",1
"Williams Newman And Hill,",1
"Williams Palmer Miller, And",1
"Williams Perkins And Watkins,",1
"Williams Peterson, Contreras And",1
"And James, Edwards Thompson",1
"Williams Pratt And Whitaker,",1
"Williams Ramirez And Adkins,",1
"Williams Ramos, Wilson And",1
"Williams Ray Castillo, And",1
"Williams Reed, And Smith",1
"Williams Reeves, Thompson And",1
"Williams Reynolds And Rangel,",1
"Williams Rich And Baird,",1
"Williams Roberts, And Novak",1
"Williams Rodriguez, And Ellis",1
"Williams Scott Melton, And",1
"Williams Shannon And Gomez,",1
"Williams Simmons, Hamilton And",1
"Williams Skinner Scott, And",1
"Williams Smith And Smith,",1
"Williams Smith Perez, And",1
"Williams Smith, And Mccoy",1
"Williams Smith, Henderson And",1
"And James, Nelson King",1
"Williams Soto Velazquez, And",1
"Williams Stephens, Trujillo And",1
"Williams Stephenson Curtis, And",1
"Williams Sullivan, Fox And",1
"Williams Thomas And Hernandez,",1
"Williams Torres, Lewis And",1
"Williams Turner, And Rodriguez",1
"Williams Villegas, Fuentes And",1
"Williams Walker Dunlap, And",1
"Williams Wallace, Thompson And",1
"Williams Watson Cox, And",1
"Williams Watson, And Little",1
"Williams West Osborne, And",1
"Williams Wilson, And Cox",1
"Williams Wood And Wallace,",1
"Williams, And Carr Sweeney",1
"Williams, And Clay Jefferson",1
"Williams, And Dean Smith",1
"Williams, And Diaz Campbell",1
"Williams, And Foster Johnson",1
"Williams, And Frank Williams",1
"Williams, And Graham Montgomery",1
"Williams, And Graves Moore",1
"Williams, And Henson Nelson",1
"Williams, And Howard Meyer",1
"Williams, And Jones Acosta",1
"Williams, And Mason Jenkins",1
"Williams, And Nelson Cross",1
"Williams, And Pittman Alexander",1
"Williams, And Roman Chen",1
"Williams, And Strickland Silva",1
"Williams, And Sullivan Jenkins",1
"Williams, Anderson And Lane",1
"Williams, Anderson Chapman And",1
"Williams, Brown And Cox",1
"Williams, Cain And Rhodes",1
"Williams, Clark Horton And",1
"Williams, Clark Murray And",1
"Williams, Daugherty And Henson",1
"Williams, Floyd And Smith",1
"Williams, Gomez And Rogers",1
"Williams, Hansen And Edwards",1
"Williams, Holmes Wall And",1
"Williams, Holt Clayton And",1
"Williams, Johnson Carroll And",1
"Williams, Johnson Mills And",1
"Williams, Jones And Mccall",1
"Williams, Lewis Castillo And",1
"Williams, Lopez David And",1
"Williams, Mays And Jordan",1
"Williams, Mclaughlin Jackson And",1
"Williams, Mercado Gibson And",1
"Williams, Miller Burton And",1
"Williams, Moore Martin And",1
"Williams, Morales Lopez And",1
"Williams, Nicholson And Li",1
"Williams, Ortega And Gross",1
"Williams, Palmer And Thomas",1
"Williams, Peters Jackson And",1
"Williams, Rice Barnes And",1
"Williams, Santiago And King",1
"Williams, Simpson And Cunningham",1
"Williams, Stewart Dickerson And",1
"Williams, Torres And Bell",1
"Williams, Torres Johnson And",1
"Williams, Vargas And Salas",1
"Williams, White Bird And",1
"Williams, Wilson Reyes And",1
"Williams, Zimmerman Hernandez And",1
Williams-Anderson,1
Williams-Anthony,1
Williams-Arnold,1
Williams-Ballard,1
Williams-Barber,1
Williams-Barnes,1
Williams-Barrett,1
Williams-Baxter,1
Williams-Bell,1
Williams-Benjamin,1
Williams-Bowers,1
Williams-Boyle,1
Williams-Bradley,1
"And Jefferson Blair Hogan,",1
"And Jenkins Bradford Evans,",1
Williams-Bruce,1
Williams-Burch,1
Williams-Burton,1
Williams-Cabrera,1
Williams-Caldwell,1
Williams-Campbell,1
"And Jenkins Foster Bowers,",1
"And Jenkins Lowery Moore,",1
Williams-Carrillo,1
"And Jennings Lee, Anderson",1
Williams-Christian,1
Williams-Chung,1
Williams-Clark,1
Williams-Clements,1
Williams-Cochran,1
And Jennings Sons,1
Williams-Coleman,1
Williams-Collins,1
Williams-Combs,1
Williams-Conley,1
"And Jensen Harrison Ross,",1
"And Jensen Rogers Lee,",1
Williams-Cooper,1
Williams-Cruz,1
Williams-Daniel,1
Williams-Davenport,1
"And Jensen Torres, Kim",1
Williams-Decker,1
Williams-Deleon,1
Williams-Dunn,1
Williams-Duran,1
"And Jensen, Peterson Hunt",1
Williams-Esparza,1
Williams-Estes,1
Williams-Evans,1
Williams-Fisher,1
Williams-Flores,1
"And Jimenez Copeland Franklin,",1
Williams-Francis,1
Williams-Franklin,1
Williams-Freeman,1
Williams-Friedman,1
Williams-Fritz,1
"And Jimenez Fields, Hanson",1
Williams-Glenn,1
Williams-Gonzales,1
"And Jimenez Gardner, Harris",1
Williams-Goodman,1
Williams-Gordon,1
"And Jimenez Johnson Nelson,",1
Williams-Griffith,1
Williams-Grimes,1
Williams-Gutierrez,1
Williams-Guzman,1
Williams-Hall,1
Williams-Hardin,1
Williams-Hardy,1
"And Jimenez Johnson, Moore",1
Williams-Hart,1
Williams-Harvey,1
"And Jimenez Jones, Yang",1
Williams-Haynes,1
Williams-Henderson,1
"And Jimenez Ward, Carpenter",1
Williams-Herrera,1
Williams-Hicks,1
"And Jimenez Webster Silva,",1
Williams-Hoffman,1
Williams-Holloway,1
Williams-Holt,1
Williams-Howard,1
Williams-Howe,1
Williams-Howell,1
Williams-Huffman,1
Williams-Hunter,1
Williams-Irwin,1
Williams-Jackson,1
Williams-Jacobs,1
Williams-Jacobson,1
Williams-Jensen,1
Williams-Jimenez,1
"And Jimenez Yoder, Andrews",1
"And Jimenez, Gonzalez Campbell",1
"And Jimenez, Jenkins Patton",1
Williams-Kemp,1
Williams-Kim,1
Williams-King,1
Williams-Knight,1
Williams-Kramer,1
Williams-Krueger,1
Williams-Lambert,1
"And Johns Gardner, Brown",1
Williams-Lee,1
"And Johns Spencer, George",1
"And Johns, Reyes Esparza",1
Williams-Lloyd,1
Williams-Long,1
"And Johnson Anderson Miles,",1
Williams-Luna,1
Williams-Lynch,1
Williams-Macdonald,1
Williams-Mahoney,1
Williams-Maldonado,1
Williams-Mann,1
Williams-Manning,1
Williams-Martin,1
"And Johnson Atkinson Johnson,",1
Williams-Mason,1
Williams-Maxwell,1
Williams-Mcclain,1
"And Johnson Baker, Brandt",1
Williams-Mcdonald,1
Williams-Medina,1
Williams-Melton,1
Williams-Mercer,1
Williams-Meza,1
Williams-Mitchell,1
Williams-Montgomery,1
Williams-Morales,1
Williams-Moreno,1
Williams-Morris,1
"And Johnson Barnett, Ramsey",1
Williams-Navarro,1
Williams-Neal,1
Williams-Nguyen,1
Williams-Nichols,1
Williams-Pena,1
"And Johnson Bradley, Williams",1
"And Johnson Brown, Hernandez",1
Williams-Petersen,1
"And Johnson Bryant, King",1
Williams-Phillips,1
Williams-Pierce,1
Williams-Potter,1
Williams-Preston,1
Williams-Price,1
Williams-Quinn,1
"And Johnson Buck Silva,",1
Williams-Reed,1
"And Johnson Campbell Castro,",1
Williams-Richmond,1
Williams-Riley,1
Williams-Robertson,1
"And Johnson Cantrell Ford,",1
"And Johnson Clements Conrad,",1
"And Johnson Coleman Jackson,",1
Williams-Rogers,1
Williams-Rosales,1
Williams-Rubio,1
Williams-Russell,1
Williams-Salazar,1
Williams-Sanchez,1
Williams-Saunders,1
Williams-Shaw,1
Williams-Singh,1
"And Johnson Colon, White",1
Williams-Solis,1
Williams-Steele,1
Williams-Stevenson,1
Williams-Stone,1
Williams-Stuart,1
"And Johnson Cross, Mitchell",1
Williams-Todd,1
Williams-Travis,1
Williams-Tucker,1
Williams-Turner,1
Williams-Valdez,1
Williams-Valentine,1
Williams-Vega,1
"And Johnson Cunningham, Cooper",1
Williams-Walsh,1
Williams-Walton,1
Williams-Ward,1
Williams-Watts,1
"And Johnson Davis Thompson,",1
"And Johnson Evans, Frazier",1
"And Johnson Flores Martinez,",1
Williams-Wright,1
Williams-Young,1
Williams-Yu,1
Williams-Zamora,1
"Williamson And Hughes Franco,",1
"Williamson And Marshall, Brown",1
Williamson And Sons,1
"Williamson Brown, And Smith",1
"And Johnson Franklin, Watkins",1
"Williamson Hancock Palmer, And",1
Williamson Inc,1
Williamson Llc,1
"Williamson Lucas Sanders, And",1
"Williamson Luna Nguyen, And",1
Williamson Plc,1
"Williamson, And Clements Contreras",1
"Williamson, And Martin Zavala",1
"Williamson, And Peterson Thomas",1
"Williamson, And Thomas Chavez",1
"Williamson, Harris Harrington And",1
"Williamson, Taylor Crawford And",1
Williamson-Acosta,1
Williamson-Arnold,1
Williamson-Case,1
Williamson-Dean,1
Williamson-Dunn,1
Williamson-Gonzalez,1
Williamson-Hernandez,1
Williamson-Kelley,1
Williamson-Martin,1
Williamson-Moreno,1
Williamson-Murray,1
Williamson-Roberts,1
Williamson-Sanchez,1
Williamson-Stone,1
Williamson-Taylor,1
"Willis And Anderson, Perez",1
"Willis And Hunt Pope,",1
"Willis And Martinez Bass,",1
"Willis And Santos Bowen,",1
"Willis And Taylor, Fernandez",1
"Willis Cabrera, And Orozco",1
"Willis Davis, Nguyen And",1
"And Johnson Gomez, Silva",1
"Willis Irwin And Rogers,",1
"Willis James, Marshall And",1
"Willis Li Hill, And",1
"And Johnson Henderson, Lin",1
"And Johnson Hernandez Morgan,",1
"Willis Martin, Watkins And",1
"Willis Parks, And Wright",1
"Willis Patel Burke, And",1
"And Johnson Hobbs Owens,",1
"Willis Stewart, And Warner",1
"Willis Thomas, And Ramos",1
"Willis, And Lewis West",1
"Willis, And Mckinney Holmes",1
"Willis, And Taylor Chavez",1
"Willis, Buckley And Logan",1
"Willis, Mathis And Anderson",1
Willis-Clark,1
Willis-Crawford,1
Willis-Dixon,1
Willis-Freeman,1
Willis-French,1
Willis-Gomez,1
Willis-Griffin,1
Willis-Higgins,1
Willis-Holmes,1
Willis-Hudson,1
Willis-Hurst,1
Willis-Martinez,1
Willis-Mcgee,1
"And Johnson Howard, Gutierrez",1
Willis-Morrison,1
Willis-Murphy,1
Willis-Park,1
Willis-Todd,1
Willis-Walker,1
Willis-Williams,1
"Wilson And Brown Arnold,",1
"Wilson And Brown, Ortiz",1
"Wilson And Butler Thompson,",1
"Wilson And Copeland Smith,",1
"Wilson And Davis Koch,",1
"Wilson And Erickson, Miller",1
"Wilson And Harris Williams,",1
"Wilson And Harrison, Reed",1
"Wilson And Hood, Robinson",1
"Wilson And Ingram Myers,",1
"Wilson And Jones, Dixon",1
"Wilson And Kelley, Fitzgerald",1
"Wilson And Levine, Moore",1
"Wilson And Lopez, Molina",1
"Wilson And Lyons, Sawyer",1
"Wilson And Mcdowell Shah,",1
"Wilson And Morales Mccormick,",1
"Wilson And Smith, Perry",1
"Wilson And Smith, Williams",1
"And Johnson Jackson Mathews,",1
"Wilson And Stafford, Poole",1
"Wilson And Thomas, Anderson",1
"Wilson And Williams Kane,",1
"Wilson And Wilson, Wallace",1
"Wilson And Wong, Clark",1
"Wilson And Young, Velazquez",1
"Wilson Archer, And Jones",1
"Wilson Bennett And Vargas,",1
"Wilson Bradford Smith, And",1
"Wilson Cardenas And Reynolds,",1
"Wilson Carter And Ramirez,",1
"Wilson Cole, And Ellis",1
"Wilson Davis, And Cole",1
"Wilson Davis, Fisher And",1
"And Johnson James, Walters",1
"Wilson Hill And Ellison,",1
"And Johnson Johnson Evans,",1
"Wilson Jones, Lewis And",1
"Wilson Knight And Mitchell,",1
"Wilson Le Baker, And",1
"And Johnson Johnson Todd,",1
"And Johnson Key Small,",1
"Wilson Lynch, Castro And",1
"Wilson Manning, And Flores",1
"Wilson Mitchell Rodriguez, And",1
"Wilson Olsen, Reeves And",1
"Wilson Pineda, Gilbert And",1
"And Johnson Leonard, Smith",1
"Wilson Price Brooks, And",1
"Wilson Ramirez Conrad, And",1
"Wilson Randall Cunningham, And",1
"Wilson Smith, And Cooley",1
"And Johnson Lopez, Welch",1
"Wilson Thornton, Olson And",1
"Wilson Vincent Carney, And",1
"Wilson Wallace, Romero And",1
"Wilson Whitney Henderson, And",1
"Wilson Young, Ballard And",1
"Wilson, Alexander Wolf And",1
"Wilson, And Anthony Foley",1
"Wilson, And Boyd Hoover",1
"Wilson, And Bryan Santiago",1
"Wilson, And Davis Wolfe",1
"Wilson, And Delgado Nelson",1
"Wilson, And Gross Sherman",1
"Wilson, And Jones Barry",1
"Wilson, And Little Sanders",1
"Wilson, And Ruiz Murphy",1
"Wilson, And Smith Cox",1
"Wilson, And Swanson Gomez",1
"Wilson, And Wilson Nash",1
"Wilson, Bowers And Gardner",1
"Wilson, Brennan And Moore",1
"Wilson, Gomez Powell And",1
"Wilson, Johnson Hill And",1
"Wilson, Johnson Wagner And",1
"Wilson, Johnston And Buchanan",1
"Wilson, Khan Rivas And",1
"Wilson, Lawson Flynn And",1
"Wilson, Leonard Yang And",1
"Wilson, Newman Silva And",1
"Wilson, Payne And Rowe",1
"Wilson, Reeves Brown And",1
"Wilson, Sheppard Smith And",1
"Wilson, Smith And Marshall",1
"Wilson, Thomas Smith And",1
"Wilson, Ward Taylor And",1
"Wilson, Warren And Smith",1
"Wilson, Watson And Freeman",1
Wilson-Adams,1
Wilson-Atkinson,1
Wilson-Baker,1
Wilson-Bates,1
"And Johnson Moore, Branch",1
Wilson-Berry,1
Wilson-Brooks,1
Wilson-Brown,1
Wilson-Bryant,1
Wilson-Burton,1
Wilson-Butler,1
Wilson-Castro,1
Wilson-Chen,1
Wilson-Chung,1
Wilson-Cisneros,1
Wilson-Clark,1
Wilson-Cohen,1
Wilson-Cook,1
Wilson-Cruz,1
Wilson-Duncan,1
Wilson-Estrada,1
Wilson-Farley,1
Wilson-Ferguson,1
Wilson-Fletcher,1
Wilson-Foley,1
Wilson-Ford,1
Wilson-Francis,1
Wilson-George,1
Wilson-Gibson,1
"And Johnson Morales, Smith",1
"And Johnson Murray, King",1
Wilson-Green,1
Wilson-Griffin,1
Wilson-Guerrero,1
Wilson-Guzman,1
Wilson-Hall,1
Wilson-Hanson,1
Wilson-Harmon,1
Wilson-Hayden,1
Wilson-Haynes,1
Wilson-Henderson,1
Wilson-Hendricks,1
Wilson-Hensley,1
Wilson-Hernandez,1
Wilson-Hoffman,1
Wilson-Holland,1
Wilson-Holmes,1
Wilson-Holt,1
Wilson-Joseph,1
Wilson-Kim,1
Wilson-King,1
Wilson-Lewis,1
Wilson-Lopez,1
Wilson-Maxwell,1
Wilson-May,1
Wilson-Mccarthy,1
Wilson-Mcconnell,1
Wilson-Mccoy,1
Wilson-Mcdaniel,1
Wilson-Melendez,1
"And Johnson Nelson Berg,",1
Wilson-Moore,1
Wilson-Morgan,1
"And Johnson Owens, Peterson",1
Wilson-Nichols,1
Wilson-Norman,1
Wilson-Oliver,1
Wilson-Ortiz,1
Wilson-Paul,1
Wilson-Pearson,1
Wilson-Perez,1
Wilson-Perry,1
Wilson-Pratt,1
Wilson-Ray,1
Wilson-Rhodes,1
Wilson-Rice,1
"And Johnson Palmer Baker,",1
Wilson-Robbins,1
Wilson-Roberts,1
Wilson-Ross,1
Wilson-Roth,1
Wilson-Schaefer,1
Wilson-Shaw,1
Wilson-Sherman,1
Wilson-Sims,1
"And Johnson Perez, Hernandez",1
Wilson-Spence,1
Wilson-Spencer,1
"And Johnson Poole Roberson,",1
"And Johnson Porter, Sims",1
"And Johnson Proctor, Medina",1
Wilson-Townsend,1
Wilson-Turner,1
Wilson-Valdez,1
Wilson-Walker,1
Wilson-Ward,1
Wilson-Watts,1
Wilson-Weiss,1
"And Johnson Ramirez Poole,",1
"And Johnson Reed Price,",1
Wilson-Willis,1
"And Johnson Rodriguez, Nelson",1
Wilson-Yang,1
Wilson-Young,1
"Winters And Patterson Banks,",1
"And Johnson Rogers Garcia,",1
Winters Inc,1
"Winters Jones, Bowers And",1
"Winters King, And Manning",1
"Winters Martin, And Neal",1
"Winters Mcfarland, Jimenez And",1
Winters Sons And,1
"Winters, And Cox Black",1
"Winters, Blackburn Chandler And",1
Winters-Carter,1
Winters-Cochran,1
Winters-Middleton,1
Winters-Powers,1
Winters-Riley,1
Winters-Simon,1
Winters-Stevens,1
"Wise And Nelson Atkins,",1
"Wise And Todd, Parker",1
"Wise And Wilson Hunt,",1
"Wise Frazier, Taylor And",1
"And Johnson Sandoval, Scott",1
"And Johnson Smith, Adams",1
"Wise Kelly, And Spence",1
Wise Llc,1
"And Johnson Spencer, Castillo",1
"Wise Mccoy And Ward,",1
"Wise Pitts Smith, And",1
"Wise Rodriguez Mendoza, And",1
"Wise Scott, Ramirez And",1
"Wise Valenzuela And Kent,",1
"Wise, And Gomez Duffy",1
"Wise, And Hale Johnson",1
"Wise, Black Watson And",1
Wise-Bright,1
Wise-Ferguson,1
Wise-Gray,1
Wise-Martinez,1
Wise-Rojas,1
Wise-Russell,1
Wise-Smith,1
Wise-Welch,1
"Wolf And Ballard, Burton",1
"Wolf And Lopez, Lam",1
Wolf And Sons,1
"Wolf Carter, And Clark",1
"Wolf Fowler Mcguire, And",1
Wolf Group,1
"Wolf Lewis, And Griffin",1
"Wolf Lopez Harrison, And",1
"And Johnson Turner Allen,",1
"And Johnson Walker Bruce,",1
Wolf Sons And,1
"Wolf, And Richard Valencia",1
"Wolf, Glass Stephens And",1
"Wolf, Ramirez Campbell And",1
"Wolf, Roberts Olson And",1
Wolf-Benson,1
Wolf-Estes,1
Wolf-Hernandez,1
Wolf-Hurst,1
Wolf-Romero,1
Wolf-Smith,1
"Wolfe And Ingram, Cole",1
"And Johnson Waller, Stevens",1
"Wolfe Johnson, And Alvarez",1
Wolfe Llc,1
Wolfe Plc,1
Wolfe Sons And,1
"Wolfe, And Black Austin",1
"Wolfe, And Mason Campbell",1
"Wolfe, Becker And Jones",1
"Wolfe, Mathis Smith And",1
"Wolfe, Page Hunt And",1
Wolfe-Atkins,1
Wolfe-Dillon,1
Wolfe-Fritz,1
Wolfe-Gomez,1
Wolfe-Gonzales,1
Wolfe-Goodman,1
Wolfe-Livingston,1
Wolfe-Martinez,1
Wolfe-Norris,1
Wolfe-Petersen,1
Wolfe-Richardson,1
Wolfe-Rowe,1
Wolfe-Serrano,1
Wolfe-Taylor,1
Wolfe-White,1
"Wong And Fleming Green,",1
Wong And Sons,1
"Wong Arnold, And Chapman",1
"Wong Carroll And Blair,",1
"Wong Clark, And Moran",1
Wong Group,1
"Wong Henderson And Davis,",1
Wong Inc,1
"And Johnson Weber, Fisher",1
Wong Ltd,1
"Wong Richardson, And Thompson",1
"Wong, And Mcdonald Alvarado",1
"Wong, And Richardson Buck",1
"Wong, And Trujillo Griffin",1
"Wong, Lopez And Parsons",1
"Wong, Neal Miller And",1
Wong-Booth,1
Wong-Carpenter,1
Wong-Davis,1
Wong-Dunn,1
Wong-Edwards,1
Wong-Freeman,1
Wong-Gonzalez,1
Wong-Hernandez,1
Wong-Ho,1
Wong-King,1
Wong-Liu,1
Wong-Reyes,1
Wong-Robinson,1
Wong-Serrano,1
Wong-Stephens,1
Wong-Stewart,1
Wong-Sullivan,1
Wong-Sutton,1
Wong-Woods,1
Wong-York,1
"Wood And Barnett Smith,",1
"Wood And Cummings Blankenship,",1
"Wood And Duran Holt,",1
"Wood And Murphy Jones,",1
Wood And Sons,1
"Wood And Stewart, Duncan",1
"Wood And Walter Hall,",1
"Wood And Welch Warren,",1
"Wood And Young Vega,",1
"Wood Black, And Kelley",1
"Wood Boyd Bowman, And",1
"Wood Burton Lawson, And",1
"Wood Byrd, Copeland And",1
"Wood Carr Adams, And",1
"Wood Carter Bryant, And",1
"Wood Dean, And Miller",1
"Wood Gomez And Davidson,",1
"And Johnson Welch, Jackson",1
"Wood Harris, And Wagner",1
"Wood Holder, Robbins And",1
"And Johnson Wright Carter,",1
"Wood Jones, Alvarado And",1
"Wood Jones, Espinoza And",1
"And Johnson, Anderson Garcia",1
"And Johnson, Bird Clark",1
"Wood Phillips, Davis And",1
"And Johnson, Browning Kaufman",1
"Wood Rodriguez And Melendez,",1
"Wood Ryan, And Mckinney",1
"Wood Simpson Burton, And",1
"Wood Smith, And Jenkins",1
"Wood Vazquez, And Herrera",1
"Wood Wells And Hartman,",1
"Wood, And Barber Morgan",1
"Wood, Garcia Ramirez And",1
"Wood, Hughes Wong And",1
"Wood, Lynch Smith And",1
Wood-Alexander,1
Wood-Ayala,1
Wood-Bates,1
Wood-Brown,1
Wood-Daniels,1
Wood-Freeman,1
Wood-Gonzalez,1
Wood-Graham,1
Wood-Hall,1
Wood-Harper,1
Wood-Herring,1
Wood-Hoffman,1
Wood-Jackson,1
Wood-Johnson,1
Wood-King,1
"And Johnson, Carter Johnston",1
Wood-Lopez,1
Wood-Malone,1
"And Johnson, Chen Johnson",1
Wood-Massey,1
Wood-Mathews,1
Wood-Mcclain,1
Wood-Mccullough,1
Wood-Moore,1
Wood-Morris,1
Wood-Noble,1
Wood-Powell,1
"And Johnson, Cox Lozano",1
Wood-Riddle,1
Wood-Roach,1
Wood-Sanchez,1
Wood-Sandoval,1
Wood-Schultz,1
"And Johnson, Davis Middleton",1
Wood-Sullivan,1
Wood-Thomas,1
Wood-Tucker,1
Wood-Walker,1
Wood-Ward,1
Wood-Wells,1
Wood-Williams,1
Wood-Wright,1
"Woodard And Ellis Casey,",1
Woodard Llc,1
Woodard Plc,1
"Woodard, And Martin Baker",1
"Woodard, And Reese Griffin",1
"Woodard, And Reyes Burton",1
"Woodard, Todd And Hoffman",1
Woodard-Anderson,1
Woodard-Baird,1
Woodard-Fernandez,1
Woodard-Griffin,1
Woodard-Ramirez,1
Woodard-Spencer,1
"Woods And Adkins Gutierrez,",1
"Woods And Barnes, Wilson",1
"Woods And Crosby Stone,",1
"Woods And Myers, Smith",1
"Woods And Price Bauer,",1
Woods And Sons,1
"Woods Diaz, Wilson And",1
"Woods Edwards And Ortiz,",1
"Woods Gordon Nicholson, And",1
"And Johnson, Deleon Rogers",1
Woods Inc,1
"Woods Lewis Dennis, And",1
Woods Llc,1
"And Johnson, Hernandez Walsh",1
"And Johnson, Hernandez Yang",1
"Woods Reed, And Lewis",1
"Woods Shaw, Arnold And",1
"Woods Short, And Mcclure",1
"Woods Smith Daniel, And",1
Woods Sons And,1
"Woods White Joseph, And",1
"Woods, And Duncan Shelton",1
"Woods, And Hawkins Gardner",1
"Woods, And Le Brown",1
"Woods, Shelton And Vasquez",1
Woods-Anderson,1
Woods-Campbell,1
Woods-Crawford,1
Woods-Davidson,1
Woods-Davis,1
Woods-Friedman,1
Woods-Gallegos,1
Woods-Garcia,1
Woods-Gibson,1
Woods-Green,1
Woods-Hines,1
Woods-Johnson,1
Woods-Macdonald,1
Woods-Nelson,1
Woods-Peters,1
Woods-Pope,1
Woods-Scott,1
Woods-Singh,1
Woods-Smith,1
Woods-Walter,1
Woods-Wilson,1
"Woodward And Baker, Lee",1
"Woodward Dominguez Tate, And",1
Woodward Llc,1
Woodward Ltd,1
"And Johnson, Jackson Clements",1
"Woodward, And Burns Erickson",1
"Woodward, White And Fischer",1
"Woodward, White And Hoffman",1
Woodward-Bautista,1
Woodward-Patterson,1
Woodward-Pennington,1
"Wright And Garcia Schmidt,",1
"Wright And Gonzales, Mercado",1
"Wright And Greene, Arnold",1
"Wright And Hall, Wiley",1
"Wright And Hart Brown,",1
"Wright And Le Marshall,",1
"Wright And Mccoy, Olson",1
"Wright And Meyer Greene,",1
"Wright And Sharp Franklin,",1
"Wright And White Drake,",1
"Wright Avila Johnson, And",1
"Wright Chase West, And",1
"Wright Dickerson, Campbell And",1
"Wright Dickson And Smith,",1
"Wright Fox, And Hartman",1
"Wright Gonzalez, And Griffin",1
"And Johnson, Johnson Reynolds",1
"Wright Hall, And Nelson",1
"Wright Hernandez And Wilson,",1
"Wright Huber Middleton, And",1
"And Johnson, Johnson Wagner",1
"Wright Jones, And Ray",1
"Wright Kelley, And Long",1
"Wright Kennedy And Fry,",1
"And Johnson, Mccoy Robertson",1
"Wright Lopez And Jones,",1
"And Johnson, Mcdowell Hoffman",1
"Wright Mccarty, Gonzalez And",1
"Wright Meza, And Hawkins",1
"Wright Miller Gonzalez, And",1
"Wright Miller, Sanchez And",1
"Wright Morris, And Graves",1
"Wright Nelson And Scott,",1
"Wright Patterson And Brown,",1
"And Johnson, Munoz Anderson",1
"Wright Rios, Ellis And",1
"Wright Shannon Gray, And",1
"Wright Shaw And Nielsen,",1
"Wright Smith And Rodriguez,",1
"And Johnson, Newton Jensen",1
"Wright Steele, And Benjamin",1
"Wright Torres, Murray And",1
"Wright Vazquez, And Pitts",1
"Wright Weber, Gordon And",1
"Wright Weber, Harrison And",1
"Wright Welch Brooks, And",1
"Wright Woodard, Jones And",1
"Wright Wright Peterson, And",1
"Wright, And Arnold Morrow",1
"Wright, And Chavez Peterson",1
"Wright, And Riddle Jenkins",1
"Wright, Friedman And Franklin",1
"Wright, Gill And Warner",1
"Wright, Holmes And Mason",1
"Wright, Hopkins Cunningham And",1
"Wright, Perry Solomon And",1
"Wright, Pollard Kennedy And",1
"Wright, Rivera Cervantes And",1
"Wright, Ward And Williams",1
"Wright, Williams Harrison And",1
"Wright, Wright And Gardner",1
Wright-Alexander,1
Wright-Arias,1
Wright-Barajas,1
Wright-Beard,1
Wright-Bernard,1
Wright-Bowman,1
Wright-Brown,1
Wright-Burns,1
Wright-Carlson,1
Wright-Carpenter,1
Wright-Carr,1
Wright-Carrillo,1
Wright-Carroll,1
Wright-Carter,1
Wright-Chan,1
Wright-Chapman,1
Wright-Cordova,1
Wright-Daniels,1
Wright-Dougherty,1
Wright-Elliott,1
Wright-Ellis,1
Wright-Estrada,1
Wright-Franco,1
Wright-Frederick,1
Wright-Haley,1
Wright-Harrell,1
Wright-Harris,1
Wright-Henderson,1
Wright-Hess,1
Wright-Holmes,1
Wright-Ingram,1
"And Johnson, Nichols Moreno",1
"And Johnson, Ortiz Gonzalez",1
Wright-Jones,1
Wright-Kelly,1
Wright-King,1
Wright-Long,1
Wright-Lutz,1
Wright-Marshall,1
Wright-Montgomery,1
Wright-Moore,1
Wright-Myers,1
"And Johnson, Patterson Day",1
Wright-Oconnor,1
Wright-Orr,1
Wright-Pearson,1
Wright-Perez,1
Wright-Pratt,1
Wright-Reilly,1
Wright-Santiago,1
Wright-Schmidt,1
Wright-Simpson,1
Wright-Smith,1
Wright-Stafford,1
Wright-Stanley,1
Wright-Trevino,1
Wright-Wagner,1
Wright-Walker,1
Wright-White,1
"Wu And Forbes Blake,",1
"Wu And Mccormick Nichols,",1
Wu And Sons,1
Wu Ltd,1
"Wu Vega, And Flores",1
"Wu, And Garcia Edwards",1
"Wu, Anthony And Baker",1
"Wu, Carey Sexton And",1
"Wu, Lee Rivera And",1
Wu-Beltran,1
Wu-Cole,1
Wu-Morton,1
Wu-Pham,1
Wu-Rodriguez,1
Wu-Stark,1
Wu-Willis,1
Wu-Winters,1
"Wyatt And Kramer Porter,",1
"Wyatt And Miles Davis,",1
"Wyatt And Sullivan Oliver,",1
"Wyatt Gomez And Herman,",1
Wyatt Group,1
Wyatt Llc,1
"Wyatt Murphy, And Gonzales",1
"And Johnson, Raymond Robinson",1
"Wyatt Stewart, Norton And",1
"Wyatt, And Phillips Weaver",1
"Wyatt, Koch And Moore",1
"Wyatt, Williams Hancock And",1
Wyatt-Alexander,1
Wyatt-Burgess,1
Wyatt-Guzman,1
Wyatt-Miller,1
Wyatt-Padilla,1
Wyatt-Palmer,1
Wyatt-Roberts,1
Wyatt-Sanders,1
Wyatt-Tate,1
Wyatt-Villanueva,1
"Yang Allison, And Peterson",1
"Yang And Macdonald, Hill",1
"Yang Martinez Harris, And",1
"Yang Nelson And Santos,",1
"Yang Williams Hanson, And",1
"Yang, And Clark Bryant",1
"Yang, Bradley Reeves And",1
"Yang, White Frazier And",1
"Yang, Williams And Frost",1
Yang-Allen,1
Yang-Beltran,1
Yang-Bush,1
Yang-Hunt,1
Yang-Lopez,1
Yang-Montgomery,1
Yang-Shaw,1
Yang-Willis,1
"Yates And Dixon Rogers,",1
"Yates Cunningham Evans, And",1
Yates Llc,1
"And Johnson, Rowland Lopez",1
Yates Plc,1
"Yates, And Sanchez Martinez",1
"Yates, Romero Bush And",1
Yates-Reynolds,1
Yates-Rivera,1
Yates-Simpson,1
Yates-Wiggins,1
"Yoder And Peterson, Williams",1
Yoder Plc,1
"Yoder Washington And Williams,",1
Yoder-Adams,1
Yoder-Atkinson,1
Yoder-Carlson,1
Yoder-Mays,1
Yoder-Warner,1
Yoder-White,1
"York And Bryant, Smith",1
"York Brown And Mendoza,",1
York Group,1
"York Hill And Martinez,",1
"York Kelly Contreras, And",1
"York Miller, And Kelley",1
"And Johnson, Silva Flowers",1
"York Sheppard, And Bruce",1
"York Smith Lane, And",1
"York Sullivan And Smith,",1
"York Turner, Harrison And",1
"York, And Barker Thomas",1
"York, Johnson And Goodwin",1
York-Rosales,1
"Young And Alexander Snyder,",1
"Young And Barrera, English",1
"Young And Bradford Graves,",1
"Young And Clark Dickson,",1
"Young And Conway, Ross",1
"Young And Cooke, Tucker",1
"Young And Douglas, Preston",1
"Young And Hanson Long,",1
"Young And Hatfield, Massey",1
"Young And Hernandez, Huber",1
"Young And Hinton, Wiley",1
"Young And Peterson, Morgan",1
"Young And Reyes Collins,",1
"Young And Robinson Wilson,",1
"Young And Smith Pitts,",1
"And Johnson, Thomas Summers",1
"Young Baker, Frank And",1
"Young Brown And Horne,",1
"Young Downs, Russell And",1
"Young Grant Kramer, And",1
"Young Gray And Walker,",1
"And Johnson, Weber Olson",1
"Young Hernandez, Mata And",1
"And Johnson, Williams Ryan",1
"Young Kim Patel, And",1
"And Johnson, Wood Massey",1
"And Johnson, Young Davila",1
"Young Luna And Cochran,",1
"Young Martin, Taylor And",1
"Young May And Villegas,",1
"Young Mcclain, Newman And",1
"Young Meyer Griffith, And",1
"And Johnston Chan, Miles",1
Young Sons And,1
"Young Waters, Solis And",1
"Young Wilkerson Flores, And",1
"Young Williams And Bell,",1
"Young Wright Davis, And",1
"Young, And Krueger Mckinney",1
"Young, And Miranda White",1
"Young, Baker And Caldwell",1
"Young, Blackwell Allen And",1
"Young, Clark And Gregory",1
"Young, Collier And Meyer",1
"Young, Cox Hernandez And",1
"Young, Cruz And Crawford",1
"Young, Davis And Farrell",1
"Young, Duncan Ortiz And",1
"Young, Escobar Nolan And",1
"Young, Hicks Chapman And",1
"Young, Holloway And Hopkins",1
"Young, Perry And Lane",1
"Young, Preston And Thomas",1
"Young, Sharp And Holmes",1
"Young, Thornton Baird And",1
"Young, Townsend And Maddox",1
"Young, Wilson And Harper",1
"Young, Wolfe Harris And",1
Young-Alvarez,1
Young-Anderson,1
Young-Black,1
"And Johnston Gill Mathis,",1
Young-Byrd,1
Young-Campbell,1
Young-Carpenter,1
"And Johnston Richardson Hodge,",1
Young-Clark,1
Young-Davis,1
Young-Decker,1
Young-Evans,1
Young-Franklin,1
Young-Gonzalez,1
Young-Hammond,1
Young-Hart,1
And Johnston Sons,1
Young-Humphrey,1
Young-Hunter,1
"And Jones Allen, Gallagher",1
Young-Juarez,1
Young-Kim,1
"And Jones Bishop James,",1
"And Jones Carroll Salazar,",1
Young-Logan,1
Young-Lynch,1
Young-Mccarthy,1
Young-Mcclure,1
Young-Mcneil,1
Young-Mercer,1
"And Jones Coleman Lewis,",1
"And Jones Coleman, Willis",1
Young-Myers,1
Young-Nelson,1
Young-Obrien,1
Young-Odom,1
Young-Pacheco,1
Young-Patrick,1
Young-Pennington,1
Young-Perez,1
Young-Potter,1
Young-Raymond,1
Young-Reynolds,1
Young-Santiago,1
Young-Schmidt,1
"And Jones Cox Palmer,",1
"And Jones Cruz, Patton",1
Young-Thornton,1
Young-Villegas,1
"And Jones Davidson, Roberts",1
Young-Washington,1
Young-Webb,1
"And Jones Davis Newton,",1
"And Jones Graham Short,",1
Young-Wilson,1
Young-Yates,1
"Yu And Mckenzie Lucas,",1
Yu Group,1
"Yu Hughes, Jackson And",1
Yu Inc,1
Yu Plc,1
"Yu, And Smith Moore",1
"Yu, And Williams Bradshaw",1
"Yu, Frazier Smith And",1
Yu-Bryant,1
Yu-Davis,1
Yu-Harrington,1
Yu-Jones,1
"Zamora Aguirre, And Cunningham",1
Zamora And Sons,1
"Zamora Kane Hanson, And",1
"Zamora Pierce And Baker,",1
"And Jones Graves Zhang,",1
"Zamora Robinson And Evans,",1
"Zamora Shields, Decker And",1
"Zamora Smith And Mcmillan,",1
"Zamora, Glass Brooks And",1
"Zamora, Gonzalez Mcclure And",1
Zamora-Garcia,1
Zamora-Kane,1
Zamora-Mahoney,1
Zamora-Rivers,1
Zamora-Wallace,1
"Zavala And Armstrong Burns,",1
"Zavala Garrett Griffith, And",1
Zavala Plc,1
"Zavala, Flynn Morris And",1
"Zavala, Kerr Diaz And",1
Zavala-Baxter,1
Zavala-Fernandez,1
Zavala-Gray,1
Zavala-Rodriguez,1
Zavala-Sanchez,1
"Zhang Burns, Johnson And",1
"Zhang Francis And Arnold,",1
"And Jones Gross, Bird",1
"Zhang Long Eaton, And",1
"Zhang, And Mcneil Williams",1
"Zhang, Wilson Beck And",1
Zhang-Cole,1
Zhang-James,1
Zhang-Sullivan,1
Zhang-Trevino,1
Zhang-Wade,1
Zhang-Watson,1
"Zimmerman And Garcia Fisher,",1
Zimmerman-Schneider,1
"Zimmerman And Vasquez Smith,",1
"Zimmerman Bishop And Bush,",1
"Zimmerman Bright And Powers,",1
"Zimmerman Collins, And Smith",1
"And Jones Guerrero, Tate",1
Zimmerman Llc,1
"And Jones Hancock, Sanchez",1
"And Jones Jones Conley,",1
"Zimmerman Russell, And Wright",1
Zimmerman-Carson,1
Zimmerman-Castro,1
Zimmerman-Gonzalez,1
Zimmerman-Hall,1
Zimmerman-Hays,1
"Abbott And Thompson, Sullivan",1
Zuniga-White,1
Zimmerman-Taylor,1
Zimmerman-Wilkerson,1
"Zuniga Gray, And Acosta",1
Zuniga Group,1
"Zuniga Johnston Wilson, And",1
Zuniga Llc,1
"Zuniga Pham, Morse And",1
"Zuniga Rogers And Jones,",1
"Zuniga Williams, And Gordon",1
"Zuniga, Berry Wilson And",1
Zuniga-Lopez,1
Zuniga-Mann,1
Zuniga-Marquez,1
Zuniga-Mcneil,1
Abbott Ltd,1
